run,it,env,accepted,m,I_zz,mu,cost,res_ncp,res_tol,res_pass,gate,last_cand_res,m_true,I_zz_true,mu_true,rel_m,rel_I,rel_mu,theta_sha256
series_std_f32_p0,0,0,1,9.617523541318395,0.004897356657898644,0.27165973635634816,5190.848072888452,0.03371318917476311,1e-05,0,cost,0.03355449126830824,7.66193324607077,0.12488383317490416,0.43349673090252455,0.2552345775461434,0.9607847026040615,0.37332921567652333,534b8dd4cd1f7a8a961a81e3c2bc0dae15de144478c91975a44d373f1f0d775e
series_std_f32_p0,0,1,1,10.281287855897014,0.009230965598474222,0.31797958913079566,2782.4083131073776,1.3505614648301467e-06,1e-05,1,cost,1.3468819377027152e-06,7.107985503602176,0.11549221983094739,0.5423598261986978,0.4464418717070647,0.9200728359712358,0.41371102030278084,534b8dd4cd1f7a8a961a81e3c2bc0dae15de144478c91975a44d373f1f0d775e
series_std_f32_p0,0,2,1,2.4904854412771877,0.07913316995243352,0.4041793762695261,1664.6373939258576,1.9437589218740392e-08,1e-05,1,cost,1.7296824333934424e-08,2.4331970156836236,0.034169598356260614,0.43532943072441654,0.023544507585822678,1.3158940625339428,0.0715551310258411,534b8dd4cd1f7a8a961a81e3c2bc0dae15de144478c91975a44d373f1f0d775e
series_std_f32_p0,0,3,1,4.2410879943826725,0.11614675446269643,0.2893692589188411,1503.4859539116624,2.234571765125093e-08,1e-05,1,cost,2.1714868791988806e-08,3.7467846984055893,0.05336747045507642,0.309522998672487,0.13192732856719244,1.1763586220648445,0.06511225285385347,534b8dd4cd1f7a8a961a81e3c2bc0dae15de144478c91975a44d373f1f0d775e
series_std_f32_p0,0,4,1,3.050226562284628,0.16491541055890285,0.34324054559490735,1560.549331543374,2.52177134660303e-08,1e-05,1,cost,1.8331957542250255e-08,2.5205070814098667,0.03852175628215398,0.4129453129711349,0.21016385344906802,3.2810979164857916,0.16879902782938222,534b8dd4cd1f7a8a961a81e3c2bc0dae15de144478c91975a44d373f1f0d775e
series_std_f32_p0,0,5,1,3.817783948441775,0.017153628839448883,0.34130232922826037,1617.640457332216,1.6364852251093964e-08,1e-05,1,cost,1.693270702818328e-08,4.099439817456933,0.050781524716599497,0.3158350441039742,0.06870594070335241,0.6622072902462164,0.08063476678636777,534b8dd4cd1f7a8a961a81e3c2bc0dae15de144478c91975a44d373f1f0d775e
series_std_f32_p0,0,6,1,4.048391161042854,0.11918463362311037,0.24632293133585084,1612.6424140826687,2.3022235631775523e-08,1e-05,1,cost,1.5829401359135353e-08,3.6780588679031005,0.04318808870759348,0.25698606285261066,0.10068688578409947,1.7596644628118239,0.04149303428519177,534b8dd4cd1f7a8a961a81e3c2bc0dae15de144478c91975a44d373f1f0d775e
series_std_f32_p0,0,7,1,2.337097257691983,0.26482105300610864,0.48526512877893924,1699.9315925037183,3.309178311927674e-08,1e-05,1,cost,1.985088288192216e-08,2.2748718879631347,0.03589734399470002,0.5904684822246389,0.02735335121863204,6.37717679183194,0.17816929542003207,534b8dd4cd1f7a8a961a81e3c2bc0dae15de144478c91975a44d373f1f0d775e
series_std_f32_p0,0,8,1,3.9704383606856988,0.017423004160006438,0.3035380222403057,1586.7302011463744,2.55776238383687e-08,1e-05,1,cost,2.1622916429597794e-08,3.7427791582228913,0.052888921934059634,0.3046354389473463,0.0608262451079006,0.6705736565829621,0.0036023934406078403,534b8dd4cd1f7a8a961a81e3c2bc0dae15de144478c91975a44d373f1f0d775e
series_std_f32_p0,0,9,1,4.02392969202859,0.017978344805421882,0.506868064475461,1553.7384615365256,3.412197091545721e-08,1e-05,1,cost,3.8344439373672046e-08,4.364955469123513,0.057929897248945726,0.4851151432907607,0.07812812284277464,0.6896534318339556,0.04484073829800508,534b8dd4cd1f7a8a961a81e3c2bc0dae15de144478c91975a44d373f1f0d775e
series_std_f32_p0,0,10,1,2.817177105926606,0.0813484428027681,0.42145626126207536,1605.4553124727313,1.707717503518502e-08,1e-05,1,cost,2.360187076333453e-08,2.929401115705847,0.046731200462293905,0.42512215510687656,0.038309540191528255,0.7407736586695621,0.008623154076455017,534b8dd4cd1f7a8a961a81e3c2bc0dae15de144478c91975a44d373f1f0d775e
series_std_f32_p0,0,11,1,2.1151532474868366,0.13070844249915628,0.3989913269166928,1504.349910247327,2.9690472615195862e-08,1e-05,1,cost,2.0853313513480298e-08,2.1409405384403595,0.03492888069643343,0.4318337315367098,0.012044842203935499,2.742130864001687,0.07605335623770065,534b8dd4cd1f7a8a961a81e3c2bc0dae15de144478c91975a44d373f1f0d775e
series_std_f32_p0,0,12,1,4.3123585944878755,0.1502516995732403,0.2543427720963199,1610.190075182037,2.356986830015506e-08,1e-05,1,cost,2.2208024051673103e-08,3.475443148520294,0.045625172275191035,0.3009554993155038,0.24080826824167928,2.2931755011682573,0.15488245712472565,534b8dd4cd1f7a8a961a81e3c2bc0dae15de144478c91975a44d373f1f0d775e
series_std_f32_p0,0,13,1,4.588291999727984,0.1042749783564253,0.4176334381943784,1580.347613837474,5.335244987469956e-08,1e-05,1,cost,3.3132093263388285e-08,4.383492317785077,0.0620392302928347,0.4316979388115358,0.04672066633081033,0.6807909747466462,0.03257949448606802,534b8dd4cd1f7a8a961a81e3c2bc0dae15de144478c91975a44d373f1f0d775e
series_std_f32_p0,0,14,1,5.025685541784467,0.27879521291033105,0.5324755971689994,1683.0174411002758,2.82143500784926e-08,1e-05,1,cost,3.478719182159473e-08,4.535533312461739,0.08338125294791263,0.5857839200417314,0.10806937035959933,2.343619855226827,0.09100339058288646,534b8dd4cd1f7a8a961a81e3c2bc0dae15de144478c91975a44d373f1f0d775e
series_std_f32_p0,0,15,1,11.15933023732487,0.031179015774295257,0.2742403380044758,4041.755747290389,1.5297716066120515e-08,1e-05,1,cost,1.4284986082913065e-08,7.585962161890749,0.1114323971417409,0.54394349399187,0.4710500789715886,0.7201979265093269,0.49582936273050693,534b8dd4cd1f7a8a961a81e3c2bc0dae15de144478c91975a44d373f1f0d775e
series_std_f32_p0,0,16,0,5.0,0.07895028105776501,0.4,3657.764848038877,1.8862227002536258e-08,1e-05,1,cost,0.018301156811481662,5.998593002273881,0.09471812069613306,0.4953306142413841,0.16647120448000813,0.16647120448000802,0.1924585549540203,534b8dd4cd1f7a8a961a81e3c2bc0dae15de144478c91975a44d373f1f0d775e
series_std_f32_p0,0,17,0,5.0,0.08404978108925076,0.4,4701.925059081783,2.4478600979538356e-08,1e-05,1,cost,0.021264849369718963,5.398943265384813,0.09075599991377564,0.57682677328866,0.07389284268694346,0.07389284268694347,0.3065509117763697,534b8dd4cd1f7a8a961a81e3c2bc0dae15de144478c91975a44d373f1f0d775e
series_std_f32_p0,0,18,1,3.9503690815707966,0.20616449540848336,0.4489376017178367,1570.4049638656977,4.160251870777287e-08,1e-05,1,cost,2.3029836052068653e-08,3.6592076967429334,0.0606610821392251,0.49343191961710314,0.07956951585093854,2.398628711161283,0.09017316499060998,534b8dd4cd1f7a8a961a81e3c2bc0dae15de144478c91975a44d373f1f0d775e
series_std_f32_p0,0,19,1,2.796953563955043,0.22821812337321767,0.3319278083277304,1641.96431944511,1.955903206063425e-08,1e-05,1,cost,1.4465104357375136e-08,2.1590212139213847,0.03237531783345167,0.4086344011008533,0.2954729420536796,6.0491392408019,0.1877144767216779,534b8dd4cd1f7a8a961a81e3c2bc0dae15de144478c91975a44d373f1f0d775e
series_std_f32_p0,0,20,1,3.856792091598293,0.29468553675289616,0.23349249045341278,1740.913079475772,2.4577708035433687e-08,1e-05,1,cost,1.965601683501239e-08,3.6644685576993385,0.06136582590169716,0.209893140687058,0.052483335815467,3.8021114752852405,0.11243506905040042,534b8dd4cd1f7a8a961a81e3c2bc0dae15de144478c91975a44d373f1f0d775e
series_std_f32_p0,0,21,1,3.9205808051006783,0.0375050681676731,0.26340490146081186,1663.8636211573685,1.9975140569394867e-08,1e-05,1,cost,1.8104949872643772e-08,3.675221613216589,0.046683339239795896,0.25811531087967005,0.06676038010925509,0.19660699559166592,0.020493129846170764,534b8dd4cd1f7a8a961a81e3c2bc0dae15de144478c91975a44d373f1f0d775e
series_std_f32_p0,0,22,1,4.911660349039636,0.09612755849032574,0.5248431158144058,1558.5958948570458,2.481441746526869e-08,1e-05,1,cost,3.7898090332610934e-08,4.421338129135401,0.06852576236123241,0.5722617444775282,0.11089905489768964,0.4027944407767538,0.0828617833023512,534b8dd4cd1f7a8a961a81e3c2bc0dae15de144478c91975a44d373f1f0d775e
series_std_f32_p0,0,23,1,9.408739401991724,0.02452975056826688,0.3771604226345464,2097.352177387923,3.197746967220638e-08,1e-05,1,cost,3.2142641492871604e-08,7.73023253893694,0.1192343056297217,0.5000887863655867,0.21713536489364285,0.7942727100332749,0.24581307776250422,534b8dd4cd1f7a8a961a81e3c2bc0dae15de144478c91975a44d373f1f0d775e
series_std_f32_p0,0,24,0,5.0,0.07048491331172686,0.4,1699.5784910954642,1.608971367250689e-08,1e-05,1,cost,3.156071909371505e-08,7.237675172340762,0.10202938142017527,0.29023368046485143,0.3091704337453801,0.30917043374538006,0.3781997987254335,534b8dd4cd1f7a8a961a81e3c2bc0dae15de144478c91975a44d373f1f0d775e
series_std_f32_p0,0,25,1,4.449415397682285,0.07013007428333895,0.34818095393368403,1558.6363413570095,2.4964635955693204e-08,1e-05,1,cost,2.6958416970979115e-08,4.533736892920887,0.06767662983472793,0.348564425746158,0.018598674168821824,0.03625246195921017,0.0011001461541953479,534b8dd4cd1f7a8a961a81e3c2bc0dae15de144478c91975a44d373f1f0d775e
series_std_f32_p0,0,26,1,3.688990342112119,0.03920982158704059,0.350824957234784,1691.6714789841149,1.882125078012109e-08,1e-05,1,cost,1.798161186616909e-08,3.708532750824764,0.04748422547072194,0.34752425592775865,0.005269579649336749,0.17425584605530153,0.009497758072206324,534b8dd4cd1f7a8a961a81e3c2bc0dae15de144478c91975a44d373f1f0d775e
series_std_f32_p0,0,27,0,5.0,0.07523393997702402,0.4,3069.4347952073153,1.8033649448745415e-08,1e-05,1,cost,0.0967284637381236,7.323464506618292,0.11019461782295727,0.3847915976505124,0.31726302551457064,0.31726302551457064,0.03952373815423244,534b8dd4cd1f7a8a961a81e3c2bc0dae15de144478c91975a44d373f1f0d775e
series_std_f32_p0,0,28,1,4.051869320993468,0.009711054230919322,0.30158695564532834,1510.913946897566,4.849564026465636e-07,1e-05,1,cost,1.1282760547792758e-06,3.9880361962916817,0.07454770539293268,0.29364715778878797,0.016006154798981615,0.8697336936162765,0.02703856531875999,534b8dd4cd1f7a8a961a81e3c2bc0dae15de144478c91975a44d373f1f0d775e
series_std_f32_p0,0,29,0,5.0,0.07279103038003855,0.4,5268.726466760548,2.5056891894692512e-08,1e-05,1,cost,0.009438182023197446,7.373075375987463,0.1073387507375635,0.44332073075073086,0.32185692604148125,0.32185692604148114,0.09771871186211027,534b8dd4cd1f7a8a961a81e3c2bc0dae15de144478c91975a44d373f1f0d775e
series_std_f32_p0,0,30,1,3.0459924926807815,0.14909526325331038,0.29975949441135386,1697.3149106961857,1.9986236332592e-08,1e-05,1,cost,2.2853539387301947e-08,2.2045877397946825,0.02777555113182486,0.3910682327649343,0.38166081471743135,4.3678597607548095,0.23348543988860598,534b8dd4cd1f7a8a961a81e3c2bc0dae15de144478c91975a44d373f1f0d775e
series_std_f32_p0,0,31,0,5.0,0.05917693724798608,0.4,2622.374305404023,1.8971508947140947e-08,1e-05,1,cost,0.005084578198241639,5.228111988158105,0.06187673100973518,0.5052479143177404,0.043631809853114885,0.04363180985311484,0.20830944836231835,534b8dd4cd1f7a8a961a81e3c2bc0dae15de144478c91975a44d373f1f0d775e
series_std_f32_p0,0,32,1,4.37726110231813,0.01521670023366889,0.4336032370287073,1549.4690683338283,1.0012483633858871e-07,1e-05,1,cost,1.3436905521579945e-07,4.93955266031659,0.07141604015131113,0.3916600173438961,0.11383451026158736,0.7869288159714701,0.10709088961711158,534b8dd4cd1f7a8a961a81e3c2bc0dae15de144478c91975a44d373f1f0d775e
series_std_f32_p0,0,33,1,3.6564331011621976,0.40365588901045957,0.20136594768288285,1668.300758587921,2.064826488262783e-08,1e-05,1,cost,2.7142791958478796e-08,2.872998302525655,0.042058649405336386,0.21922585914201234,0.27268891803654194,8.597452479281083,0.08146808742831756,534b8dd4cd1f7a8a961a81e3c2bc0dae15de144478c91975a44d373f1f0d775e
series_std_f32_p0,0,34,1,3.0188101876955153,0.15811204849721772,0.2577616842832061,1699.698999392846,2.139699875267076e-08,1e-05,1,cost,1.6551598057412686e-08,2.255131720202789,0.03253319788635471,0.27991482572253246,0.3386402934477166,3.8600217245638215,0.07914243692574469,534b8dd4cd1f7a8a961a81e3c2bc0dae15de144478c91975a44d373f1f0d775e
series_std_f32_p0,0,35,1,3.694731201351597,0.05095640704914656,0.4942775203307861,1643.012448389858,2.562942932882173e-08,1e-05,1,cost,2.528414944080737e-08,3.971425361147362,0.06718063850997594,0.4947296269094528,0.0696712476338286,0.24150159660093398,0.0009138457736825199,534b8dd4cd1f7a8a961a81e3c2bc0dae15de144478c91975a44d373f1f0d775e
series_std_f32_p0,0,36,1,3.169573125133433,0.08248904610499187,0.2657481812820256,1702.0347838047464,1.471771950145584e-08,1e-05,1,cost,2.5065494929643606e-08,2.507316024312086,0.04027295060774383,0.2833794578627076,0.2641298880555138,1.0482493797991195,0.062217906384816446,534b8dd4cd1f7a8a961a81e3c2bc0dae15de144478c91975a44d373f1f0d775e
series_std_f32_p0,0,37,1,3.2741371772276042,0.0717829414142562,0.25915787132330514,1633.5539142619882,1.809934540436542e-08,1e-05,1,cost,1.902725831753882e-08,2.7606918980411512,0.0431347658306865,0.2605392393613692,0.18598427428673517,0.6641551201650226,0.0053019577452135015,534b8dd4cd1f7a8a961a81e3c2bc0dae15de144478c91975a44d373f1f0d775e
series_std_f32_p0,0,38,0,5.0,0.09983650756647061,0.4,1741.8914085320496,2.1784631959453904e-08,1e-05,1,cost,7.303419774506992e-08,7.722349518094632,0.1541944812188371,0.231102854340336,0.3525286587606215,0.35252865876062156,0.7308310671530517,534b8dd4cd1f7a8a961a81e3c2bc0dae15de144478c91975a44d373f1f0d775e
series_std_f32_p0,0,39,1,5.131613309594085,0.06217948292047794,0.3291364058677477,1604.7718783153146,3.366210105104628e-08,1e-05,1,cost,2.515507167843989e-08,5.509567699876662,0.06979918281220308,0.30562941494126494,0.06859964535711899,0.10916603296382696,0.07691337867790063,534b8dd4cd1f7a8a961a81e3c2bc0dae15de144478c91975a44d373f1f0d775e
series_std_f32_p0,0,40,1,5.1834318810537665,0.0626720453785429,0.31201946989243423,1690.8884849428723,2.5356606828119688e-08,1e-05,1,cost,2.144891245170477e-08,5.445956081392742,0.10296424252062854,0.2940665168354542,0.04820534657558935,0.39132223144372896,0.061050653607821845,534b8dd4cd1f7a8a961a81e3c2bc0dae15de144478c91975a44d373f1f0d775e
series_std_f32_p0,0,41,1,5.062476371631251,0.15391312266783885,0.4165198026353132,1614.3765229989597,3.713701529628466e-08,1e-05,1,cost,4.4556494438463545e-08,4.4531909644451115,0.0675965068134128,0.4706783803103183,0.1368199594517186,1.276939000600823,0.11506493593204417,534b8dd4cd1f7a8a961a81e3c2bc0dae15de144478c91975a44d373f1f0d775e
series_std_f32_p0,0,42,0,5.0,0.07715502887907932,0.4,1736.3975348166903,1.750387729204661e-08,1e-05,1,cost,0.025653265243566703,7.478484552592423,0.11540053832540341,0.24705852606476625,0.3314153469412803,0.33141534694128033,0.6190495684214528,534b8dd4cd1f7a8a961a81e3c2bc0dae15de144478c91975a44d373f1f0d775e
series_std_f32_p0,0,43,1,3.509402462415716,0.14683775108463903,0.3621243394853814,1574.0141825461696,2.0678559420339582e-08,1e-05,1,cost,2.4094779699224134e-08,3.578326899148464,0.0658223595917612,0.351469067370809,0.019261637819940294,1.2308187065207898,0.03031638657216685,534b8dd4cd1f7a8a961a81e3c2bc0dae15de144478c91975a44d373f1f0d775e
series_std_f32_p0,0,44,1,6.504849978863408,0.03345711266493076,0.47318851013768226,1678.2805457784284,3.447290009006565e-08,1e-05,1,cost,2.7268042879224907e-08,5.38911647441996,0.07194797850978223,0.553572687461874,0.20703458716088277,0.5349818944477801,0.14520979655400368,534b8dd4cd1f7a8a961a81e3c2bc0dae15de144478c91975a44d373f1f0d775e
series_std_f32_p0,0,45,1,2.491555533909937,0.013875339858666264,0.4787000579349645,1750.411323019042,3.4378205476803814e-08,1e-05,1,cost,3.109806454015818e-08,2.435977010148009,0.030401536746959706,0.5537136735337367,0.022815701269098286,0.5435974183096562,0.13547365576154902,534b8dd4cd1f7a8a961a81e3c2bc0dae15de144478c91975a44d373f1f0d775e
series_std_f32_p0,0,46,1,5.099317521266856,0.033225452923073995,0.503340104243792,1527.133857642057,2.708913621196629e-08,1e-05,1,cost,2.0137206235837368e-08,5.24745352459786,0.07518006364244334,0.4926213246166442,0.02823007438495747,0.5580550040354532,0.021758659423623518,534b8dd4cd1f7a8a961a81e3c2bc0dae15de144478c91975a44d373f1f0d775e
series_std_f32_p0,0,47,1,6.220482336724948,0.05731691442495928,0.23291868084784262,1646.3388643745304,2.4992622513209106e-08,1e-05,1,cost,2.4798266426429016e-08,6.235435168539178,0.10931944820270544,0.255586898839165,0.002398041421338862,0.47569334306664746,0.08869084485268157,534b8dd4cd1f7a8a961a81e3c2bc0dae15de144478c91975a44d373f1f0d775e
series_std_f32_p0,0,48,1,2.7580119412351274,0.08461129473361058,0.3242669139080729,1597.0000684569545,2.4130283708678757e-08,1e-05,1,cost,1.3747874658132098e-08,2.3616227262577034,0.039702016097373095,0.34673504295579477,0.16784612146985642,1.1311586425760614,0.06479912977987155,534b8dd4cd1f7a8a961a81e3c2bc0dae15de144478c91975a44d373f1f0d775e
series_std_f32_p0,0,49,1,3.453439912190796,0.02982914984710481,0.38951475606673314,1592.0284838871758,1.6462501001290875e-08,1e-05,1,cost,2.0635795544565738e-08,3.4912425921675503,0.06091226748328085,0.3878479994152928,0.010827858270737983,0.5102932286129015,0.004297448108416407,534b8dd4cd1f7a8a961a81e3c2bc0dae15de144478c91975a44d373f1f0d775e
series_std_f32_p0,0,50,0,5.0,0.061779329792270465,0.4,9174.977170122516,2.0589777105506357e-08,1e-05,1,cost,0.03334517552157761,7.59743837053228,0.09387293013391272,0.5005074887871079,0.3418834406879568,0.34188344068795673,0.20081115875143082,534b8dd4cd1f7a8a961a81e3c2bc0dae15de144478c91975a44d373f1f0d775e
series_std_f32_p0,0,51,1,8.124236837496474,0.008325433052712841,0.43142065047589395,2754.617677881267,0.21320236488519187,1e-05,0,cost,0.027184942793882283,6.979097570643039,0.1051494637514872,0.5115988098844231,0.1640812806042951,0.9208228672246074,0.15672076998506393,534b8dd4cd1f7a8a961a81e3c2bc0dae15de144478c91975a44d373f1f0d775e
series_std_f32_p0,0,52,1,5.6578127133842155,0.2825590423720616,0.3009710624447408,1631.700160818375,3.24464465989438e-08,1e-05,1,cost,3.0205240281189205e-08,5.509235420487406,0.09835789453803442,0.32164448690800906,0.026968768178664018,1.8727642422520305,0.06427414522786735,534b8dd4cd1f7a8a961a81e3c2bc0dae15de144478c91975a44d373f1f0d775e
series_std_f32_p0,0,53,1,4.127659468496915,0.037001168829959616,0.4438083960966588,1643.1373562727752,3.157609833326358e-08,1e-05,1,cost,3.969095649369869e-08,4.71383468287713,0.06165066926811518,0.3979664257371076,0.12435209416857158,0.39982535032922867,0.11519054722931299,534b8dd4cd1f7a8a961a81e3c2bc0dae15de144478c91975a44d373f1f0d775e
series_std_f32_p0,0,54,1,3.105175239173733,0.1827708262359245,0.3726024935394201,1612.1453862705105,2.007754046351451e-08,1e-05,1,cost,1.9810503695816273e-08,2.359210129402468,0.035993349575428414,0.47003555581010487,0.31619273776185436,4.077905457309722,0.20728870628256874,534b8dd4cd1f7a8a961a81e3c2bc0dae15de144478c91975a44d373f1f0d775e
series_std_f32_p0,0,55,1,3.075220555888307,0.18328625797944775,0.31802553027343006,1609.5336145563667,1.9617769471402813e-08,1e-05,1,cost,2.0887621909881915e-08,2.855986092254814,0.04331671577790046,0.33573590634691164,0.07676314118897057,3.231305506151915,0.05275091444994768,534b8dd4cd1f7a8a961a81e3c2bc0dae15de144478c91975a44d373f1f0d775e
series_std_f32_p0,0,56,1,11.193064552222369,0.009200387851209815,0.32584869632238544,3560.106889181715,1.1900760168992441e-06,1e-05,1,cost,1.4565519238507463e-06,7.933316968748333,0.12499547659704575,0.5644347047626578,0.4108934001143708,0.9263942336019921,0.4226990410531129,534b8dd4cd1f7a8a961a81e3c2bc0dae15de144478c91975a44d373f1f0d775e
series_std_f32_p0,0,57,1,5.159879880914525,0.04737960415231704,0.20860021090388328,1683.583859022545,2.699858669963362e-08,1e-05,1,cost,2.405049989717689e-08,5.016845945286321,0.06632867624033945,0.21687067677481286,0.028510729089178954,0.28568446050937546,0.03813547314889971,534b8dd4cd1f7a8a961a81e3c2bc0dae15de144478c91975a44d373f1f0d775e
series_std_f32_p0,0,58,1,2.4326256625089466,0.058054696388093976,0.38473114672400693,1669.807569308427,1.5931027927407193e-08,1e-05,1,cost,1.605945063043457e-08,2.115273202214496,0.03613373197897098,0.4359017318188455,0.15002906478567962,0.6066620636329649,0.11739018535513489,534b8dd4cd1f7a8a961a81e3c2bc0dae15de144478c91975a44d373f1f0d775e
series_std_f32_p0,0,59,1,10.583157815281012,0.020131940835397204,0.329628927052833,2947.7401080242616,2.983381175436506e-08,1e-05,1,cost,3.2099558400222605e-08,7.89161531566454,0.0983212592498911,0.5238636652478534,0.3410635708856549,0.7952432567586393,0.37077344943005924,534b8dd4cd1f7a8a961a81e3c2bc0dae15de144478c91975a44d373f1f0d775e
series_std_f32_p0,0,60,1,9.467263310550411,0.017468632995202016,0.3789581537339968,2225.1855634395715,1.6543894559850614e-07,1e-05,1,cost,1.6502225552716965e-07,6.603773514207141,0.10598162292546066,0.5838829777343715,0.43361417380272843,0.8351729996861049,0.3509689986091734,534b8dd4cd1f7a8a961a81e3c2bc0dae15de144478c91975a44d373f1f0d775e
series_std_f32_p0,0,61,1,3.6218726014462375,0.009883439740417166,0.448780080166851,1688.4512674199464,2.4954249286390784e-07,1e-05,1,cost,0.00967448680237198,3.918395316136757,0.053134138132709625,0.4339665732710274,0.07567452764895316,0.81399077715852,0.034135133460088084,534b8dd4cd1f7a8a961a81e3c2bc0dae15de144478c91975a44d373f1f0d775e
series_std_f32_p0,0,62,1,2.5907923064560148,0.07260022921209791,0.34780015502478767,1596.4589047944235,1.9382406575563227e-08,1e-05,1,cost,1.5168443390223274e-08,2.078511023959135,0.04006140014157583,0.41301836929591507,0.24646551141263118,0.8122239601095018,0.15790632843354369,534b8dd4cd1f7a8a961a81e3c2bc0dae15de144478c91975a44d373f1f0d775e
series_std_f32_p0,0,63,1,3.0896512761810375,0.3010371505837395,0.35267025446196176,1552.13798313501,1.697630061525679e-08,1e-05,1,cost,2.008540552628224e-08,2.6137550277916004,0.04752445333866216,0.40444406575653136,0.18207377635980246,5.334363247453481,0.12801229064326677,534b8dd4cd1f7a8a961a81e3c2bc0dae15de144478c91975a44d373f1f0d775e
series_std_f32_p0,0,64,1,6.0787561848433,0.04379383344523528,0.22015496552816904,1661.3899667069531,2.2610051220173233e-08,1e-05,1,cost,2.861428761991025e-08,5.860368252397157,0.0860479582779752,0.24783542849983065,0.0372652234536307,0.4910531949664548,0.11168888620651957,534b8dd4cd1f7a8a961a81e3c2bc0dae15de144478c91975a44d373f1f0d775e
series_std_f32_p0,0,65,1,4.262579459040887,0.03396949563357753,0.39146922259949446,1586.8820199185866,2.648513111602746e-08,1e-05,1,cost,1.964523584085942e-08,4.30400773568873,0.06013904754071456,0.3849879814744761,0.009625511660753027,0.43515075441492573,0.016834918067300884,534b8dd4cd1f7a8a961a81e3c2bc0dae15de144478c91975a44d373f1f0d775e
series_std_f32_p0,0,66,1,4.061406424527191,0.02704415729054744,0.5257762155106898,1562.6681895860143,2.443407101648809e-08,1e-05,1,cost,3.1504612862942594e-08,4.318348807741663,0.0696148764751192,0.5222439031398431,0.059500145693150604,0.6115175568800557,0.006763721605191728,534b8dd4cd1f7a8a961a81e3c2bc0dae15de144478c91975a44d373f1f0d775e
series_std_f32_p0,0,67,1,4.188068208990655,0.05021393876663408,0.32699067656359715,1596.5517815288515,2.8981320898679996e-08,1e-05,1,cost,2.7752899589561508e-08,3.960109834459873,0.05446496730124102,0.34712685755406425,0.05756364950970462,0.07805069469875688,0.05800813320049986,534b8dd4cd1f7a8a961a81e3c2bc0dae15de144478c91975a44d373f1f0d775e
series_std_f32_p0,0,68,1,4.0254847469403385,0.013758353722703592,0.3228982117439314,1707.1269914747252,1.0229566566044568e-07,1e-05,1,cost,0.008528171774963459,4.125198537854926,0.06517888389637731,0.30870120331280154,0.024171876819882226,0.7889139411381009,0.045989481993512944,534b8dd4cd1f7a8a961a81e3c2bc0dae15de144478c91975a44d373f1f0d775e
series_std_f32_p0,0,69,1,3.982792951081215,0.04151673020655578,0.4836601331442486,1630.0681239869205,2.4370881201996042e-08,1e-05,1,cost,2.2331733628977446e-08,3.98556651662461,0.06486902888517804,0.5008875673607459,0.0006959024599955949,0.35999149486201165,0.03439381477817731,534b8dd4cd1f7a8a961a81e3c2bc0dae15de144478c91975a44d373f1f0d775e
series_std_f32_p0,0,70,1,10.0404029711268,0.012311881859664253,0.3203487349126892,2671.8525553280597,1.4576216178507906e-07,1e-05,1,cost,1.54014990261242e-07,7.891559196280233,0.09356397053860316,0.48752392280374107,0.2722964779709753,0.8684121485141062,0.34290663508291125,534b8dd4cd1f7a8a961a81e3c2bc0dae15de144478c91975a44d373f1f0d775e
series_std_f32_p0,0,71,0,5.0,0.07428212662180694,0.4,6419.919287787309,1.9955759683609742e-08,1e-05,1,cost,0.01791211997635641,6.916515443621282,0.10275469519295186,0.49651413371788505,0.2770926283969738,0.27709262839697374,0.19438345691227293,534b8dd4cd1f7a8a961a81e3c2bc0dae15de144478c91975a44d373f1f0d775e
series_std_f32_p0,0,72,1,5.90471882717567,0.11454487302836011,0.3788755651556737,1586.0723515269538,3.4549327398991636e-08,1e-05,1,cost,2.9121977357382534e-08,5.806770596147759,0.10944570523234433,0.395861478749134,0.016867935353411502,0.04659084415592795,0.04290873071846589,534b8dd4cd1f7a8a961a81e3c2bc0dae15de144478c91975a44d373f1f0d775e
series_std_f32_p0,0,73,1,5.379134901780194,0.02633861431492862,0.24168049312089168,1684.6229626904096,1.8533731827030664e-08,1e-05,1,cost,1.9490737135363645e-08,5.499298916315833,0.09796057576842863,0.23441611969975687,0.021850787957556666,0.7311304664318112,0.03098922305530487,534b8dd4cd1f7a8a961a81e3c2bc0dae15de144478c91975a44d373f1f0d775e
series_std_f32_p0,0,74,1,6.755862066167574,0.06926004782401435,0.23747207794720046,1686.9703471359742,3.325371168705349e-08,1e-05,1,cost,3.4578788998818055e-08,6.778536214374777,0.11849103027356377,0.26247121425960335,0.0033449918227359686,0.41548277819754276,0.09524524959021564,534b8dd4cd1f7a8a961a81e3c2bc0dae15de144478c91975a44d373f1f0d775e
series_std_f32_p0,0,75,1,3.662132474165176,0.3265036473339748,0.36659841811397775,1579.7162156565046,2.5798128827636546e-08,1e-05,1,cost,1.9554494593010396e-08,3.8274040190471252,0.0693656600294252,0.3599723718133179,0.04318110762790474,3.706992583873211,0.01840709682046405,534b8dd4cd1f7a8a961a81e3c2bc0dae15de144478c91975a44d373f1f0d775e
series_std_f32_p0,0,76,1,5.593061169662716,0.09805655117584697,0.18769959161413408,1615.8518844261464,2.249566363743405e-08,1e-05,1,cost,3.106261123320131e-08,5.517071424189092,0.10416267828701709,0.20492231292761673,0.013773565653048096,0.05862106477662633,0.08404512455198626,534b8dd4cd1f7a8a961a81e3c2bc0dae15de144478c91975a44d373f1f0d775e
series_std_f32_p0,0,77,1,4.473490645994699,0.027683393467345822,0.22280845442870204,1632.5729145009977,1.814977004105378e-08,1e-05,1,cost,1.9736104493739415e-08,3.983292316771837,0.050699406944366594,0.23196580657460686,0.12306360925580556,0.4539700731071011,0.039477163816209075,534b8dd4cd1f7a8a961a81e3c2bc0dae15de144478c91975a44d373f1f0d775e
series_std_f32_p0,0,78,1,9.442982413809286,0.02404284529506373,0.37353154249021736,2224.8294204060403,1.538329516548309e-08,1e-05,1,cost,1.698650087256226e-08,6.3229683487339265,0.08029791300093413,0.5974137776629855,0.4934413542810305,0.7005794497450508,0.37475238024902924,534b8dd4cd1f7a8a961a81e3c2bc0dae15de144478c91975a44d373f1f0d775e
series_std_f32_p0,0,79,1,5.861996307449246,0.09675253780571096,0.33342274097869434,1561.5227170962364,4.642668063881139e-08,1e-05,1,cost,3.6548100282307594e-08,5.919829092989421,0.07743150161903066,0.33786641829695924,0.009769333646585044,0.24952423474545773,0.013152172212508065,534b8dd4cd1f7a8a961a81e3c2bc0dae15de144478c91975a44d373f1f0d775e
series_std_f32_p0,0,80,1,4.9670760471706,0.1932032776505029,0.2079824322917395,1579.3223985692398,2.3215128722164913e-08,1e-05,1,cost,3.433627358134794e-08,4.120329247243738,0.06080036003598005,0.26234637432696306,0.20550464516720032,2.177666670660672,0.2072220063063255,534b8dd4cd1f7a8a961a81e3c2bc0dae15de144478c91975a44d373f1f0d775e
series_std_f32_p0,0,81,1,3.719929342896744,0.010113601859702281,0.5205070485236288,1581.3431736370583,6.315069167595055e-07,1e-05,1,cost,0.009068441045960801,4.2987771643799375,0.07661895058315665,0.4781109708063665,0.13465406541180588,0.8680013001649545,0.08867413698070656,534b8dd4cd1f7a8a961a81e3c2bc0dae15de144478c91975a44d373f1f0d775e
series_std_f32_p0,0,82,0,5.0,0.0908809800448746,0.4,1776.482009157547,2.0124184069159057e-08,1e-05,1,cost,1.78115363014264e-08,7.297137205367871,0.1326341961491499,0.24484334366313157,0.31479978253363067,0.3147997825336306,0.6336976697652895,534b8dd4cd1f7a8a961a81e3c2bc0dae15de144478c91975a44d373f1f0d775e
series_std_f32_p0,0,83,1,2.625837996348099,0.0001,0.2696261896840618,2672.5317343636366,0.005489710049948058,1e-05,0,cost,0.037530134403349416,2.0048344718429023,0.025003378984462622,0.2825060099314001,0.3097530161352184,0.9960005405644516,0.04559131414749676,534b8dd4cd1f7a8a961a81e3c2bc0dae15de144478c91975a44d373f1f0d775e
series_std_f32_p0,0,84,1,3.1883739824081694,0.18277796109254008,0.26944117840567894,1613.1001608326112,2.1788845498693643e-08,1e-05,1,cost,1.9521298764979544e-08,2.18459219795674,0.034195329948470965,0.34678401588261654,0.4594824541579299,4.34511470917136,0.22302884197268624,534b8dd4cd1f7a8a961a81e3c2bc0dae15de144478c91975a44d373f1f0d775e
series_std_f32_p0,0,85,1,8.888889507218867,0.02143037325963084,0.3879343651004581,1927.2799071650618,1.94940003306332e-08,1e-05,1,cost,2.0272917566899196e-08,6.758238014203197,0.08053032273380695,0.5372921318982486,0.3152673061436821,0.7338844235050571,0.2779824194895816,534b8dd4cd1f7a8a961a81e3c2bc0dae15de144478c91975a44d373f1f0d775e
series_std_f32_p0,0,86,1,5.196206069398069,0.08968215597326867,0.47486943856075403,1598.3796755874766,2.6410072212490476e-08,1e-05,1,cost,2.7693023402219907e-08,4.977864183715684,0.06792156164271182,0.49410833496124434,0.04386256386758336,0.3203782982055718,0.03893659555854148,534b8dd4cd1f7a8a961a81e3c2bc0dae15de144478c91975a44d373f1f0d775e
series_std_f32_p0,0,87,1,2.5247131142635366,0.0001,0.34295554778192405,3960.252939271687,0.007140778442560803,1e-05,0,cost,0.025992891358897253,2.0436555763278843,0.03232738281035807,0.39542561525755704,0.23539071040533857,0.9969066472041169,0.13269263662005573,534b8dd4cd1f7a8a961a81e3c2bc0dae15de144478c91975a44d373f1f0d775e
series_std_f32_p0,0,88,0,5.0,0.08360436795355891,0.4,2753.8569434422984,2.599824305837828e-08,1e-05,1,cost,0.009898258512048157,6.556237870739479,0.1096260246672722,0.42053822586084577,0.23736751189046634,0.23736751189046632,0.04883795240921037,534b8dd4cd1f7a8a961a81e3c2bc0dae15de144478c91975a44d373f1f0d775e
series_std_f32_p0,0,89,1,3.9589738382543413,0.4045196675177807,0.2018068017284086,1563.4986472540024,3.184798034322478e-08,1e-05,1,cost,2.3633802581635166e-08,3.179887016316008,0.05040254349060129,0.2189759228820353,0.2450045608352866,7.025778849696596,0.07840643358254458,534b8dd4cd1f7a8a961a81e3c2bc0dae15de144478c91975a44d373f1f0d775e
series_std_f32_p0,0,90,1,6.882483031122173,0.046911102372909276,0.1656660385056398,1701.6910965053303,1.914495227628432e-08,1e-05,1,cost,2.1502229691217067e-08,7.024097145121941,0.09808284877634033,0.20929773514846606,0.02016118386092024,0.5217196180763335,0.20846712274204005,534b8dd4cd1f7a8a961a81e3c2bc0dae15de144478c91975a44d373f1f0d775e
series_std_f32_p0,0,91,1,3.180297035226501,0.07688339486343114,0.45301582659313244,1656.649878725934,2.4619848632001506e-08,1e-05,1,cost,1.9418169017182407e-08,3.3089077635513595,0.051096641027234026,0.46596508857819763,0.03886803063583252,0.5046663208732843,0.027790197811980624,534b8dd4cd1f7a8a961a81e3c2bc0dae15de144478c91975a44d373f1f0d775e
series_std_f32_p0,0,92,1,8.257519592826682,0.022939565377315202,0.4111801170055046,1819.7908329766758,1.6252727691457025e-08,1e-05,1,cost,2.8525945397483987e-08,6.465762049666184,0.07194816726220786,0.537722915434959,0.2771146740936753,0.6811653965595224,0.2353308642743914,534b8dd4cd1f7a8a961a81e3c2bc0dae15de144478c91975a44d373f1f0d775e
series_std_f32_p0,0,93,1,3.806399734983037,0.09353950200444146,0.18307865405888415,1642.0072076626095,2.0003192650885904e-08,1e-05,1,cost,1.8687287384189233e-08,2.689240135630288,0.04467020986058792,0.2093673522102363,0.4154183126122783,1.0940018481303446,0.12556254771256956,534b8dd4cd1f7a8a961a81e3c2bc0dae15de144478c91975a44d373f1f0d775e
series_std_f32_p0,0,94,1,3.5424222044281928,0.056889790359257994,0.38177863308156873,1654.3143844952529,2.2438397306867586e-08,1e-05,1,cost,2.0665674602127204e-08,3.603592833085251,0.059533884825332756,0.3707900263510714,0.01697490018723517,0.04441326941509537,0.029635658862337114,534b8dd4cd1f7a8a961a81e3c2bc0dae15de144478c91975a44d373f1f0d775e
series_std_f32_p0,0,95,1,4.604801202555259,0.15415516109445637,0.43482732289803444,1737.4444766167435,2.435727611271865e-08,1e-05,1,cost,3.89268520195607e-08,4.205518776284162,0.07086674766082877,0.4755993518971609,0.09494249045390969,1.175282007186917,0.0857276798979798,534b8dd4cd1f7a8a961a81e3c2bc0dae15de144478c91975a44d373f1f0d775e
series_std_f32_p0,0,96,0,5.0,0.08033292921585274,0.4,1898.2925685311,1.977641853057044e-08,1e-05,1,cost,2.6148384291158067e-08,7.300581750315821,0.11729542339653341,0.230879937588238,0.3151230722423317,0.31512307224233166,0.7325022008338317,534b8dd4cd1f7a8a961a81e3c2bc0dae15de144478c91975a44d373f1f0d775e
series_std_f32_p0,0,97,0,5.0,0.0975233133741643,0.4,4040.5337556057757,2.3064219700774657e-08,1e-05,1,cost,0.010827373992986255,5.502566541404262,0.10732570423591183,0.5416916139421768,0.09133311476066333,0.09133311476066318,0.26157247093232966,534b8dd4cd1f7a8a961a81e3c2bc0dae15de144478c91975a44d373f1f0d775e
series_std_f32_p0,0,98,1,4.727066149367044,0.05474677490386307,0.29649497158222937,1685.7964451064552,2.2167954527585465e-08,1e-05,1,cost,2.7522760584486328e-08,4.96076752074282,0.06496530279343189,0.2778631535794055,0.047109922083343685,0.15729208439250023,0.06705393558955425,534b8dd4cd1f7a8a961a81e3c2bc0dae15de144478c91975a44d373f1f0d775e
series_std_f32_p0,0,99,0,5.0,0.0798012423732619,0.4,4651.206404844742,2.2407227601162205e-08,1e-05,1,cost,0.014096285105743437,5.689548746736849,0.09080661170656715,0.5410919621310958,0.1211956830728146,0.12119568307281457,0.26075412685008986,534b8dd4cd1f7a8a961a81e3c2bc0dae15de144478c91975a44d373f1f0d775e
series_std_f32_p0,0,100,1,4.2411450133858795,0.006556274331666556,0.5684864360444941,1603.4272619963876,8.640193265799234e-05,1e-05,0,cost,0.01678987159502414,4.509400713433751,0.07123051135205746,0.5552830397428754,0.05948810431699334,0.9079569385756322,0.023777777019324344,534b8dd4cd1f7a8a961a81e3c2bc0dae15de144478c91975a44d373f1f0d775e
series_std_f32_p0,0,101,1,3.1071388215946034,0.2000525849244575,0.30464763735129125,1673.9823543745067,1.7975033808625973e-08,1e-05,1,cost,2.5318659842288316e-08,2.6431933362204036,0.0390608948833079,0.35003265876306755,0.17552461222439822,4.121556623884391,0.12965939113269093,534b8dd4cd1f7a8a961a81e3c2bc0dae15de144478c91975a44d373f1f0d775e
series_std_f32_p0,0,102,0,5.0,0.08425549098388091,0.4,4515.523568029821,1.8260715356488433e-08,1e-05,1,cost,0.013647698724481993,7.094404883718467,0.1195485133432284,0.43894317154887624,0.2952192492600879,0.2952192492600879,0.08872030384129101,534b8dd4cd1f7a8a961a81e3c2bc0dae15de144478c91975a44d373f1f0d775e
series_std_f32_p0,0,103,1,4.780245530118425,0.05897685883199587,0.23989094365984756,1645.7632674593192,2.0581711793199453e-08,1e-05,1,cost,1.8827279624211712e-08,4.667109458702844,0.07298968460196487,0.2397068399921524,0.024241143777893194,0.19198364599580384,0.0007680367723390589,534b8dd4cd1f7a8a961a81e3c2bc0dae15de144478c91975a44d373f1f0d775e
series_std_f32_p0,0,104,0,5.0,0.07367724160322572,0.4,6531.132671699995,2.3474849397686626e-08,1e-05,1,cost,0.013450348989006449,7.923060203441778,0.1167498441691765,0.44173274679668617,0.3689307071239974,0.3689307071239973,0.09447510310095765,534b8dd4cd1f7a8a961a81e3c2bc0dae15de144478c91975a44d373f1f0d775e
series_std_f32_p0,0,105,1,3.3972227466329494,0.11758827947637637,0.39991743935628743,1549.9940544233975,2.1080720946642373e-08,1e-05,1,cost,2.9535039233752336e-08,2.6679620930701304,0.02861401843329752,0.5139779183114304,0.27333996066024674,3.109464028985925,0.22191708027042362,534b8dd4cd1f7a8a961a81e3c2bc0dae15de144478c91975a44d373f1f0d775e
series_std_f32_p0,0,106,1,2.414181561624962,0.19769701623842983,0.4330676175256264,1684.8138667337996,1.7900683463301093e-08,1e-05,1,cost,2.2318630887863122e-08,2.0726381744995432,0.029752945992968224,0.5631850147739523,0.16478678783762496,5.644619873445584,0.23103845776250215,534b8dd4cd1f7a8a961a81e3c2bc0dae15de144478c91975a44d373f1f0d775e
series_std_f32_p0,0,107,0,5.0,0.06924854392212922,0.4,1772.6815973909,2.025111561776427e-08,1e-05,1,cost,1.066239538327629e-08,7.792544338949571,0.10792446978417775,0.21746806224387352,0.3583610458257596,0.3583610458257596,0.839350550479597,534b8dd4cd1f7a8a961a81e3c2bc0dae15de144478c91975a44d373f1f0d775e
series_std_f32_p0,0,108,0,5.0,0.08827046487030357,0.4,1882.172617923207,1.882892469717845e-08,1e-05,1,cost,1.7619571726548017e-08,7.312819377415955,0.12910119319141405,0.22060188814428594,0.3162691785549349,0.3162691785549349,0.8132211077829837,534b8dd4cd1f7a8a961a81e3c2bc0dae15de144478c91975a44d373f1f0d775e
series_std_f32_p0,0,109,1,3.0814286344484287,0.0001,0.2954048852143512,3663.425668693409,0.008306395798086485,1e-05,0,cost,0.0077892370570552,2.765834186081775,0.044318505882354364,0.2841061639041478,0.11410461623288472,0.997743606242831,0.039769363518685964,534b8dd4cd1f7a8a961a81e3c2bc0dae15de144478c91975a44d373f1f0d775e
series_std_f32_p0,0,110,1,7.397163165592012,0.013449235434153231,0.36976866546595255,1680.0560802761638,2.110474683347796e-07,1e-05,1,cost,2.0805214406838246e-07,6.766974318948115,0.09625628553592346,0.4256444363657461,0.09312712254268696,0.860276808321947,0.1312733495987267,534b8dd4cd1f7a8a961a81e3c2bc0dae15de144478c91975a44d373f1f0d775e
series_std_f32_p0,0,111,1,6.359807519635936,0.020379710989178408,0.20534158355841203,1663.7903526057787,1.7519461936732483e-08,1e-05,1,cost,2.8952813785343423e-08,6.468202162720069,0.09161355505511073,0.22843735995870046,0.016758079039160708,0.7775469909783672,0.1011033239241775,534b8dd4cd1f7a8a961a81e3c2bc0dae15de144478c91975a44d373f1f0d775e
series_std_f32_p0,0,112,1,3.156803814575202,0.04652269419497977,0.432995665224332,1653.5720642565016,2.4667871412198394e-08,1e-05,1,cost,2.7727161538981804e-08,3.532123822320552,0.056959339160370194,0.4043686097457172,0.106259017697395,0.1832297410615287,0.07079445532781746,534b8dd4cd1f7a8a961a81e3c2bc0dae15de144478c91975a44d373f1f0d775e
series_std_f32_p0,0,113,1,5.035321645423204,0.1941635346617066,0.37212231893318815,1565.6341819947843,3.258905145742119e-08,1e-05,1,cost,2.7720247736118253e-08,5.298736146451533,0.10148602641770942,0.3501443949160487,0.04971270388783788,0.9132046205311362,0.06276817317726564,534b8dd4cd1f7a8a961a81e3c2bc0dae15de144478c91975a44d373f1f0d775e
series_std_f32_p0,0,114,1,2.448263804875336,0.030802866829440494,0.4516100765392954,1572.5677148390923,1.405787691810545e-08,1e-05,1,cost,2.0239215137163313e-08,2.31445655889359,0.02951513391625971,0.5184987408832046,0.05781367788804458,0.04362958056820403,0.1290044875132615,534b8dd4cd1f7a8a961a81e3c2bc0dae15de144478c91975a44d373f1f0d775e
series_std_f32_p0,0,115,0,5.0,0.07638979377553234,0.4,6982.074803064625,2.3517759739632993e-08,1e-05,1,cost,0.01215680697067117,6.058601727440957,0.09256306730545974,0.5678940176841119,0.1747270698858251,0.1747270698858251,0.29564322295344553,534b8dd4cd1f7a8a961a81e3c2bc0dae15de144478c91975a44d373f1f0d775e
series_std_f32_p0,0,116,1,3.0671530132485176,0.0792261418568182,0.3263691572633603,1625.55151151825,2.3373216841149347e-08,1e-05,1,cost,1.2899402115906788e-08,2.1936616653699543,0.04063309900284778,0.4248898245856302,0.39818872785528286,0.9497932424811016,0.23187344488268516,534b8dd4cd1f7a8a961a81e3c2bc0dae15de144478c91975a44d373f1f0d775e
series_std_f32_p0,0,117,1,4.785051546978125,0.07210516699092073,0.23308809170124448,1632.1166748727112,2.1331028651760953e-08,1e-05,1,cost,2.3743658948693902e-08,4.404988712572085,0.07642387246905477,0.2471344552601901,0.08628009268702988,0.0565099011422478,0.05683692929080735,534b8dd4cd1f7a8a961a81e3c2bc0dae15de144478c91975a44d373f1f0d775e
series_std_f32_p0,0,118,1,5.429790937259329,0.0441546312044591,0.35736755856180574,1556.8739963682817,2.2610445349346975e-08,1e-05,1,cost,2.4588316965834522e-08,6.201589553715154,0.08668714829120873,0.31902863608594023,0.12445174092398088,0.4906438604240372,0.12017392214765867,534b8dd4cd1f7a8a961a81e3c2bc0dae15de144478c91975a44d373f1f0d775e
series_std_f32_p0,0,119,1,5.713996509602884,0.02152191059532179,0.3631946950366707,1637.555316501543,2.5248958784862552e-08,1e-05,1,cost,2.5393014219110555e-08,6.0227346560183275,0.09007548667244841,0.35198870976691643,0.05126211995856916,0.761068062017979,0.03183620655666696,534b8dd4cd1f7a8a961a81e3c2bc0dae15de144478c91975a44d373f1f0d775e
series_std_f32_p0,0,120,1,5.3702952497541805,0.19311419432672805,0.3969973697009447,1643.9167777532914,1.9675841039790143e-08,1e-05,1,cost,3.9513737892793444e-08,5.039796936447014,0.07071216342323781,0.4216405653581371,0.06557770431523835,1.7309897615615282,0.05844597906812108,534b8dd4cd1f7a8a961a81e3c2bc0dae15de144478c91975a44d373f1f0d775e
series_std_f32_p0,0,121,1,4.083965523145904,0.08055172357131149,0.424755904210622,1595.638420925876,3.242466758979212e-08,1e-05,1,cost,5.854843605768156e-08,4.368234665615803,0.07198330664624761,0.4006095374431297,0.06507643572986113,0.11903338877126371,0.060274068664478736,534b8dd4cd1f7a8a961a81e3c2bc0dae15de144478c91975a44d373f1f0d775e
series_std_f32_p0,0,122,1,2.9928618169722245,0.04375820690445971,0.3442444724799669,1588.5306141204928,2.072797362223655e-08,1e-05,1,cost,1.707452624427619e-08,2.6303477770796464,0.03953322325652485,0.3838528891139764,0.13781981342978938,0.10687172205816885,0.10318644917701446,534b8dd4cd1f7a8a961a81e3c2bc0dae15de144478c91975a44d373f1f0d775e
series_std_f32_p0,0,123,1,5.406577088512162,0.16512596394292262,0.45993886788924543,1592.290274663028,3.432421818994058e-08,1e-05,1,cost,3.303905116158745e-08,4.952751793906503,0.06971508201016255,0.502630472997827,0.09163093841367359,1.3685830839136326,0.0849363645899881,534b8dd4cd1f7a8a961a81e3c2bc0dae15de144478c91975a44d373f1f0d775e
series_std_f32_p0,0,124,0,5.0,0.08262320267950213,0.4,6115.977742141318,2.102205967635662e-08,1e-05,1,cost,0.010897359076617926,5.952846842265256,0.09836865423370328,0.5577515603854013,0.16006574123493927,0.16006574123493916,0.2828348167711021,534b8dd4cd1f7a8a961a81e3c2bc0dae15de144478c91975a44d373f1f0d775e
series_std_f32_p0,0,125,1,4.335717334550425,0.03500946466084941,0.4125010643453659,1634.6547411781373,2.203168633641006e-08,1e-05,1,cost,3.862241569618785e-08,4.439454984492341,0.050832701001735876,0.4134015859787176,0.023367203925771667,0.3112806525930252,0.0021783216704884807,534b8dd4cd1f7a8a961a81e3c2bc0dae15de144478c91975a44d373f1f0d775e
series_std_f32_p0,0,126,0,5.0,0.0696695431155663,0.4,1898.39170458334,2.344827243483394e-08,1e-05,1,cost,0.015778311665514893,6.127274485029768,0.08537688278313814,0.3849646777429629,0.1839764952237637,0.1839764952237637,0.03905636835355598,534b8dd4cd1f7a8a961a81e3c2bc0dae15de144478c91975a44d373f1f0d775e
series_std_f32_p0,0,127,1,3.854049314289493,0.0030224128202781947,0.3411358530963723,1701.036591044777,0.005349093950760558,1e-05,0,cost,0.011479310597393669,3.436516165974801,0.05361325698768471,0.3671292771614686,0.12149896236447777,0.9436256442884553,0.07080182835340597,534b8dd4cd1f7a8a961a81e3c2bc0dae15de144478c91975a44d373f1f0d775e
series_std_f32_p0,1,0,0,9.617523541318395,0.004897356657898644,0.27165973635634816,5185.41920284228,0.034325536644984236,1e-05,0,cost,0.014522967232274983,7.66193324607077,0.12488383317490416,0.43349673090252455,0.2552345775461434,0.9607847026040615,0.37332921567652333,136c8da3d36df3df7bb010996d020b6c5730ff50a1e6614d78f88afc49ae266c
series_std_f32_p0,1,1,1,7.490005478275711,0.029863259188621965,0.49219689872148886,1601.0612670074504,2.8451451999922384e-08,1e-05,1,cost,5.8053855500617146e-08,7.107985503602176,0.11549221983094739,0.5423598261986978,0.05374518201815899,0.7414262256597497,0.0924901238146488,136c8da3d36df3df7bb010996d020b6c5730ff50a1e6614d78f88afc49ae266c
series_std_f32_p0,1,2,0,2.4904854412771877,0.07913316995243352,0.4041793762695261,1664.637376697622,1.9798257297476418e-08,1e-05,1,cost,0.013751266192772069,2.4331970156836236,0.034169598356260614,0.43532943072441654,0.023544507585822678,1.3158940625339428,0.0715551310258411,136c8da3d36df3df7bb010996d020b6c5730ff50a1e6614d78f88afc49ae266c
series_std_f32_p0,1,3,1,4.1368006028572895,0.11968799162861456,0.2841965208283891,1497.4128861359402,2.2929155185646977e-08,1e-05,1,cost,1.9204032447595054e-08,3.7467846984055893,0.05336747045507642,0.309522998672487,0.10409349237965768,1.2427143465487147,0.08182421969521048,136c8da3d36df3df7bb010996d020b6c5730ff50a1e6614d78f88afc49ae266c
series_std_f32_p0,1,4,1,2.7283593338751944,0.1706186551163072,0.370336493461041,1557.5457086228957,2.0587461596610623e-08,1e-05,1,cost,1.8983516265891343e-08,2.5205070814098667,0.03852175628215398,0.4129453129711349,0.08246445883780806,3.4291504745163945,0.10318271735190333,136c8da3d36df3df7bb010996d020b6c5730ff50a1e6614d78f88afc49ae266c
series_std_f32_p0,1,5,1,3.839886405985683,0.014120816687076234,0.33311387089549216,1615.923370721085,3.773486453861885e-08,1e-05,1,cost,6.413303985097762e-07,4.099439817456933,0.050781524716599497,0.3158350441039742,0.06331436074899183,0.7219300372353645,0.0547083900728561,136c8da3d36df3df7bb010996d020b6c5730ff50a1e6614d78f88afc49ae266c
series_std_f32_p0,1,6,1,3.7572137104456176,0.0794175480508687,0.24367015118137972,1593.0705805696252,1.6457353868570834e-08,1e-05,1,cost,2.416887323608563e-08,3.6780588679031005,0.04318808870759348,0.25698606285261066,0.021520819917611605,0.8388761908073331,0.051815695853000505,136c8da3d36df3df7bb010996d020b6c5730ff50a1e6614d78f88afc49ae266c
series_std_f32_p0,1,7,1,2.1271444849864443,0.7082811367156534,0.5999939544156052,1572.3877626381723,7.544782587576293e-08,1e-05,1,cost,6.820760171943885e-08,2.2748718879631347,0.03589734399470002,0.5904684822246389,0.06493877908393424,18.730739322113244,0.01613205865803087,136c8da3d36df3df7bb010996d020b6c5730ff50a1e6614d78f88afc49ae266c
series_std_f32_p0,1,8,1,3.640090913731184,0.014981417017696633,0.31388356743796547,1576.7807882117047,3.067223904029692e-08,1e-05,1,cost,3.287601038626242e-08,3.7427791582228913,0.052888921934059634,0.3046354389473463,0.027436362165825685,0.7167380905140206,0.030358019154224668,136c8da3d36df3df7bb010996d020b6c5730ff50a1e6614d78f88afc49ae266c
series_std_f32_p0,1,9,1,4.0325537198380905,0.016051507003009197,0.5206334201540052,1544.0176233422642,4.3658827858505944e-08,1e-05,1,cost,3.00955887183596e-07,4.364955469123513,0.057929897248945726,0.4851151432907607,0.07615238039350919,0.7229149754222752,0.07321617837428762,136c8da3d36df3df7bb010996d020b6c5730ff50a1e6614d78f88afc49ae266c
series_std_f32_p0,1,10,0,2.817177105926606,0.0813484428027681,0.42145626126207536,1605.4552765871306,2.4706635570748148e-08,1e-05,1,cost,0.0226693242281696,2.929401115705847,0.046731200462293905,0.42512215510687656,0.038309540191528255,0.7407736586695621,0.008623154076455017,136c8da3d36df3df7bb010996d020b6c5730ff50a1e6614d78f88afc49ae266c
series_std_f32_p0,1,11,0,2.1151532474868366,0.13070844249915628,0.3989913269166928,1504.3499001016037,2.015471822769399e-08,1e-05,1,cost,0.004589150241508603,2.1409405384403595,0.03492888069643343,0.4318337315367098,0.012044842203935499,2.742130864001687,0.07605335623770065,136c8da3d36df3df7bb010996d020b6c5730ff50a1e6614d78f88afc49ae266c
series_std_f32_p0,1,12,1,4.074492711534801,0.14995883860988934,0.2549459903133914,1600.826554804439,2.864483037573473e-08,1e-05,1,cost,2.4842045934225787e-08,3.475443148520294,0.045625172275191035,0.3009554993155038,0.17236638247688169,2.286756654975534,0.15287811356415454,136c8da3d36df3df7bb010996d020b6c5730ff50a1e6614d78f88afc49ae266c
series_std_f32_p0,1,13,1,4.589781622857842,0.11827727767111762,0.41860423455500984,1580.2124148255066,2.9251489647164064e-08,1e-05,1,cost,3.5641227455474045e-08,4.383492317785077,0.0620392302928347,0.4316979388115358,0.047060491981653706,0.9064917007001971,0.03033070830167249,136c8da3d36df3df7bb010996d020b6c5730ff50a1e6614d78f88afc49ae266c
series_std_f32_p0,1,14,1,4.556086723639931,0.4290156406958189,0.5773560693115417,1676.5590083295547,3.5260024872085793e-08,1e-05,1,cost,3.354922922804704e-08,4.535533312461739,0.08338125294791263,0.5857839200417314,0.004531641542951389,4.145228999662794,0.014387302965894487,136c8da3d36df3df7bb010996d020b6c5730ff50a1e6614d78f88afc49ae266c
series_std_f32_p0,1,15,1,8.103219946427505,0.10880504524549525,0.47109597975600626,1743.6061017316745,7.50793480164269e-08,1e-05,1,cost,5.4422002460086105e-08,7.585962161890749,0.1114323971417409,0.54394349399187,0.06818618040771145,0.023577989558132558,0.1339247827035368,136c8da3d36df3df7bb010996d020b6c5730ff50a1e6614d78f88afc49ae266c
series_std_f32_p0,1,16,1,6.8302850306573575,0.059993500600942634,0.43481332921227683,1446.1332068527906,3.818998997595635e-08,1e-05,1,cost,5.182782355506177e-07,5.998593002273881,0.09471812069613306,0.4953306142413841,0.13864785093241158,0.3666101041699414,0.12217553950666174,136c8da3d36df3df7bb010996d020b6c5730ff50a1e6614d78f88afc49ae266c
series_std_f32_p0,1,17,1,6.873041602452414,0.05638607727490051,0.46073495494455635,1587.3372435959222,4.88800001030576e-08,1e-05,1,cost,0.0076537576367088946,5.398943265384813,0.09075599991377564,0.57682677328866,0.273034604108316,0.37870689179259653,0.20125941395235508,136c8da3d36df3df7bb010996d020b6c5730ff50a1e6614d78f88afc49ae266c
series_std_f32_p0,1,18,1,3.971847023122931,0.38518365927679876,0.45580976448940397,1564.8373987826658,2.9558394093465168e-08,1e-05,1,cost,2.4063647408034683e-08,3.6592076967429334,0.0606610821392251,0.49343191961710314,0.08543907651327863,5.349765709631622,0.07624588850452457,136c8da3d36df3df7bb010996d020b6c5730ff50a1e6614d78f88afc49ae266c
series_std_f32_p0,1,19,1,2.0860672576951025,0.0531762666419916,0.4028978763038875,1633.8713551613596,2.1525349142015315e-08,1e-05,1,cost,1.4558055642932555e-08,2.1590212139213847,0.03237531783345167,0.4086344011008533,0.03379029152463837,0.642494041774238,0.014038281607010332,136c8da3d36df3df7bb010996d020b6c5730ff50a1e6614d78f88afc49ae266c
series_std_f32_p0,1,20,1,3.1857159221882347,0.17477746939918498,0.24730020332543443,1695.4476098327896,2.6692990845456066e-08,1e-05,1,cost,1.8652204461511168e-08,3.6644685576993385,0.06136582590169716,0.209893140687058,0.13064722154736644,1.8481238023124409,0.17821955741826176,136c8da3d36df3df7bb010996d020b6c5730ff50a1e6614d78f88afc49ae266c
series_std_f32_p0,1,21,1,3.6690094105764937,0.021659761786793224,0.25935887832585697,1644.968325001381,2.1163007249414e-08,1e-05,1,cost,0.003553072307530777,3.675221613216589,0.046683339239795896,0.25811531087967005,0.0016902933465986279,0.5360280104314166,0.004817875553173428,136c8da3d36df3df7bb010996d020b6c5730ff50a1e6614d78f88afc49ae266c
series_std_f32_p0,1,22,1,4.925688102983769,0.12521740793419794,0.5249734006679994,1558.2964819447134,4.5978212653841055e-08,1e-05,1,cost,3.66046285227295e-08,4.421338129135401,0.06852576236123241,0.5722617444775282,0.11407179435674487,0.8273041206621894,0.08263411675841242,136c8da3d36df3df7bb010996d020b6c5730ff50a1e6614d78f88afc49ae266c
series_std_f32_p0,1,23,1,7.108571964476521,0.04495862011277674,0.5150136366850802,1693.2206322610768,2.150451089422134e-08,1e-05,1,cost,4.476970413835879e-08,7.73023253893694,0.1192343056297217,0.5000887863655867,0.08041938859266318,0.6229388859579198,0.029844401087175555,136c8da3d36df3df7bb010996d020b6c5730ff50a1e6614d78f88afc49ae266c
series_std_f32_p0,1,24,1,5.579163331056938,0.07040591297239125,0.3723246275707667,1674.7765092586435,1.940803184830031e-08,1e-05,1,cost,3.97268420659902e-08,7.237675172340762,0.10202938142017527,0.29023368046485143,0.2291498031884511,0.3099447238394293,0.2828443169463815,136c8da3d36df3df7bb010996d020b6c5730ff50a1e6614d78f88afc49ae266c
series_std_f32_p0,1,25,1,4.346712964861499,0.046040665491700515,0.35317319307632583,1557.725079586637,2.0754024263047732e-08,1e-05,1,cost,2.4506769488730207e-08,4.533736892920887,0.06767662983472793,0.348564425746158,0.04125160600991475,0.3196962436791589,0.01322213912191999,136c8da3d36df3df7bb010996d020b6c5730ff50a1e6614d78f88afc49ae266c
series_std_f32_p0,1,26,1,3.615888268242144,0.027747114413031286,0.3514154265025761,1689.879009169363,1.3163334131038873e-08,1e-05,1,cost,0.00019676028718275743,3.708532750824764,0.04748422547072194,0.34752425592775865,0.024981438430607426,0.415656165011268,0.011196831612312969,136c8da3d36df3df7bb010996d020b6c5730ff50a1e6614d78f88afc49ae266c
series_std_f32_p0,1,27,1,7.584892342260693,0.061983559110879355,0.34093039169205136,1778.545858104321,3.7425376353539264e-08,1e-05,1,cost,2.2178539810235876e-08,7.323464506618292,0.11019461782295727,0.3847915976505124,0.035697289910553376,0.4375082891029721,0.11398691194473029,136c8da3d36df3df7bb010996d020b6c5730ff50a1e6614d78f88afc49ae266c
series_std_f32_p0,1,28,1,3.855831422478764,0.016018650524374962,0.3036898650335596,1504.7669628992749,1.1115416956308799e-07,1e-05,1,cost,9.327883994381114e-08,3.9880361962916817,0.07454770539293268,0.29364715778878797,0.033150344506865194,0.7851221517826413,0.03419991298534912,136c8da3d36df3df7bb010996d020b6c5730ff50a1e6614d78f88afc49ae266c
series_std_f32_p0,1,29,1,8.211071070534665,0.06188988346192607,0.3688997857644538,1703.2029050551494,2.602750251434749e-08,1e-05,1,cost,1.7184009659665378e-08,7.373075375987463,0.1073387507375635,0.44332073075073086,0.11365619525284862,0.4234152807196076,0.16787156526664268,136c8da3d36df3df7bb010996d020b6c5730ff50a1e6614d78f88afc49ae266c
series_std_f32_p0,1,30,1,2.4466649998880157,0.20285657651114647,0.33089604026167013,1672.5038688299614,2.6384000248458328e-08,1e-05,1,cost,2.1853568898944076e-08,2.2045877397946825,0.02777555113182486,0.3910682327649343,0.10980613550716667,6.303422191278001,0.15386622451492457,136c8da3d36df3df7bb010996d020b6c5730ff50a1e6614d78f88afc49ae266c
series_std_f32_p0,1,31,1,6.579084996954959,0.04542200005183017,0.40035842653155335,1634.412005781089,3.4575813129267274e-08,1e-05,1,cost,1.765076264502452e-06,5.228111988158105,0.06187673100973518,0.5052479143177404,0.2584055222720679,0.2659276062162392,0.20760004111610075,136c8da3d36df3df7bb010996d020b6c5730ff50a1e6614d78f88afc49ae266c
series_std_f32_p0,1,32,1,4.460898625737581,0.02930128779831908,0.42969122753321976,1548.7077704366177,2.024839726444405e-08,1e-05,1,cost,1.8588231953664547e-08,4.93955266031659,0.07141604015131113,0.3916600173438961,0.09690230421560693,0.5897099904133912,0.09710261069597625,136c8da3d36df3df7bb010996d020b6c5730ff50a1e6614d78f88afc49ae266c
series_std_f32_p0,1,33,1,3.157420553883278,1.1403576625768084,0.18560480170869023,1607.7100676523569,1.7456917876523814e-08,1e-05,1,cost,1.6476521896846563e-08,2.872998302525655,0.042058649405336386,0.21922585914201234,0.09899840564040259,26.1135112206461,0.1533626441921832,136c8da3d36df3df7bb010996d020b6c5730ff50a1e6614d78f88afc49ae266c
series_std_f32_p0,1,34,1,2.4902467086231668,0.1324726235891933,0.255391712136326,1638.9090702423603,1.591518943022674e-08,1e-05,1,cost,1.3291602457554674e-08,2.255131720202789,0.03253319788635471,0.27991482572253246,0.10425776300075079,3.0719213663516256,0.08760919870144773,136c8da3d36df3df7bb010996d020b6c5730ff50a1e6614d78f88afc49ae266c
series_std_f32_p0,1,35,1,3.6786449927201543,0.04261479360240834,0.5164988459104148,1625.9988385243676,3.0260262767756174e-08,1e-05,1,cost,8.017547159511196e-08,3.971425361147362,0.06718063850997594,0.4947296269094528,0.07372173509578998,0.3656685237357443,0.04400225459904849,136c8da3d36df3df7bb010996d020b6c5730ff50a1e6614d78f88afc49ae266c
series_std_f32_p0,1,36,0,3.169573125133433,0.08248904610499187,0.2657481812820256,1702.0347562904446,1.6846058860375823e-08,1e-05,1,cost,0.008407119994113438,2.507316024312086,0.04027295060774383,0.2833794578627076,0.2641298880555138,1.0482493797991195,0.062217906384816446,136c8da3d36df3df7bb010996d020b6c5730ff50a1e6614d78f88afc49ae266c
series_std_f32_p0,1,37,0,3.2741371772276042,0.0717829414142562,0.25915787132330514,1633.5539266846367,1.9420206956444197e-08,1e-05,1,cost,0.00636153512985438,2.7606918980411512,0.0431347658306865,0.2605392393613692,0.18598427428673517,0.6641551201650226,0.0053019577452135015,136c8da3d36df3df7bb010996d020b6c5730ff50a1e6614d78f88afc49ae266c
series_std_f32_p0,1,38,1,5.309177938758338,0.09931667806145861,0.34136315705633186,1629.2442427332478,2.2045328562647626e-08,1e-05,1,cost,2.526698281157813e-08,7.722349518094632,0.1541944812188371,0.231102854340336,0.312491887822724,0.35589991758196843,0.47710489353636404,136c8da3d36df3df7bb010996d020b6c5730ff50a1e6614d78f88afc49ae266c
series_std_f32_p0,1,39,1,5.141792901934989,0.05881697534337555,0.32939430987442553,1604.740325722977,3.0585909402414124e-08,1e-05,1,cost,2.957442252204956e-08,5.509567699876662,0.06979918281220308,0.30562941494126494,0.0667520244736999,0.1573400579541957,0.07775722417859439,136c8da3d36df3df7bb010996d020b6c5730ff50a1e6614d78f88afc49ae266c
series_std_f32_p0,1,40,1,5.1861617964517555,0.025065205150800532,0.3146825092251732,1690.384204408534,2.558553738318814e-08,1e-05,1,cost,1.591610496565199e-06,5.445956081392742,0.10296424252062854,0.2940665168354542,0.04770407272078977,0.756563982435176,0.07010656164317662,136c8da3d36df3df7bb010996d020b6c5730ff50a1e6614d78f88afc49ae266c
series_std_f32_p0,1,41,1,5.060352983903653,0.2005009486431681,0.41648521155846824,1614.123039813541,3.8473348368261995e-08,1e-05,1,cost,3.389536211428901e-08,4.4531909644451115,0.0675965068134128,0.4706783803103183,0.13634313558664027,1.9661436381115454,0.11513842789235504,136c8da3d36df3df7bb010996d020b6c5730ff50a1e6614d78f88afc49ae266c
series_std_f32_p0,1,42,1,5.388446803768152,0.07631881308829482,0.341018022913549,1656.6689176873217,1.9297750120106372e-08,1e-05,1,cost,2.0400665351472114e-08,7.478484552592423,0.11540053832540341,0.24705852606476625,0.27947343263546065,0.3386615504938718,0.38031270705529635,136c8da3d36df3df7bb010996d020b6c5730ff50a1e6614d78f88afc49ae266c
series_std_f32_p0,1,43,1,3.4650979945333202,0.15193367522794843,0.36267849573117766,1573.6210034842065,2.4063524978190642e-08,1e-05,1,cost,2.716779946843051e-08,3.578326899148464,0.0658223595917612,0.351469067370809,0.03164297388315436,1.3082380542153267,0.031893072253048105,136c8da3d36df3df7bb010996d020b6c5730ff50a1e6614d78f88afc49ae266c
series_std_f32_p0,1,44,1,4.927578212947923,0.07829965601624084,0.5726640178061445,1647.052414110867,4.179200988052578e-08,1e-05,1,cost,4.543037790405435e-08,5.38911647441996,0.07194797850978223,0.553572687461874,0.08564265843256118,0.08828152837671487,0.03448748606403262,136c8da3d36df3df7bb010996d020b6c5730ff50a1e6614d78f88afc49ae266c
series_std_f32_p0,1,45,1,2.806445563990924,0.011214072395513097,0.4921066805612152,1672.8226689609407,9.917122707758796e-08,1e-05,1,cost,0.08172793488146933,2.435977010148009,0.030401536746959706,0.5537136735337367,0.15208212240903102,0.6311346860900195,0.11126146222713405,136c8da3d36df3df7bb010996d020b6c5730ff50a1e6614d78f88afc49ae266c
series_std_f32_p0,1,46,1,4.764570783176795,0.044889154424436396,0.5317802463146828,1523.7957589301739,3.68774046299869e-08,1e-05,1,cost,4.328299949007963e-08,5.24745352459786,0.07518006364244334,0.4926213246166442,0.09202229979884782,0.40291146017208257,0.07949091876709131,136c8da3d36df3df7bb010996d020b6c5730ff50a1e6614d78f88afc49ae266c
series_std_f32_p0,1,47,1,6.25865446794124,0.09241304035427714,0.25009007309486253,1615.2248665072877,2.9156357717052828e-08,1e-05,1,cost,3.453787215945692e-08,6.235435168539178,0.10931944820270544,0.255586898839165,0.00372376566742528,0.1546514195450348,0.021506680386468156,136c8da3d36df3df7bb010996d020b6c5730ff50a1e6614d78f88afc49ae266c
series_std_f32_p0,1,48,1,2.363658716895247,0.0023067680227437243,0.34910556054423947,1585.0590083070038,0.00018102770477158164,1e-05,0,cost,0.0001833916501541022,2.3616227262577034,0.039702016097373095,0.34673504295579477,0.0008621151104732437,0.9418979626352941,0.006836683042581639,136c8da3d36df3df7bb010996d020b6c5730ff50a1e6614d78f88afc49ae266c
series_std_f32_p0,1,49,1,3.328957571766794,0.006175700182415714,0.40761917817767435,1591.0096253902495,1.476549580103903e-06,1e-05,1,cost,1.4213981943678178e-06,3.4912425921675503,0.06091226748328085,0.3878479994152928,0.046483455708530755,0.8986131950495717,0.05097661659255157,136c8da3d36df3df7bb010996d020b6c5730ff50a1e6614d78f88afc49ae266c
series_std_f32_p0,1,50,1,9.082609025933495,0.050553944307534335,0.3902886355962027,1877.0216651730236,3.499979700505307e-08,1e-05,1,cost,2.386539271759247e-08,7.59743837053228,0.09387293013391272,0.5005074887871079,0.195483080344772,0.4614640851689883,0.22021419391346428,136c8da3d36df3df7bb010996d020b6c5730ff50a1e6614d78f88afc49ae266c
series_std_f32_p0,1,51,1,5.825427614920944,0.011578755399730634,0.5678268302875122,1673.3497431642459,7.725296960400807e-07,1e-05,1,cost,3.3412504008012434e-07,6.979097570643039,0.1051494637514872,0.5115988098844231,0.16530360036445205,0.8898828868295882,0.10990647225272439,136c8da3d36df3df7bb010996d020b6c5730ff50a1e6614d78f88afc49ae266c
series_std_f32_p0,1,52,1,5.693457011047255,0.4542367019910456,0.30510666439404693,1627.1678037117324,2.6832833316392524e-08,1e-05,1,cost,3.354216689122058e-08,5.509235420487406,0.09835789453803442,0.32164448690800906,0.03343868549795078,3.618202780005573,0.05141646503237588,136c8da3d36df3df7bb010996d020b6c5730ff50a1e6614d78f88afc49ae266c
series_std_f32_p0,1,53,1,4.115183240560314,0.026702819001898706,0.4522435263653449,1640.9944846501344,2.4195356468359464e-08,1e-05,1,cost,2.6678881229202922e-08,4.71383468287713,0.06165066926811518,0.3979664257371076,0.12699881998225362,0.5668689518069999,0.13638612987943896,136c8da3d36df3df7bb010996d020b6c5730ff50a1e6614d78f88afc49ae266c
series_std_f32_p0,1,54,1,2.758753485444047,0.15179494932741516,0.41569229379534567,1610.4238012789524,1.9834499528914584e-08,1e-05,1,cost,2.2901647078743537e-08,2.359210129402468,0.035993349575428414,0.47003555581010487,0.169354713707835,3.2173054499779328,0.11561521536620512,136c8da3d36df3df7bb010996d020b6c5730ff50a1e6614d78f88afc49ae266c
series_std_f32_p0,1,55,1,2.4534265016344783,0.00847008359494475,0.3642828659908697,1597.189153620803,2.2237376349609067e-07,1e-05,1,cost,2.0705117131925022e-07,2.855986092254814,0.04331671577790046,0.33573590634691164,0.14095292400479206,0.8044615469378207,0.08502802084701905,136c8da3d36df3df7bb010996d020b6c5730ff50a1e6614d78f88afc49ae266c
series_std_f32_p0,1,56,1,8.680760498440634,0.17658786752986727,0.4920718493124744,1725.2640865999065,6.883818942649e-08,1e-05,1,cost,7.877661431510141e-08,7.933316968748333,0.12499547659704575,0.5644347047626578,0.0942157653143951,0.4127540638861878,0.12820412146806537,136c8da3d36df3df7bb010996d020b6c5730ff50a1e6614d78f88afc49ae266c
series_std_f32_p0,1,57,1,4.807545413908274,0.04224779500005994,0.22566320859197636,1681.358543310383,2.3139942073591158e-08,1e-05,1,cost,2.6970834510198216e-08,5.016845945286321,0.06632867624033945,0.21687067677481286,0.04171954524031173,0.3630538494846986,0.04054274163718869,136c8da3d36df3df7bb010996d020b6c5730ff50a1e6614d78f88afc49ae266c
series_std_f32_p0,1,58,0,2.4326256625089466,0.058054696388093976,0.38473114672400693,1669.8075420717641,1.5844129119813033e-08,1e-05,1,cost,0.032095614567130705,2.115273202214496,0.03613373197897098,0.4359017318188455,0.15002906478567962,0.6066620636329649,0.11739018535513489,136c8da3d36df3df7bb010996d020b6c5730ff50a1e6614d78f88afc49ae266c
series_std_f32_p0,1,59,1,8.253413699383039,0.05827117038401021,0.48415438451120885,1707.7354316907704,4.61504210125252e-08,1e-05,1,cost,3.658135383499683e-08,7.89161531566454,0.0983212592498911,0.5238636652478534,0.0458459224438302,0.40733905537245496,0.07580079202068177,136c8da3d36df3df7bb010996d020b6c5730ff50a1e6614d78f88afc49ae266c
series_std_f32_p0,1,60,1,6.534141916181583,0.03835553402963483,0.5448100813439342,1842.0016191327297,2.5780382079121367e-08,1e-05,1,cost,3.820075669680456e-08,6.603773514207141,0.10598162292546066,0.5838829777343715,0.010544213528182796,0.6380925959530628,0.06691905378377536,136c8da3d36df3df7bb010996d020b6c5730ff50a1e6614d78f88afc49ae266c
series_std_f32_p0,1,61,1,3.559731130538907,0.00829520251115998,0.468944577434757,1681.2203423506685,4.0972711026765474e-07,1e-05,1,cost,0.00028416504987914364,3.918395316136757,0.053134138132709625,0.4339665732710274,0.09153343566964703,0.8438818657330697,0.08060068751397725,136c8da3d36df3df7bb010996d020b6c5730ff50a1e6614d78f88afc49ae266c
series_std_f32_p0,1,62,0,2.5907923064560148,0.07260022921209791,0.34780015502478767,1596.4589319941372,1.4755870345051214e-08,1e-05,1,cost,0.011565244866098655,2.078511023959135,0.04006140014157583,0.41301836929591507,0.24646551141263118,0.8122239601095018,0.15790632843354369,136c8da3d36df3df7bb010996d020b6c5730ff50a1e6614d78f88afc49ae266c
series_std_f32_p0,1,63,1,2.7548526046852193,0.6176477769824089,0.3821325791748033,1549.1714522203094,1.872644231348808e-08,1e-05,1,cost,1.6513149000974003e-08,2.6137550277916004,0.04752445333866216,0.40444406575653136,0.05398270893536427,11.99642044446073,0.05516581517890089,136c8da3d36df3df7bb010996d020b6c5730ff50a1e6614d78f88afc49ae266c
series_std_f32_p0,1,64,1,5.909528104847441,0.014396874014694666,0.25017360996295035,1633.0193618530789,6.79394905611641e-08,1e-05,1,cost,2.419746161219649e-07,5.860368252397157,0.0860479582779752,0.24783542849983065,0.008388526169865773,0.8326877905901495,0.009434411687113982,136c8da3d36df3df7bb010996d020b6c5730ff50a1e6614d78f88afc49ae266c
series_std_f32_p0,1,65,1,4.302838399542442,0.028326996329141867,0.38917562332058847,1586.657774567983,2.490630741924793e-08,1e-05,1,cost,1.0656410365239566e-07,4.30400773568873,0.06013904754071456,0.3849879814744761,0.0002716854192876007,0.5289749757016972,0.01087733136518704,136c8da3d36df3df7bb010996d020b6c5730ff50a1e6614d78f88afc49ae266c
series_std_f32_p0,1,66,1,4.077019221594209,0.02165041472327234,0.5407605064094271,1550.167295758524,5.517774903651684e-08,1e-05,1,cost,5.473953632040285e-08,4.318348807741663,0.0696148764751192,0.5222439031398431,0.055884690397129115,0.6889972974237721,0.03545585340155838,136c8da3d36df3df7bb010996d020b6c5730ff50a1e6614d78f88afc49ae266c
series_std_f32_p0,1,67,1,4.059720811158214,0.031397992688763275,0.3310227756353344,1594.3273366377457,3.023008092462032e-08,1e-05,1,cost,2.412969117571162e-08,3.960109834459873,0.05446496730124102,0.34712685755406425,0.02515358938571642,0.4235194796849194,0.04639249763675139,136c8da3d36df3df7bb010996d020b6c5730ff50a1e6614d78f88afc49ae266c
series_std_f32_p0,1,68,1,3.9233186217046323,0.009496009354010106,0.3224637682570265,1703.727399008658,3.3627786605316956e-07,1e-05,1,cost,0.010279353823191869,4.125198537854926,0.06517888389637731,0.30870120331280154,0.048938230317338835,0.854308500140827,0.04458215516017793,136c8da3d36df3df7bb010996d020b6c5730ff50a1e6614d78f88afc49ae266c
series_std_f32_p0,1,69,1,3.9524903712406343,0.00676507244598256,0.501327015842036,1621.94565749083,1.400239901860889e-06,1e-05,1,cost,0.013276904904796598,3.98556651662461,0.06486902888517804,0.5008875673607459,0.008298982151222043,0.8957118279363002,0.0008773395666528405,136c8da3d36df3df7bb010996d020b6c5730ff50a1e6614d78f88afc49ae266c
series_std_f32_p0,1,70,1,7.665036633594021,0.02579159323280518,0.47421348326003,1700.687211379907,2.7467681074089256e-08,1e-05,1,cost,3.975737425387926e-08,7.891559196280233,0.09356397053860316,0.48752392280374107,0.02870441151768655,0.7243426814367189,0.027302125949354425,136c8da3d36df3df7bb010996d020b6c5730ff50a1e6614d78f88afc49ae266c
series_std_f32_p0,1,71,1,8.464708866558947,0.05443070788064258,0.3807086163023145,1777.7732858536367,3.072982138196956e-08,1e-05,1,cost,0.015369350806234586,6.916515443621282,0.10275469519295186,0.49651413371788505,0.22384008762179192,0.4702849560457254,0.23323710152704377,136c8da3d36df3df7bb010996d020b6c5730ff50a1e6614d78f88afc49ae266c
series_std_f32_p0,1,72,1,5.9543432574513275,0.21843101253029407,0.3803705803183943,1581.9271613752535,4.8224843479660606e-08,1e-05,1,cost,3.688371411070257e-08,5.806770596147759,0.10944570523234433,0.395861478749134,0.025413895531101068,0.9957933668258868,0.03913211884038006,136c8da3d36df3df7bb010996d020b6c5730ff50a1e6614d78f88afc49ae266c
series_std_f32_p0,1,73,1,5.465520560885195,0.07773098108192508,0.24101962445295178,1681.9052400373023,3.2409362221708093e-08,1e-05,1,cost,3.391904589145067e-08,5.499298916315833,0.09796057576842863,0.23441611969975687,0.0061423021269894785,0.2065075110861412,0.028170011352686656,136c8da3d36df3df7bb010996d020b6c5730ff50a1e6614d78f88afc49ae266c
series_std_f32_p0,1,74,1,6.542429605050488,0.054054703649526886,0.27732357244558503,1606.2757369537414,2.7487247533652948e-08,1e-05,1,cost,1.6755860698935976e-08,6.778536214374777,0.11849103027356377,0.26247121425960335,0.03483150371367701,0.5438076323184196,0.056586617423469564,136c8da3d36df3df7bb010996d020b6c5730ff50a1e6614d78f88afc49ae266c
series_std_f32_p0,1,75,1,3.71862376952119,1.0105358745052668,0.35972994641973466,1578.7906841128763,2.1693496610186713e-08,1e-05,1,cost,2.9569888967961866e-08,3.8274040190471252,0.0693656600294252,0.3599723718133179,0.02842141801194466,13.568244201476542,0.0006734555553863165,136c8da3d36df3df7bb010996d020b6c5730ff50a1e6614d78f88afc49ae266c
series_std_f32_p0,1,76,1,5.32015830883979,0.0666863354956086,0.2104595748557616,1608.9555085354798,2.506596204210343e-08,1e-05,1,cost,3.136891753297011e-08,5.517071424189092,0.10416267828701709,0.20492231292761673,0.0356916016142105,0.3597866664693814,0.027021273813656252,136c8da3d36df3df7bb010996d020b6c5730ff50a1e6614d78f88afc49ae266c
series_std_f32_p0,1,77,1,4.013653795955641,0.012028147771591967,0.2341134631208062,1617.9009953648308,4.67759888600483e-08,1e-05,1,cost,0.00780312416329504,3.983292316771837,0.050699406944366594,0.23196580657460686,0.007622207151598043,0.7627556514656931,0.009258504854285865,136c8da3d36df3df7bb010996d020b6c5730ff50a1e6614d78f88afc49ae266c
series_std_f32_p0,1,78,1,6.574730205863483,0.06262140656183257,0.5364602811603865,1783.611337442587,4.4062742010630984e-08,1e-05,1,cost,4.383745488834023e-08,6.3229683487339265,0.08029791300093413,0.5974137776629855,0.039817035804072635,0.22013656119426067,0.10202894339170111,136c8da3d36df3df7bb010996d020b6c5730ff50a1e6614d78f88afc49ae266c
series_std_f32_p0,1,79,1,5.892310617263352,0.11490053294572018,0.33835747177639797,1557.7414678666114,4.214211224429221e-08,1e-05,1,cost,2.9371274995471097e-08,5.919829092989421,0.07743150161903066,0.33786641829695924,0.004648525370210058,0.4838990661842028,0.0014533953445681922,136c8da3d36df3df7bb010996d020b6c5730ff50a1e6614d78f88afc49ae266c
series_std_f32_p0,1,80,1,4.725438032365338,0.24597438205979505,0.21567709613514302,1577.3824491720575,2.875138491870155e-08,1e-05,1,cost,3.413117034140045e-08,4.120329247243738,0.06080036003598005,0.26234637432696306,0.14685932817781078,3.045607327230199,0.1778918359803821,136c8da3d36df3df7bb010996d020b6c5730ff50a1e6614d78f88afc49ae266c
series_std_f32_p0,1,81,1,3.4995701367851595,0.009640953265358637,0.5668578099819394,1558.4367976019253,7.262403689256569e-07,1e-05,1,cost,7.772890235346885e-07,4.2987771643799375,0.07661895058315665,0.4781109708063665,0.18591497000986254,0.8741701212039568,0.18561975063214992,136c8da3d36df3df7bb010996d020b6c5730ff50a1e6614d78f88afc49ae266c
series_std_f32_p0,1,82,1,5.3167281946878,0.09069996066477035,0.33810571821931146,1649.0483228237047,2.126406159486116e-08,1e-05,1,cost,2.4598985431945053e-08,7.297137205367871,0.1326341961491499,0.24484334366313157,0.2713953369580685,0.316164584261691,0.3809063099730218,136c8da3d36df3df7bb010996d020b6c5730ff50a1e6614d78f88afc49ae266c
series_std_f32_p0,1,83,0,2.625837996348099,0.0001,0.2696261896840618,2662.3326832514967,0.004636912104068476,1e-05,0,cost,0.0026936551414454973,2.0048344718429023,0.025003378984462622,0.2825060099314001,0.3097530161352184,0.9960005405644516,0.04559131414749676,136c8da3d36df3df7bb010996d020b6c5730ff50a1e6614d78f88afc49ae266c
series_std_f32_p0,1,84,1,2.501876911494694,0.0953873705873192,0.2961137359792673,1572.4590404371133,1.7165232603366665e-08,1e-05,1,cost,1.5912823961294897e-08,2.18459219795674,0.034195329948470965,0.34678401588261654,0.14523750191670184,1.7894853107444406,0.14611480801497112,136c8da3d36df3df7bb010996d020b6c5730ff50a1e6614d78f88afc49ae266c
series_std_f32_p0,1,85,1,6.677754507274683,0.05097783347519569,0.5163324444966253,1668.7994276386069,3.4059476239356457e-08,1e-05,1,cost,5.484006707079381e-08,6.758238014203197,0.08053032273380695,0.5372921318982486,0.01190894827311042,0.36697343628308854,0.039009853592258927,136c8da3d36df3df7bb010996d020b6c5730ff50a1e6614d78f88afc49ae266c
series_std_f32_p0,1,86,1,4.986535275990898,0.07160402835409116,0.4927369583733053,1597.7049027890575,4.737501693719004e-08,1e-05,1,cost,3.541606480306214e-08,4.977864183715684,0.06792156164271182,0.49410833496124434,0.001741930264706685,0.054216461199026025,0.002775457305423983,136c8da3d36df3df7bb010996d020b6c5730ff50a1e6614d78f88afc49ae266c
series_std_f32_p0,1,87,1,0.2,0.0001,1.0915991146598207,3938.9465956472955,0.005701060084444149,1e-05,0,cost,0.007066151591685325,2.0436555763278843,0.03232738281035807,0.39542561525755704,0.9021361513570857,0.9969066472041169,1.7605675316426255,136c8da3d36df3df7bb010996d020b6c5730ff50a1e6614d78f88afc49ae266c
series_std_f32_p0,1,88,1,6.462966478641974,0.07071309608878393,0.41111589191448505,1586.6095233067736,5.0895051173505124e-08,1e-05,1,cost,2.5407919684861113e-08,6.556237870739479,0.1096260246672722,0.42053822586084577,0.014226358764952063,0.35496068289070554,0.02240541612376166,136c8da3d36df3df7bb010996d020b6c5730ff50a1e6614d78f88afc49ae266c
series_std_f32_p0,1,89,1,3.375277826708053,0.543900656210061,0.2039816927578592,1523.1409014359633,2.746618644328125e-08,1e-05,1,cost,2.283739106156979e-08,3.179887016316008,0.05040254349060129,0.2189759228820353,0.06144583420401243,9.791135100384047,0.06847433236874009,136c8da3d36df3df7bb010996d020b6c5730ff50a1e6614d78f88afc49ae266c
series_std_f32_p0,1,90,1,6.805234764712185,0.021006344350080784,0.21065055088482126,1552.2825611764958,1.6339372715945544e-08,1e-05,1,cost,0.007636304877354394,7.024097145121941,0.09808284877634033,0.20929773514846606,0.0311587917831904,0.7858306053285439,0.0064635947225878095,136c8da3d36df3df7bb010996d020b6c5730ff50a1e6614d78f88afc49ae266c
series_std_f32_p0,1,91,1,3.3395661557537166,0.11799255062351821,0.4567598791367962,1639.404958526741,3.95145926535001e-08,1e-05,1,cost,2.6711247533284244e-08,3.3089077635513595,0.051096641027234026,0.46596508857819763,0.009265411547601528,1.3092036629301975,0.019755148329865923,136c8da3d36df3df7bb010996d020b6c5730ff50a1e6614d78f88afc49ae266c
series_std_f32_p0,1,92,1,5.989027107927482,0.05608884393170204,0.5385989364666963,1691.1503952097878,3.4664721065835735e-08,1e-05,1,cost,3.033806114660642e-08,6.465762049666184,0.07194816726220786,0.537722915434959,0.0737322125492253,0.22042706484389116,0.0016291309270848806,136c8da3d36df3df7bb010996d020b6c5730ff50a1e6614d78f88afc49ae266c
series_std_f32_p0,1,93,0,3.806399734983037,0.09353950200444146,0.18307865405888415,1642.0071834416513,1.9295217108111773e-08,1e-05,1,cost,0.003521027594627462,2.689240135630288,0.04467020986058792,0.2093673522102363,0.4154183126122783,1.0940018481303446,0.12556254771256956,136c8da3d36df3df7bb010996d020b6c5730ff50a1e6614d78f88afc49ae266c
series_std_f32_p0,1,94,1,3.5404489174749267,0.04353784474385208,0.3826499082217961,1654.295438157077,1.4981821172543874e-08,1e-05,1,cost,1.8638900839418326e-08,3.603592833085251,0.059533884825332756,0.3707900263510714,0.017522488953410117,0.2686879938779682,0.03198543927256436,136c8da3d36df3df7bb010996d020b6c5730ff50a1e6614d78f88afc49ae266c
series_std_f32_p0,1,95,1,4.622965594004733,0.21134764758443625,0.4348517714420278,1737.0177058483,3.648054416882651e-08,1e-05,1,cost,3.015472843648226e-08,4.205518776284162,0.07086674766082877,0.4755993518971609,0.09926167018315195,1.9823246382909363,0.08567627414249289,136c8da3d36df3df7bb010996d020b6c5730ff50a1e6614d78f88afc49ae266c
series_std_f32_p0,1,96,1,6.631905948519832,0.07815894812027344,0.2239063307808144,1713.184988293458,3.5134454942631343e-08,1e-05,1,cost,2.2737080662693643e-08,7.300581750315821,0.11729542339653341,0.230879937588238,0.0915921257599865,0.33365730855460324,0.030204472854027914,136c8da3d36df3df7bb010996d020b6c5730ff50a1e6614d78f88afc49ae266c
series_std_f32_p0,1,97,1,6.527751829257142,0.07438972363126291,0.46048150107802893,1585.1622997185343,4.990480897970606e-08,1e-05,1,cost,0.03776415654808382,5.502566541404262,0.10732570423591183,0.5416916139421768,0.18631038446129397,0.30687877465264596,0.14991945744394833,136c8da3d36df3df7bb010996d020b6c5730ff50a1e6614d78f88afc49ae266c
series_std_f32_p0,1,98,1,4.632492940172678,0.04966608062686021,0.2980663223138074,1684.7664963319908,2.4210974683414044e-08,1e-05,1,cost,3.12033129334921e-08,4.96076752074282,0.06496530279343189,0.2778631535794055,0.06617415131781587,0.23549835848865558,0.07270906010439568,136c8da3d36df3df7bb010996d020b6c5730ff50a1e6614d78f88afc49ae266c
series_std_f32_p0,1,99,1,7.445572265410514,0.054568149480900496,0.40960583895417935,1715.9509378781568,3.814785781708352e-08,1e-05,1,cost,0.007383610516559731,5.689548746736849,0.09080661170656715,0.5410919621310958,0.3086402097672167,0.3990729479343174,0.24300143483754055,136c8da3d36df3df7bb010996d020b6c5730ff50a1e6614d78f88afc49ae266c
series_std_f32_p0,1,100,1,4.238562795227374,0.0062749943161365795,0.5850061149785282,1591.4974616239567,0.0012185665720384157,1e-05,0,cost,0.01713334232428421,4.509400713433751,0.07123051135205746,0.5552830397428754,0.060060734323196426,0.9119058083814341,0.05352779232986492,136c8da3d36df3df7bb010996d020b6c5730ff50a1e6614d78f88afc49ae266c
series_std_f32_p0,1,101,1,2.3192452605325924,0.14943056691791837,0.36191010673921686,1656.4216088260139,2.320437689218302e-08,1e-05,1,cost,2.0858188301553504e-08,2.6431933362204036,0.0390608948833079,0.35003265876306755,0.12255935699014592,2.8255797099460547,0.033932399388449636,136c8da3d36df3df7bb010996d020b6c5730ff50a1e6614d78f88afc49ae266c
series_std_f32_p0,1,102,1,7.771601269892923,0.067129027489752,0.37501916063720786,1843.5389270966252,3.2154225920733026e-08,1e-05,1,cost,2.6969618049932365e-07,7.094404883718467,0.1195485133432284,0.43894317154887624,0.09545499548927762,0.43847877641922683,0.1456316331020779,136c8da3d36df3df7bb010996d020b6c5730ff50a1e6614d78f88afc49ae266c
series_std_f32_p0,1,103,1,4.631788877113709,0.03932109414528556,0.24158556142084583,1642.5215543212566,2.3145505401167554e-08,1e-05,1,cost,1.0316933179849164e-06,4.667109458702844,0.07298968460196487,0.2397068399921524,0.007567977974733744,0.4612787497340816,0.007837579556573972,136c8da3d36df3df7bb010996d020b6c5730ff50a1e6614d78f88afc49ae266c
series_std_f32_p0,1,104,1,8.60949050350095,0.06043037244413183,0.36703378486608046,1772.54920028798,4.021240745943899e-08,1e-05,1,cost,9.125863031922421e-08,7.923060203441778,0.1167498441691765,0.44173274679668617,0.08663701681340089,0.4823944059696977,0.16910442450169305,136c8da3d36df3df7bb010996d020b6c5730ff50a1e6614d78f88afc49ae266c
series_std_f32_p0,1,105,1,3.2598560225702298,0.13736670086559344,0.42293340279605196,1547.4685576835257,2.5046640594883485e-08,1e-05,1,cost,2.4038985024787962e-08,2.6679620930701304,0.02861401843329752,0.5139779183114304,0.22185245099152942,3.800678422214992,0.1771370175094031,136c8da3d36df3df7bb010996d020b6c5730ff50a1e6614d78f88afc49ae266c
series_std_f32_p0,1,106,1,2.094590618756218,0.2882980964188592,0.5346692968773182,1637.1507632440857,4.878523973683713e-08,1e-05,1,cost,3.856145883163187e-08,2.0726381744995432,0.029752945992968224,0.5631850147739523,0.010591546815437463,8.689732791065301,0.05063294858454207,136c8da3d36df3df7bb010996d020b6c5730ff50a1e6614d78f88afc49ae266c
series_std_f32_p0,1,107,1,6.70841648100701,0.0645795772927934,0.22189524092705926,1623.655163833383,1.738900812231492e-08,1e-05,1,cost,1.8205631335810324e-08,7.792544338949571,0.10792446978417775,0.21746806224387352,0.13912373299228487,0.4016224733655251,0.02035783386997304,136c8da3d36df3df7bb010996d020b6c5730ff50a1e6614d78f88afc49ae266c
series_std_f32_p0,1,108,1,7.3041095128204425,0.0805752920880445,0.16492245857688795,1744.2556645583575,2.529222482838822e-08,1e-05,1,cost,2.545897614947279e-08,7.312819377415955,0.12910119319141405,0.22060188814428594,0.0011910405749129625,0.37587492341315404,0.252397792402305,136c8da3d36df3df7bb010996d020b6c5730ff50a1e6614d78f88afc49ae266c
series_std_f32_p0,1,109,1,3.8140185014963635,0.0001,0.2202385560989284,3642.08250346461,0.005627454470063191,1e-05,0,cost,0.0063632152365161645,2.765834186081775,0.044318505882354364,0.2841061639041478,0.378975833290824,0.997743606242831,0.22480190829920588,136c8da3d36df3df7bb010996d020b6c5730ff50a1e6614d78f88afc49ae266c
series_std_f32_p0,1,110,1,6.308612792647331,0.02196986474611022,0.4478177554380077,1580.1828608496348,3.17387549575443e-08,1e-05,1,cost,2.303800161751468e-08,6.766974318948115,0.09625628553592346,0.4256444363657461,0.06773507696302795,0.7717565702458887,0.05209352496553862,136c8da3d36df3df7bb010996d020b6c5730ff50a1e6614d78f88afc49ae266c
series_std_f32_p0,1,111,1,6.344450373492393,0.037852814190085314,0.23129894973941684,1610.3987077890372,1.6245466152864374e-08,1e-05,1,cost,1.6743010228248423e-08,6.468202162720069,0.09161355505511073,0.22843735995870046,0.019132331691938835,0.5868208130629282,0.012526802889132186,136c8da3d36df3df7bb010996d020b6c5730ff50a1e6614d78f88afc49ae266c
series_std_f32_p0,1,112,1,3.148773151204782,0.01666233008266885,0.45453155457631594,1642.0578610868577,5.914350983959871e-08,1e-05,1,cost,4.812876315540837e-08,3.532123822320552,0.056959339160370194,0.4043686097457172,0.10853262524186215,0.7074697437104086,0.12405251946273269,136c8da3d36df3df7bb010996d020b6c5730ff50a1e6614d78f88afc49ae266c
series_std_f32_p0,1,113,1,5.052928641817391,0.23661542647123274,0.37096458270280674,1565.5757489455143,3.7469742197870914e-08,1e-05,1,cost,3.6772034500698325e-08,5.298736146451533,0.10148602641770942,0.3501443949160487,0.04638983671582789,1.331507448102659,0.05946171947647463,136c8da3d36df3df7bb010996d020b6c5730ff50a1e6614d78f88afc49ae266c
series_std_f32_p0,1,114,1,2.4425176808637934,0.01983626231208296,0.50298861554331,1525.890773091931,2.0899893218850885e-08,1e-05,1,cost,0.015087135846047617,2.31445655889359,0.02951513391625971,0.5184987408832046,0.055330968074605906,0.32792911025366267,0.029913525563195844,136c8da3d36df3df7bb010996d020b6c5730ff50a1e6614d78f88afc49ae266c
series_std_f32_p0,1,115,1,7.925653026149947,0.0638717645943243,0.43419593164170994,1705.189422036246,3.875551565779567e-08,1e-05,1,cost,2.4681392873926455e-08,6.058601727440957,0.09256306730545974,0.5678940176841119,0.30816537919180875,0.3099649087519285,0.23542788245529783,136c8da3d36df3df7bb010996d020b6c5730ff50a1e6614d78f88afc49ae266c
series_std_f32_p0,1,116,0,3.0671530132485176,0.0792261418568182,0.3263691572633603,1625.551489458723,1.8351619036904854e-08,1e-05,1,cost,0.014428297348251577,2.1936616653699543,0.04063309900284778,0.4248898245856302,0.39818872785528286,0.9497932424811016,0.23187344488268516,136c8da3d36df3df7bb010996d020b6c5730ff50a1e6614d78f88afc49ae266c
series_std_f32_p0,1,117,1,4.590460730864985,0.05272993583734941,0.2365025267027546,1628.5092941714722,2.2584865325137038e-08,1e-05,1,cost,1.986234869633119e-08,4.404988712572085,0.07642387246905477,0.2471344552601901,0.0421049928603794,0.3100331855245808,0.043020826643706586,136c8da3d36df3df7bb010996d020b6c5730ff50a1e6614d78f88afc49ae266c
series_std_f32_p0,1,118,1,5.48727047795433,0.056838481197793014,0.3558320293096455,1556.1017563676926,3.55598893386766e-08,1e-05,1,cost,2.679309703268462e-08,6.201589553715154,0.08668714829120873,0.31902863608594023,0.11518322352257263,0.34432632381843825,0.11536078289157455,136c8da3d36df3df7bb010996d020b6c5730ff50a1e6614d78f88afc49ae266c
series_std_f32_p0,1,119,1,5.812126955870192,0.021327318484442925,0.36450145442735116,1633.3981966117387,3.309046983646091e-08,1e-05,1,cost,3.1077000833823476e-08,6.0227346560183275,0.09007548667244841,0.35198870976691643,0.03496878281657019,0.763228384632571,0.03554871026607798,136c8da3d36df3df7bb010996d020b6c5730ff50a1e6614d78f88afc49ae266c
series_std_f32_p0,1,120,1,5.39620170971488,0.294051018697661,0.39521973187184495,1643.440326759726,6.034599447923839e-08,1e-05,1,cost,2.5458360780605815e-08,5.039796936447014,0.07071216342323781,0.4216405653581371,0.07071808205017215,3.1584220374882257,0.06266198192730951,136c8da3d36df3df7bb010996d020b6c5730ff50a1e6614d78f88afc49ae266c
series_std_f32_p0,1,121,1,4.113255331822616,0.07443173516454019,0.4271061427747704,1594.6025793249419,2.1611797740295202e-08,1e-05,1,cost,3.488470302903668e-08,4.368234665615803,0.07198330664624761,0.4006095374431297,0.058371253678341777,0.03401383782388679,0.06614072520777693,136c8da3d36df3df7bb010996d020b6c5730ff50a1e6614d78f88afc49ae266c
series_std_f32_p0,1,122,1,2.6236804743563242,0.013418556815680004,0.37537182239932626,1582.8065015460925,5.156761780089614e-08,1e-05,1,cost,0.023037756279143895,2.6303477770796464,0.03953322325652485,0.3838528891139764,0.0025347609093443013,0.6605751894145058,0.022094575695982045,136c8da3d36df3df7bb010996d020b6c5730ff50a1e6614d78f88afc49ae266c
series_std_f32_p0,1,123,1,5.325064243754142,0.3080614540732475,0.46425709871988335,1590.563503384799,3.226882977491741e-08,1e-05,1,cost,4.120503169224854e-08,4.952751793906503,0.06971508201016255,0.502630472997827,0.07517284639737119,3.4188638267447002,0.07634510110195722,136c8da3d36df3df7bb010996d020b6c5730ff50a1e6614d78f88afc49ae266c
series_std_f32_p0,1,124,1,7.647871343745463,0.06502765898971924,0.43301310248161634,1755.3636897184786,2.9296109399501447e-08,1e-05,1,cost,9.232209400855673e-07,5.952846842265256,0.09836865423370328,0.5577515603854013,0.2847418296478788,0.3389392231063041,0.22364519754564524,136c8da3d36df3df7bb010996d020b6c5730ff50a1e6614d78f88afc49ae266c
series_std_f32_p0,1,125,1,4.413970073880861,0.03037436553037743,0.40772274700517613,1634.4713978602417,3.244670437885233e-08,1e-05,1,cost,2.1387951174012265e-08,4.439454984492341,0.050832701001735876,0.4134015859787176,0.0057405493918741245,0.40246406482826513,0.01373685821765048,136c8da3d36df3df7bb010996d020b6c5730ff50a1e6614d78f88afc49ae266c
series_std_f32_p0,1,126,1,5.520179111755785,0.05727062356675494,0.41867159968368794,1632.185231431279,3.0846515230997795e-08,1e-05,1,cost,9.043752696724638e-08,6.127274485029768,0.08537688278313814,0.3849646777429629,0.09908081884649468,0.3292022184479914,0.08755847975026641,136c8da3d36df3df7bb010996d020b6c5730ff50a1e6614d78f88afc49ae266c
series_std_f32_p0,1,127,0,3.854049314289493,0.0030224128202781947,0.3411358530963723,1677.6266058556794,0.002705876704139923,1e-05,0,cost,0.011990499571823675,3.436516165974801,0.05361325698768471,0.3671292771614686,0.12149896236447777,0.9436256442884553,0.07080182835340597,136c8da3d36df3df7bb010996d020b6c5730ff50a1e6614d78f88afc49ae266c
series_std_f32_p0,2,0,0,9.617523541318395,0.004897356657898644,0.27165973635634816,5199.678635547655,0.03382529325718576,1e-05,0,cost,0.027153042310319953,7.66193324607077,0.12488383317490416,0.43349673090252455,0.2552345775461434,0.9607847026040615,0.37332921567652333,c09038702d0ca23ee62fab152a6a75690079b31404aed6721c858c2651625974
series_std_f32_p0,2,1,1,7.629850778226406,0.12435242297025223,0.515361673897816,1431.8090097401391,5.276549716604073e-08,1e-05,1,cost,6.583912995350438e-08,7.107985503602176,0.11549221983094739,0.5423598261986978,0.0734195749779962,0.0767168832002193,0.049779041508489025,c09038702d0ca23ee62fab152a6a75690079b31404aed6721c858c2651625974
series_std_f32_p0,2,2,1,2.0292115826004484,0.04281534983544416,0.49624179079668207,1653.3577354814784,6.723469447855734e-08,1e-05,1,cost,0.018313912049382097,2.4331970156836236,0.034169598356260614,0.43532943072441654,0.1660307120546392,0.2530246738355196,0.13992244900810724,c09038702d0ca23ee62fab152a6a75690079b31404aed6721c858c2651625974
series_std_f32_p0,2,3,1,4.139819589921009,0.12223374895500316,0.2838110278802656,1497.4122952257733,2.923991689052219e-08,1e-05,1,cost,3.5601426445763806e-08,3.7467846984055893,0.05336747045507642,0.309522998672487,0.10489924646128514,1.2904167634832324,0.08306966171333789,c09038702d0ca23ee62fab152a6a75690079b31404aed6721c858c2651625974
series_std_f32_p0,2,4,1,2.7594648461577886,0.18659528793312302,0.368620406071205,1557.4103050274311,2.1578169299985017e-08,1e-05,1,cost,1.723611867121555e-08,2.5205070814098667,0.03852175628215398,0.4129453129711349,0.09480543280769477,3.843893579679991,0.10733844290667185,c09038702d0ca23ee62fab152a6a75690079b31404aed6721c858c2651625974
series_std_f32_p0,2,5,1,3.856834558317688,0.007481867706474524,0.33291264973381884,1615.7472151175384,3.88251210736712e-07,1e-05,1,cost,0.009702870495206349,4.099439817456933,0.050781524716599497,0.3158350441039742,0.05918010019470012,0.8526655560613988,0.05407128166633275,c09038702d0ca23ee62fab152a6a75690079b31404aed6721c858c2651625974
series_std_f32_p0,2,6,1,3.70411715264703,0.04685852828674752,0.25103616883013696,1593.0459538976352,1.821683603964175e-08,1e-05,1,cost,1.4348747981451915e-08,3.6780588679031005,0.04318808870759348,0.25698606285261066,0.007084792734376581,0.08498731221946122,0.02315259417739765,c09038702d0ca23ee62fab152a6a75690079b31404aed6721c858c2651625974
series_std_f32_p0,2,7,1,2.1092906721907623,1.488155022439472,0.6106586523304751,1571.2590485736048,8.764917366899105e-08,1e-05,1,cost,7.573155511031437e-08,2.2748718879631347,0.03589734399470002,0.5904684822246389,0.07278705084383007,40.4558531867758,0.03419347638974412,c09038702d0ca23ee62fab152a6a75690079b31404aed6721c858c2651625974
series_std_f32_p0,2,8,1,3.5593829569589306,0.007794917718625057,0.3222340220700462,1576.5349539096133,2.6288501094040573e-07,1e-05,1,cost,2.7894609455625385e-07,3.7427791582228913,0.052888921934059634,0.3046354389473463,0.04900000601452506,0.8526171940440849,0.057769323173662915,c09038702d0ca23ee62fab152a6a75690079b31404aed6721c858c2651625974
series_std_f32_p0,2,9,1,4.025143421329122,0.010107948952571694,0.52197642977745,1543.7687750351374,2.5428027305984813e-07,1e-05,1,cost,0.01163220233259045,4.364955469123513,0.057929897248945726,0.4851151432907607,0.07785006060156337,0.8255141225413506,0.07598461313048704,c09038702d0ca23ee62fab152a6a75690079b31404aed6721c858c2651625974
series_std_f32_p0,2,10,1,2.6128463253685155,0.06356735494530721,0.4703105986348445,1594.1779422913544,1.5360795357910462e-08,1e-05,1,cost,2.364390234987912e-08,2.929401115705847,0.046731200462293905,0.42512215510687656,0.10806126502790549,0.3602765243875541,0.10629519770995574,c09038702d0ca23ee62fab152a6a75690079b31404aed6721c858c2651625974
series_std_f32_p0,2,11,1,1.4767449437641824,0.07684231175487594,0.5393163355230733,1503.688463915251,1.6276007590299013e-08,1e-05,1,cost,0.008050239094873912,2.1409405384403595,0.03492888069643343,0.4318337315367098,0.310235423520932,1.1999649064827398,0.2488981201257238,c09038702d0ca23ee62fab152a6a75690079b31404aed6721c858c2651625974
series_std_f32_p0,2,12,1,4.05967556599336,0.14807270754015844,0.25607123645008933,1600.8236191965984,2.4503037855672094e-08,1e-05,1,cost,2.7815206152248528e-08,3.475443148520294,0.045625172275191035,0.3009554993155038,0.16810299938924594,2.2454169520072997,0.14913920153477736,c09038702d0ca23ee62fab152a6a75690079b31404aed6721c858c2651625974
series_std_f32_p0,2,13,1,4.590098632740621,0.11998854431763115,0.4185547885537805,1580.21225241224,3.2914765940583735e-08,1e-05,1,cost,3.0751563989683817e-08,4.383492317785077,0.0620392302928347,0.4316979388115358,0.047132811004888385,0.9340753221996272,0.030445246724916955,c09038702d0ca23ee62fab152a6a75690079b31404aed6721c858c2651625974
series_std_f32_p0,2,14,1,4.57975237941605,0.5589245416263977,0.5777517068052866,1675.8743027185476,3.985807386919227e-08,1e-05,1,cost,3.599001335841123e-08,4.535533312461739,0.08338125294791263,0.5857839200417314,0.009749474628003534,5.703239899447803,0.013711904614712786,c09038702d0ca23ee62fab152a6a75690079b31404aed6721c858c2651625974
series_std_f32_p0,2,15,1,7.915268622720925,0.2214086367664842,0.5187840986777446,1509.808965811983,5.981521808418044e-08,1e-05,1,cost,5.831895549812671e-08,7.585962161890749,0.1114323971417409,0.54394349399187,0.04340997935429964,0.986932368374474,0.04625369287807222,c09038702d0ca23ee62fab152a6a75690079b31404aed6721c858c2651625974
series_std_f32_p0,2,16,1,6.261399304022921,0.07556092192169926,0.4773354096438255,1426.029375241071,3.8965495552378826e-08,1e-05,1,cost,4.092511629583129e-08,5.998593002273881,0.09471812069613306,0.4953306142413841,0.04381132403038822,0.2022548445180026,0.03632968381152632,c09038702d0ca23ee62fab152a6a75690079b31404aed6721c858c2651625974
series_std_f32_p0,2,17,1,5.512233090866519,0.049059732159734186,0.5508143914294986,1560.788811719185,3.4768556311792764e-08,1e-05,1,cost,2.485013614328402e-08,5.398943265384813,0.09075599991377564,0.57682677328866,0.02098370364587102,0.459432630279604,0.045095656206901,c09038702d0ca23ee62fab152a6a75690079b31404aed6721c858c2651625974
series_std_f32_p0,2,18,1,3.951077113564386,0.45419426458449486,0.45859264948888356,1564.7583104818307,2.382227456965147e-08,1e-05,1,cost,3.175775407926462e-08,3.6592076967429334,0.0606610821392251,0.49343191961710314,0.07976300910201027,6.48740788273542,0.07060603244973371,c09038702d0ca23ee62fab152a6a75690079b31404aed6721c858c2651625974
series_std_f32_p0,2,19,1,1.9177464722126265,0.006244044937853084,0.45035481021194923,1629.7383024993983,5.312904644283467e-07,1e-05,1,cost,0.019855243866826217,2.1590212139213847,0.03237531783345167,0.4086344011008533,0.11175190875986621,0.8071356404908727,0.10209715334465708,c09038702d0ca23ee62fab152a6a75690079b31404aed6721c858c2651625974
series_std_f32_p0,2,20,1,2.810035494371751,0.10793154139329794,0.282632283345603,1694.4616054999426,1.2958977432808716e-08,1e-05,1,cost,1.0647737025415438e-08,3.6644685576993385,0.06136582590169716,0.209893140687058,0.23316697902410866,0.7588216211119704,0.3465532147474797,c09038702d0ca23ee62fab152a6a75690079b31404aed6721c858c2651625974
series_std_f32_p0,2,21,1,3.6412578932012827,0.005066426475805134,0.26333063580159416,1644.5622310025472,6.734265229346725e-07,1e-05,1,cost,0.009385206726416342,3.675221613216589,0.046683339239795896,0.25811531087967005,0.009241271299985929,0.89147249193592,0.020205407049082143,c09038702d0ca23ee62fab152a6a75690079b31404aed6721c858c2651625974
series_std_f32_p0,2,22,1,4.922398072181136,0.12573574016752728,0.5253052367165322,1558.2957113140337,5.644095008028316e-08,1e-05,1,cost,3.328438705207937e-08,4.421338129135401,0.06852576236123241,0.5722617444775282,0.11332766877608577,0.8348681697944991,0.08205424915108916,c09038702d0ca23ee62fab152a6a75690079b31404aed6721c858c2651625974
series_std_f32_p0,2,23,1,7.17678797487622,0.09653740511039069,0.5346871656828458,1616.3396040395035,4.719079299553286e-08,1e-05,1,cost,5.950396014808845e-08,7.73023253893694,0.1192343056297217,0.5000887863655867,0.07159481442156333,0.19035545516418326,0.06918447335862904,c09038702d0ca23ee62fab152a6a75690079b31404aed6721c858c2651625974
series_std_f32_p0,2,24,1,6.8685010197775815,0.06895505798665537,0.2935411914641515,1669.2617083636278,3.91808773481106e-08,1e-05,1,cost,3.44954120545804e-08,7.237675172340762,0.10202938142017527,0.29023368046485143,0.05100728393752782,0.3241646962193558,0.011396027483793699,c09038702d0ca23ee62fab152a6a75690079b31404aed6721c858c2651625974
series_std_f32_p0,2,25,1,4.270826301121084,0.03553000181323511,0.3594157788869412,1557.633359872235,1.851000688835036e-08,1e-05,1,cost,1.728239464038328e-08,4.533736892920887,0.06767662983472793,0.348564425746158,0.05798982120253145,0.4750033815217692,0.031131556576819815,c09038702d0ca23ee62fab152a6a75690079b31404aed6721c858c2651625974
series_std_f32_p0,2,26,1,3.5638365413162987,0.0064770807944221805,0.3580443370205459,1689.3730054467944,5.882407739798978e-07,1e-05,1,cost,0.012108105869543284,3.708532750824764,0.04748422547072194,0.34752425592775865,0.039017104399653876,0.8635951048961334,0.030271501667423442,c09038702d0ca23ee62fab152a6a75690079b31404aed6721c858c2651625974
series_std_f32_p0,2,27,1,7.584614631780321,0.09570173869422596,0.37185602595046535,1657.997502121035,5.121599574997582e-08,1e-05,1,cost,5.522786039602323e-08,7.323464506618292,0.11019461782295727,0.3847915976505124,0.03565936926792297,0.13152075314618447,0.033617084621987536,c09038702d0ca23ee62fab152a6a75690079b31404aed6721c858c2651625974
series_std_f32_p0,2,28,1,3.8616564167613903,0.015665227130021157,0.30346021185630884,1504.764672942319,1.1762971890982854e-07,1e-05,1,cost,1.1434213725847187e-07,3.9880361962916817,0.07454770539293268,0.29364715778878797,0.031689727301825156,0.7898630541684485,0.03341784113088238,c09038702d0ca23ee62fab152a6a75690079b31404aed6721c858c2651625974
series_std_f32_p0,2,29,1,7.227369898128677,0.06702969971682544,0.44788471445203143,1520.8936805511012,4.122671376505238e-08,1e-05,1,cost,4.19925606509608e-08,7.373075375987463,0.1073387507375635,0.44332073075073086,0.019761832129550506,0.37553121071150863,0.010294992732624523,c09038702d0ca23ee62fab152a6a75690079b31404aed6721c858c2651625974
series_std_f32_p0,2,30,1,2.2690419756459606,0.069987109659876,0.3633826319364083,1671.7647903040302,1.3811566723642699e-08,1e-05,1,cost,2.010592469597894e-08,2.2045877397946825,0.02777555113182486,0.3910682327649343,0.029236412181662962,1.5197379280688945,0.07079480895899676,c09038702d0ca23ee62fab152a6a75690079b31404aed6721c858c2651625974
series_std_f32_p0,2,31,1,5.222750615722489,0.042903881711095125,0.4947164089453463,1586.8498211506471,2.948154892434829e-08,1e-05,1,cost,2.5205490084001525e-08,5.228111988158105,0.06187673100973518,0.5052479143177404,0.001025489210590581,0.3066233297886248,0.020844233244614756,c09038702d0ca23ee62fab152a6a75690079b31404aed6721c858c2651625974
series_std_f32_p0,2,32,1,4.406353092442052,0.024782998138334147,0.43434972989656456,1548.6644456878773,2.209686142395917e-08,1e-05,1,cost,2.6291134852529652e-08,4.93955266031659,0.07141604015131113,0.3916600173438961,0.10794491010454439,0.6529771451087777,0.10899686121186289,c09038702d0ca23ee62fab152a6a75690079b31404aed6721c858c2651625974
series_std_f32_p0,2,33,1,3.3098422630572193,5.0,0.1720410456739916,1607.671581004043,1.7006546608466788e-08,1e-05,1,cost,2.2949760349055826e-08,2.872998302525655,0.042058649405336386,0.21922585914201234,0.15205159019674125,117.88161105253184,0.2152337942827032,c09038702d0ca23ee62fab152a6a75690079b31404aed6721c858c2651625974
series_std_f32_p0,2,34,1,2.3949250010239536,0.11918684579642948,0.26690156346764204,1638.7917815282508,1.0905468694755172e-08,1e-05,1,cost,1.574760330469438e-08,2.255131720202789,0.03253319788635471,0.27991482572253246,0.061988964799179855,2.6635453487472747,0.04649007862052259,c09038702d0ca23ee62fab152a6a75690079b31404aed6721c858c2651625974
series_std_f32_p0,2,35,1,3.695933655266945,0.022149814917435607,0.5159707124944516,1625.5471597047608,3.558210184828603e-08,1e-05,1,cost,0.016632483221954066,3.971425361147362,0.06718063850997594,0.4947296269094528,0.06936847122334602,0.6702946651192295,0.04293473531732997,c09038702d0ca23ee62fab152a6a75690079b31404aed6721c858c2651625974
series_std_f32_p0,2,36,1,2.491521266704087,0.031464370453780685,0.2856672784768851,1654.4344074891221,1.687475891659629e-08,1e-05,1,cost,0.008825097954064592,2.507316024312086,0.04027295060774383,0.2833794578627076,0.006299468218144771,0.21872199630362812,0.008073346711270609,c09038702d0ca23ee62fab152a6a75690079b31404aed6721c858c2651625974
series_std_f32_p0,2,37,1,2.8177054028459554,0.048155745924842785,0.25615035412405424,1585.6103940983476,1.5267010024244687e-08,1e-05,1,cost,9.795216215913172e-08,2.7606918980411512,0.0431347658306865,0.2605392393613692,0.02065188978359305,0.11640216418155012,0.0168453905372294,c09038702d0ca23ee62fab152a6a75690079b31404aed6721c858c2651625974
series_std_f32_p0,2,38,1,5.637757249728762,0.09874123860801233,0.32175054729158686,1623.7616964147005,2.012794453332134e-08,1e-05,1,cost,2.0646877374463912e-08,7.722349518094632,0.1541944812188371,0.231102854340336,0.26994275038721777,0.3596318245146789,0.3922396078144392,c09038702d0ca23ee62fab152a6a75690079b31404aed6721c858c2651625974
series_std_f32_p0,2,39,0,5.141792901934989,0.05881697534337555,0.32939430987442553,1604.7403705062438,2.856919635585431e-08,1e-05,1,cost,2.5671433132035126e-08,5.509567699876662,0.06979918281220308,0.30562941494126494,0.0667520244736999,0.1573400579541957,0.07775722417859439,c09038702d0ca23ee62fab152a6a75690079b31404aed6721c858c2651625974
series_std_f32_p0,2,40,1,5.164110436691785,0.017566052700052303,0.3165357907062106,1690.3628143867531,1.2402502094777113e-07,1e-05,1,cost,2.3573049795500012e-07,5.445956081392742,0.10296424252062854,0.2940665168354542,0.051753198242626725,0.8293965723437143,0.07640881427969277,c09038702d0ca23ee62fab152a6a75690079b31404aed6721c858c2651625974
series_std_f32_p0,2,41,1,5.061426768745779,0.21151702491084085,0.4163634063243752,1614.1158771595067,3.8678526381730194e-08,1e-05,1,cost,3.0549421811687516e-08,4.4531909644451115,0.0675965068134128,0.4706783803103183,0.13658426264602297,2.1291117674866404,0.11539721444212761,c09038702d0ca23ee62fab152a6a75690079b31404aed6721c858c2651625974
series_std_f32_p0,2,42,1,5.755715274712494,0.0755777979234005,0.3203528031271999,1650.3154427788431,1.7328510737435465e-08,1e-05,1,cost,1.997845427981204e-08,7.478484552592423,0.11540053832540341,0.24705852606476625,0.23036341999031473,0.34508279579867984,0.29666766911423886,c09038702d0ca23ee62fab152a6a75690079b31404aed6721c858c2651625974
series_std_f32_p0,2,43,0,3.4650979945333202,0.15193367522794843,0.36267849573117766,1573.620969632442,2.065830319308848e-08,1e-05,1,cost,2.080743644050642e-08,3.578326899148464,0.0658223595917612,0.351469067370809,0.03164297388315436,1.3082380542153267,0.031893072253048105,c09038702d0ca23ee62fab152a6a75690079b31404aed6721c858c2651625974
series_std_f32_p0,2,44,1,5.060495039149585,0.20429342048875632,0.5773079080917832,1615.5747180071858,3.5252702285104576e-08,1e-05,1,cost,3.724770727964177e-08,5.38911647441996,0.07194797850978223,0.553572687461874,0.060978721990926084,1.83946018665389,0.042876430083165704,c09038702d0ca23ee62fab152a6a75690079b31404aed6721c858c2651625974
series_std_f32_p0,2,45,1,2.56841680133991,0.010005152242004163,0.5263465042246219,1671.691272001121,1.9575407815553003e-07,1e-05,1,cost,1.1165516164094585e-06,2.435977010148009,0.030401536746959706,0.5537136735337367,0.054368243476917745,0.6708997862417359,0.049424767018052214,c09038702d0ca23ee62fab152a6a75690079b31404aed6721c858c2651625974
series_std_f32_p0,2,46,1,4.789308673516705,0.05897556679674314,0.5301854436718378,1523.6036390935917,3.891861405369568e-08,1e-05,1,cost,2.5378031981437843e-08,5.24745352459786,0.07518006364244334,0.4926213246166442,0.08730803406520225,0.21554247310522176,0.07625353832261701,c09038702d0ca23ee62fab152a6a75690079b31404aed6721c858c2651625974
series_std_f32_p0,2,47,1,6.238354956648923,0.09378019372890621,0.25109764600651774,1615.2145582047995,2.369976541405361e-08,1e-05,1,cost,3.40969195794516e-08,6.235435168539178,0.10931944820270544,0.255586898839165,0.0004682573117713859,0.1421453797039442,0.01756448727629137,c09038702d0ca23ee62fab152a6a75690079b31404aed6721c858c2651625974
series_std_f32_p0,2,48,1,2.2871322303448904,0.004241922261608791,0.3665713711864569,1584.6390043329002,1.1933270507302751e-06,1e-05,1,cost,1.752178870120802e-07,2.3616227262577034,0.039702016097373095,0.34673504295579477,0.03154208124972307,0.8931559986473971,0.05720889374654597,c09038702d0ca23ee62fab152a6a75690079b31404aed6721c858c2651625974
series_std_f32_p0,2,49,1,3.2717652582435823,0.005382304663139583,0.4141078276845382,1590.9239884599522,2.1043474154602837e-06,1e-05,1,cost,0.07585264328869924,3.4912425921675503,0.06091226748328085,0.3878479994152928,0.06286510551181855,0.9116384123343149,0.06770649406167845,c09038702d0ca23ee62fab152a6a75690079b31404aed6721c858c2651625974
series_std_f32_p0,2,50,1,7.784435876835154,0.058726718847181385,0.4839316307378946,1603.7504977474048,3.20151816723957e-08,1e-05,1,cost,3.148353108772817e-08,7.59743837053228,0.09387293013391272,0.5005074887871079,0.02461323108959593,0.3744019840074678,0.033118101967628974,c09038702d0ca23ee62fab152a6a75690079b31404aed6721c858c2651625974
series_std_f32_p0,2,51,1,6.424641003848835,0.02674176497626352,0.5421077464423372,1628.3137435762649,3.380127161500823e-08,1e-05,1,cost,2.8822699560393517e-08,6.979097570643039,0.1051494637514872,0.5115988098844231,0.07944530953779418,0.7456785415523787,0.059634494780796035,c09038702d0ca23ee62fab152a6a75690079b31404aed6721c858c2651625974
series_std_f32_p0,2,52,1,5.697029328565669,0.5542421093086256,0.30482313705760783,1627.1062257155897,3.043987098494405e-08,1e-05,1,cost,3.938029663475007e-08,5.509235420487406,0.09835789453803442,0.32164448690800906,0.03408710896250794,4.634952963478731,0.05229795794762735,c09038702d0ca23ee62fab152a6a75690079b31404aed6721c858c2651625974
series_std_f32_p0,2,53,1,4.091959569046557,0.023348440090791338,0.45450482597706054,1640.9863842124678,1.8849541455479013e-08,1e-05,1,cost,1.6994015597515677e-08,4.71383468287713,0.06165066926811518,0.3979664257371076,0.13192552468789734,0.6212784002514178,0.142068266525834,c09038702d0ca23ee62fab152a6a75690079b31404aed6721c858c2651625974
series_std_f32_p0,2,54,1,2.7503059203443128,0.13373082475402404,0.42080944028900463,1610.1394846157973,1.601805488249397e-08,1e-05,1,cost,1.763504559049167e-08,2.359210129402468,0.035993349575428414,0.47003555581010487,0.16577403855115702,2.715431498637684,0.10472849322272902,c09038702d0ca23ee62fab152a6a75690079b31404aed6721c858c2651625974
series_std_f32_p0,2,55,1,2.0726907888466397,0.003665796492661361,0.4290892575113599,1596.1662196138511,1.8393946550707835e-06,1e-05,1,cost,0.010238669076103423,2.855986092254814,0.04331671577790046,0.33573590634691164,0.274264396991429,0.9153722430976267,0.2780559046549744,c09038702d0ca23ee62fab152a6a75690079b31404aed6721c858c2651625974
series_std_f32_p0,2,56,1,8.172668389681773,0.31358818870741617,0.5447850401403997,1578.2029829846456,8.786739483235273e-08,1e-05,1,cost,5.9313490008428005e-08,7.933316968748333,0.12499547659704575,0.5644347047626578,0.030170409410882712,1.508796296031946,0.034812998663008556,c09038702d0ca23ee62fab152a6a75690079b31404aed6721c858c2651625974
series_std_f32_p0,2,57,1,4.816774268802171,0.04440254177881792,0.22589954675502066,1681.3176805061207,1.7449141548331326e-08,1e-05,1,cost,1.8440239710204587e-08,5.016845945286321,0.06632867624033945,0.21687067677481286,0.03987997213112181,0.33056794895277286,0.041632507052038685,c09038702d0ca23ee62fab152a6a75690079b31404aed6721c858c2651625974
series_std_f32_p0,2,58,1,2.0384634948833558,0.03241067154680628,0.45540030602235626,1665.714868721201,2.0214387455586014e-08,1e-05,1,cost,0.026986848465628186,2.115273202214496,0.03613373197897098,0.4359017318188455,0.03631195594532543,0.10303559107405338,0.04473158232739961,c09038702d0ca23ee62fab152a6a75690079b31404aed6721c858c2651625974
series_std_f32_p0,2,59,1,8.106688048532112,0.10261505170011107,0.5130715482161083,1622.7961243684128,7.840045862517186e-08,1e-05,1,cost,4.859842725468688e-08,7.89161531566454,0.0983212592498911,0.5238636652478534,0.02725332194546551,0.043671048184065225,0.020601003176349456,c09038702d0ca23ee62fab152a6a75690079b31404aed6721c858c2651625974
series_std_f32_p0,2,60,1,6.707270752598362,0.11377649357713589,0.572711200606644,1648.8927122570287,3.943764537162053e-08,1e-05,1,cost,4.781363918682224e-08,6.603773514207141,0.10598162292546066,0.5838829777343715,0.015672439124170438,0.07354926671728303,0.019133589355656573,c09038702d0ca23ee62fab152a6a75690079b31404aed6721c858c2651625974
series_std_f32_p0,2,61,1,3.6459798172670004,0.008597792221927546,0.4605011216401672,1680.9728274449978,3.3082992242916553e-07,1e-05,1,cost,3.0298167080777816e-07,3.918395316136757,0.053134138132709625,0.4339665732710274,0.06952220919310864,0.8381870389907632,0.06114422170614524,c09038702d0ca23ee62fab152a6a75690079b31404aed6721c858c2651625974
series_std_f32_p0,2,62,1,2.1239906890095166,0.033759243160613794,0.3978403926277658,1590.9874837651384,1.5654124718711415e-08,1e-05,1,cost,0.011463015165210505,2.078511023959135,0.04006140014157583,0.41301836929591507,0.021880887099531624,0.15731244935749614,0.03674891432558701,c09038702d0ca23ee62fab152a6a75690079b31404aed6721c858c2651625974
series_std_f32_p0,2,63,1,2.80817079617654,1.4444821968041675,0.3775870136656345,1548.8023782904158,2.0120964658310037e-08,1e-05,1,cost,2.3740065663302445e-08,2.6137550277916004,0.04752445333866216,0.40444406575653136,0.0743817864787444,29.394504204197766,0.06640486130179578,c09038702d0ca23ee62fab152a6a75690079b31404aed6721c858c2651625974
series_std_f32_p0,2,64,1,5.89251217939243,0.014504880429468524,0.2516504629514347,1632.9804146155006,6.638291780158845e-08,1e-05,1,cost,6.460362805826847e-08,5.860368252397157,0.0860479582779752,0.24783542849983065,0.005484967089248136,0.831432602007697,0.015393418425673688,c09038702d0ca23ee62fab152a6a75690079b31404aed6721c858c2651625974
series_std_f32_p0,2,65,1,4.265502352894485,0.013199367092763406,0.3933157417473546,1586.279974067611,1.058689602928542e-07,1e-05,1,cost,0.010614319588864732,4.30400773568873,0.06013904754071456,0.3849879814744761,0.008946401855870114,0.780519186243724,0.021631221424065747,c09038702d0ca23ee62fab152a6a75690079b31404aed6721c858c2651625974
series_std_f32_p0,2,66,1,4.072646500839507,0.02120267684122134,0.5412200383201765,1550.1669871666518,5.535939767709053e-08,1e-05,1,cost,5.220559101681843e-08,4.318348807741663,0.0696148764751192,0.5222439031398431,0.05689728130846591,0.6954289382557576,0.0363357715930138,c09038702d0ca23ee62fab152a6a75690079b31404aed6721c858c2651625974
series_std_f32_p0,2,67,1,4.0640805365569825,0.03282854547833981,0.33081651219311675,1594.3233883333542,2.368677354258608e-08,1e-05,1,cost,2.0133618036655143e-08,3.960109834459873,0.05446496730124102,0.34712685755406425,0.026254499608163128,0.39725392109816265,0.046986699548038274,c09038702d0ca23ee62fab152a6a75690079b31404aed6721c858c2651625974
series_std_f32_p0,2,68,0,3.9233186217046323,0.009496009354010106,0.3224637682570265,1703.7276275513025,3.3287561196360116e-07,1e-05,1,cost,3.510770680559272e-07,4.125198537854926,0.06517888389637731,0.30870120331280154,0.048938230317338835,0.854308500140827,0.04458215516017793,c09038702d0ca23ee62fab152a6a75690079b31404aed6721c858c2651625974
series_std_f32_p0,2,69,1,3.951529761724209,0.006719240000607437,0.5018982140496705,1621.937184090939,1.5545347702289325e-06,1e-05,1,cost,1.5408318946724675e-06,3.98556651662461,0.06486902888517804,0.5008875673607459,0.008540004227360657,0.8964183661127272,0.002017711667809688,c09038702d0ca23ee62fab152a6a75690079b31404aed6721c858c2651625974
series_std_f32_p0,2,70,1,7.716637819054706,0.047372481346715296,0.4968808981968962,1608.4606740405875,3.93000470499949e-08,1e-05,1,cost,4.9387625239427635e-08,7.891559196280233,0.09356397053860316,0.48752392280374107,0.022165629487766837,0.4936888518730606,0.01919285383852205,c09038702d0ca23ee62fab152a6a75690079b31404aed6721c858c2651625974
series_std_f32_p0,2,71,1,6.887632034187794,0.05036355985019767,0.4865678827963954,1569.064726411942,4.807534376150002e-08,1e-05,1,cost,4.8247539602419565e-08,6.916515443621282,0.10275469519295186,0.49651413371788505,0.004176005919299436,0.5098660965747072,0.02003216071013403,c09038702d0ca23ee62fab152a6a75690079b31404aed6721c858c2651625974
series_std_f32_p0,2,72,1,5.953590388500974,0.25686434507034994,0.3804505353737034,1581.86203540364,4.556899900476363e-08,1e-05,1,cost,3.7981941147791076e-08,5.806770596147759,0.10944570523234433,0.395861478749134,0.025284241890081872,1.3469568269037862,0.03893014148314464,c09038702d0ca23ee62fab152a6a75690079b31404aed6721c858c2651625974
series_std_f32_p0,2,73,1,5.374834139053449,0.08255758288816577,0.24550116884534162,1681.7617662382088,2.351802316780116e-08,1e-05,1,cost,4.279745377533395e-08,5.499298916315833,0.09796057576842863,0.23441611969975687,0.02263284450552601,0.15723665116744898,0.04728791330469348,c09038702d0ca23ee62fab152a6a75690079b31404aed6721c858c2651625974
series_std_f32_p0,2,74,1,6.505095851948038,0.05122298141415674,0.27966934689206124,1606.2296003357358,2.7039470051892778e-08,1e-05,1,cost,2.632603410268608e-08,6.778536214374777,0.11849103027356377,0.26247121425960335,0.0403391460603062,0.5677058314380699,0.06552388108909984,c09038702d0ca23ee62fab152a6a75690079b31404aed6721c858c2651625974
series_std_f32_p0,2,75,1,3.6975371194297386,3.3897336824631283,0.36172575619480074,1578.276676706337,2.924385417157893e-08,1e-05,1,cost,1.8427943171417382e-08,3.8274040190471252,0.0693656600294252,0.3599723718133179,0.03393080504987253,47.867605109288796,0.004870885986750454,c09038702d0ca23ee62fab152a6a75690079b31404aed6721c858c2651625974
series_std_f32_p0,2,76,1,5.377860682186562,0.07782508065772357,0.20827631235411487,1608.8950309983682,2.0813667220287435e-08,1e-05,1,cost,2.704548768273085e-08,5.517071424189092,0.10416267828701709,0.20492231292761673,0.025232724266025127,0.25285061849812523,0.016367175338699445,c09038702d0ca23ee62fab152a6a75690079b31404aed6721c858c2651625974
series_std_f32_p0,2,77,1,3.998027379326947,0.002785437857981247,0.23704261730972195,1617.425784962978,2.1569929889997397e-06,1e-05,1,cost,0.006633004269301038,3.983292316771837,0.050699406944366594,0.23196580657460686,0.0036992169751307743,0.9450597546232097,0.02188603057529622,c09038702d0ca23ee62fab152a6a75690079b31404aed6721c858c2651625974
series_std_f32_p0,2,78,1,6.464354408578035,0.1090691147973872,0.5820218583452991,1610.932643243542,3.960150066206758e-08,1e-05,1,cost,3.03583045369038e-08,6.3229683487339265,0.08029791300093413,0.5974137776629855,0.02236070972463723,0.3583057232896997,0.02576425233763087,c09038702d0ca23ee62fab152a6a75690079b31404aed6721c858c2651625974
series_std_f32_p0,2,79,1,5.8910276032175615,0.11608137186033718,0.33842421672340633,1557.741106286266,2.6825667173713263e-08,1e-05,1,cost,4.0816738072768644e-08,5.919829092989421,0.07743150161903066,0.33786641829695924,0.004865256972700008,0.4991491761514203,0.0016509436754878525,c09038702d0ca23ee62fab152a6a75690079b31404aed6721c858c2651625974
series_std_f32_p0,2,80,1,4.720319454253532,0.26160384365962713,0.21629030408711106,1577.3633235710827,3.2140536669611475e-08,1e-05,1,cost,2.812251304051827e-08,4.120329247243738,0.06080036003598005,0.26234637432696306,0.14561705412526246,3.3026693181556306,0.17555443774668747,c09038702d0ca23ee62fab152a6a75690079b31404aed6721c858c2651625974
series_std_f32_p0,2,81,1,3.5140187852148026,0.009462802655709228,0.5668849400556861,1558.298212311829,7.779418610548428e-07,1e-05,1,cost,1.4396535396414556e-06,4.2987771643799375,0.07661895058315665,0.4781109708063665,0.18255386337950125,0.8764952719439952,0.18567649493504892,c09038702d0ca23ee62fab152a6a75690079b31404aed6721c858c2651625974
series_std_f32_p0,2,82,1,5.6634677692972915,0.09040142547804017,0.3175619597526539,1643.1947274602878,1.7097831400691987e-08,1e-05,1,cost,2.531841181152572e-08,7.297137205367871,0.1326341961491499,0.24484334366313157,0.22387813057274447,0.3184154003814982,0.2970005841350232,c09038702d0ca23ee62fab152a6a75690079b31404aed6721c858c2651625974
series_std_f32_p0,2,83,0,2.625837996348099,0.0001,0.2696261896840618,2703.927524305606,0.00568796691252808,1e-05,0,cost,0.005489683320570876,2.0048344718429023,0.025003378984462622,0.2825060099314001,0.3097530161352184,0.9960005405644516,0.04559131414749676,c09038702d0ca23ee62fab152a6a75690079b31404aed6721c858c2651625974
series_std_f32_p0,2,84,1,2.3236949185731457,0.04671358075008084,0.3253116106363934,1571.7532069646813,1.2166425700232963e-08,1e-05,1,cost,1.3700933734761556e-08,2.18459219795674,0.034195329948470965,0.34678401588261654,0.06367445637978061,0.3660807139592939,0.0619186705926243,c09038702d0ca23ee62fab152a6a75690079b31404aed6721c858c2651625974
series_std_f32_p0,2,85,1,6.752211912482372,0.1045169771476486,0.5332655778517406,1602.271056422884,6.020316484223187e-08,1e-05,1,cost,6.780056890920427e-08,6.758238014203197,0.08053032273380695,0.5372921318982486,0.0008916675778746517,0.29785866490476587,0.007494161569577259,c09038702d0ca23ee62fab152a6a75690079b31404aed6721c858c2651625974
series_std_f32_p0,2,86,1,4.999334804246062,0.07405030058509966,0.4920918922811451,1597.6881334660459,4.0756673147512856e-08,1e-05,1,cost,2.4222235744941756e-08,4.977864183715684,0.06792156164271182,0.49410833496124434,0.004313219432666705,0.09023259763411924,0.004080972809854387,c09038702d0ca23ee62fab152a6a75690079b31404aed6721c858c2651625974
series_std_f32_p0,2,87,1,0.7545244876522477,0.0015392552707160763,0.005,3710.5863689743333,4.764236307789726e-06,1e-05,1,cost,5.0781330423457435e-06,2.0436555763278843,0.03232738281035807,0.39542561525755704,0.6307966487151396,0.9523854040475284,0.9873553968001205,c09038702d0ca23ee62fab152a6a75690079b31404aed6721c858c2651625974
series_std_f32_p0,2,88,1,6.382320577934342,0.07197821526373518,0.4276844079934746,1573.2370825378093,3.116984542694823e-08,1e-05,1,cost,4.119659771650852e-08,6.556237870739479,0.1096260246672722,0.42053822586084577,0.02652699554745117,0.3434203649890846,0.01699294307431994,c09038702d0ca23ee62fab152a6a75690079b31404aed6721c858c2651625974
series_std_f32_p0,2,89,1,3.437718006090566,0.6900747812969362,0.20088832709569154,1522.9899207551098,2.0225885660751786e-08,1e-05,1,cost,2.047714955932811e-08,3.179887016316008,0.05040254349060129,0.2189759228820353,0.08108180839496078,12.691269001645056,0.08260084281543471,c09038702d0ca23ee62fab152a6a75690079b31404aed6721c858c2651625974
series_std_f32_p0,2,90,1,6.785184500181925,0.013726784866484008,0.21277827103589725,1552.0692061233506,1.0052406365645972e-07,1e-05,1,cost,2.1480153837294402e-06,7.024097145121941,0.09808284877634033,0.20929773514846606,0.03401328882615681,0.8600490805708,0.01662959173907095,c09038702d0ca23ee62fab152a6a75690079b31404aed6721c858c2651625974
series_std_f32_p0,2,91,1,3.264849888288319,0.11504780073653503,0.4658245781832779,1639.24989284231,2.4437372556085357e-08,1e-05,1,cost,3.250873659155218e-08,3.3089077635513595,0.051096641027234026,0.46596508857819763,0.013314930004502339,1.251572675300039,0.0003015470436819343,c09038702d0ca23ee62fab152a6a75690079b31404aed6721c858c2651625974
series_std_f32_p0,2,92,1,5.82086273587431,0.05389052642195642,0.5795242586149106,1613.0338066811057,3.7305152772448835e-08,1e-05,1,cost,3.2631722712839206e-08,6.465762049666184,0.07194816726220786,0.537722915434959,0.09974065065156071,0.2509812484095972,0.07773770092379073,c09038702d0ca23ee62fab152a6a75690079b31404aed6721c858c2651625974
series_std_f32_p0,2,93,1,3.2893781935146964,0.04489654224509078,0.16631774855651985,1565.8617840607658,1.5412190853408836e-08,1e-05,1,cost,0.003672684068186894,2.689240135630288,0.04467020986058792,0.2093673522102363,0.22316268820067695,0.005066741016198956,0.20561755784391916,c09038702d0ca23ee62fab152a6a75690079b31404aed6721c858c2651625974
series_std_f32_p0,2,94,1,3.538954042555219,0.0425405187249704,0.3828799890612701,1654.2952801699914,1.797587034779724e-08,1e-05,1,cost,2.3612384617011095e-08,3.603592833085251,0.059533884825332756,0.3707900263510714,0.01793731798347788,0.28544023542591607,0.032605954451298186,c09038702d0ca23ee62fab152a6a75690079b31404aed6721c858c2651625974
series_std_f32_p0,2,95,1,4.620677898759904,0.2254188530193547,0.4350067824414382,1737.0119363643526,2.3390753944863008e-08,1e-05,1,cost,2.332086890266538e-08,4.205518776284162,0.07086674766082877,0.4755993518971609,0.09871769561865124,2.180883283909384,0.08535034644979932,c09038702d0ca23ee62fab152a6a75690079b31404aed6721c858c2651625974
series_std_f32_p0,2,96,1,7.498255412685609,0.06694198855577237,0.2229617397458695,1628.4313886258005,3.819292952733644e-08,1e-05,1,cost,2.8646956140576663e-08,7.300581750315821,0.11729542339653341,0.230879937588238,0.027076426116485326,0.4292872934226452,0.03429573797135279,c09038702d0ca23ee62fab152a6a75690079b31404aed6721c858c2651625974
series_std_f32_p0,2,97,1,5.757767447478731,0.0762638593448879,0.5189683412492857,1564.037489159679,4.519415372494784e-08,1e-05,1,cost,3.815474206025904e-08,5.502566541404262,0.10732570423591183,0.5416916139421768,0.04637852248658887,0.28941664172775533,0.041948725267356095,c09038702d0ca23ee62fab152a6a75690079b31404aed6721c858c2651625974
series_std_f32_p0,2,98,0,4.632492940172678,0.04966608062686021,0.2980663223138074,1684.7664885900272,1.968925160411583e-08,1e-05,1,cost,2.689646913522914e-08,4.96076752074282,0.06496530279343189,0.2778631535794055,0.06617415131781587,0.23549835848865558,0.07270906010439568,c09038702d0ca23ee62fab152a6a75690079b31404aed6721c858c2651625974
series_std_f32_p0,2,99,1,6.426237716691588,0.059168887930107494,0.4871205924714756,1630.7424804238058,3.9437454496527025e-08,1e-05,1,cost,3.114190175179665e-08,5.689548746736849,0.09080661170656715,0.5410919621310958,0.12948108940577335,0.3484077115297939,0.09974528072280622,c09038702d0ca23ee62fab152a6a75690079b31404aed6721c858c2651625974
series_std_f32_p0,2,100,1,4.171617619997373,0.007824358752488303,0.5940541337426851,1589.0690438097197,1.217547964560417e-06,1e-05,1,cost,3.8827315790301853e-07,4.509400713433751,0.07123051135205746,0.5552830397428754,0.07490642657462297,0.8901543930547356,0.06982221898540737,c09038702d0ca23ee62fab152a6a75690079b31404aed6721c858c2651625974
series_std_f32_p0,2,101,1,2.433415545077948,0.2737142243972224,0.3555279338721414,1653.1829177712725,3.093331982229053e-08,1e-05,1,cost,2.763189284327172e-08,2.6431933362204036,0.0390608948833079,0.35003265876306755,0.07936528450938976,6.007372084406346,0.015699321110472453,c09038702d0ca23ee62fab152a6a75690079b31404aed6721c858c2651625974
series_std_f32_p0,2,102,1,7.102073829210312,0.07126439354505834,0.43692611118617153,1722.797802972417,3.6857984858640336e-08,1e-05,1,cost,4.0251359190168756e-08,7.094404883718467,0.1195485133432284,0.43894317154887624,0.0010809850322251408,0.40388724583754954,0.0045952653861483185,c09038702d0ca23ee62fab152a6a75690079b31404aed6721c858c2651625974
series_std_f32_p0,2,103,1,4.548822183484433,0.00836443772298083,0.24789920485745728,1642.034860559713,4.3750892272931274e-07,1e-05,1,cost,0.0069103985513766205,4.667109458702844,0.07298968460196487,0.2397068399921524,0.025344868438394536,0.8854024679159161,0.03417660032385015,c09038702d0ca23ee62fab152a6a75690079b31404aed6721c858c2651625974
series_std_f32_p0,2,104,1,7.988187518493394,0.06575230306672614,0.4343541384520281,1521.168707652151,2.5877400389173744e-08,1e-05,1,cost,4.510385392952898e-08,7.923060203441778,0.1167498441691765,0.44173274679668617,0.008219969731307225,0.4368103569247794,0.016703783901387322,c09038702d0ca23ee62fab152a6a75690079b31404aed6721c858c2651625974
series_std_f32_p0,2,105,1,3.2492196976101813,0.13084102526545568,0.42508438283487027,1547.4536190551655,2.448810239308319e-08,1e-05,1,cost,2.3058861403635333e-08,2.6679620930701304,0.02861401843329752,0.5139779183114304,0.21786576580298203,3.5726197307959646,0.1729520516535062,c09038702d0ca23ee62fab152a6a75690079b31404aed6721c858c2651625974
series_std_f32_p0,2,106,1,2.10183948645512,0.1612094705424237,0.5436004875669775,1635.8605428484846,4.465239605844218e-08,1e-05,1,cost,4.987958811264459e-08,2.0726381744995432,0.029752945992968224,0.5631850147739523,0.014088957887031042,4.41826918855443,0.03477458862224078,c09038702d0ca23ee62fab152a6a75690079b31404aed6721c858c2651625974
series_std_f32_p0,2,107,1,8.04870908942964,0.015061894673246264,0.20575880818863873,1530.7214511904874,6.795279325344517e-08,1e-05,1,cost,0.007885833301443722,7.792544338949571,0.10792446978417775,0.21746806224387352,0.03287305651886726,0.8604404107486808,0.053843557230503915,c09038702d0ca23ee62fab152a6a75690079b31404aed6721c858c2651625974
series_std_f32_p0,2,108,1,7.660148524012185,0.03427281046131276,0.21078782658257073,1448.4624190161926,2.0223761068582924e-08,1e-05,1,cost,0.005046604691667897,7.312819377415955,0.12910119319141405,0.22060188814428594,0.04749592854281082,0.7345275468484819,0.04448765894195915,c09038702d0ca23ee62fab152a6a75690079b31404aed6721c858c2651625974
series_std_f32_p0,2,109,0,3.8140185014963635,0.0001,0.2202385560989284,3576.5798730835045,0.007273800327391252,1e-05,0,cost,0.0018978844285221178,2.765834186081775,0.044318505882354364,0.2841061639041478,0.378975833290824,0.997743606242831,0.22480190829920588,c09038702d0ca23ee62fab152a6a75690079b31404aed6721c858c2651625974
series_std_f32_p0,2,110,1,6.203746160868816,0.04348564608422763,0.4617118306598226,1572.7921615431032,3.6783126239336994e-08,1e-05,1,cost,3.6723078994382874e-08,6.766974318948115,0.09625628553592346,0.4256444363657461,0.08323190417646655,0.548230582116131,0.08473597024321165,c09038702d0ca23ee62fab152a6a75690079b31404aed6721c858c2651625974
series_std_f32_p0,2,111,1,6.248228536056936,0.03222338359073142,0.23557644347895557,1610.268355732773,1.621040678079222e-08,1e-05,1,cost,1.6457706586425758e-08,6.468202162720069,0.09161355505511073,0.22843735995870046,0.034008464968978025,0.6482683859244711,0.03125182116246569,c09038702d0ca23ee62fab152a6a75690079b31404aed6721c858c2651625974
series_std_f32_p0,2,112,1,3.171587541420826,0.01621378382439154,0.4523361867787236,1642.0318874618931,6.235329640114085e-08,1e-05,1,cost,6.382455117193153e-08,3.532123822320552,0.056959339160370194,0.4043686097457172,0.10207351130257347,0.7153445938208429,0.11862339429158535,c09038702d0ca23ee62fab152a6a75690079b31404aed6721c858c2651625974
series_std_f32_p0,2,113,1,5.0510093150757385,0.23850411033272814,0.371132870055402,1565.5754873432213,2.715520724949627e-08,1e-05,1,cost,3.852067750886867e-08,5.298736146451533,0.10148602641770942,0.3501443949160487,0.046752060213772345,1.350117732968102,0.059942342199667514,c09038702d0ca23ee62fab152a6a75690079b31404aed6721c858c2651625974
series_std_f32_p0,2,114,1,2.3476067350503076,0.016741416132619882,0.5200480764296254,1525.566103395996,4.604878141301061e-08,1e-05,1,cost,7.245523307858326e-07,2.31445655889359,0.02951513391625971,0.5184987408832046,0.014323092835479653,0.43278535750105007,0.002988118242643488,c09038702d0ca23ee62fab152a6a75690079b31404aed6721c858c2651625974
series_std_f32_p0,2,115,1,6.023783445901493,0.07077850866115838,0.5498030130122409,1627.1888249583826,3.17040520225742e-08,1e-05,1,cost,4.931920696837899e-08,6.058601727440957,0.09256306730545974,0.5678940176841119,0.005746917045522635,0.23534827959419208,0.03185630436053299,c09038702d0ca23ee62fab152a6a75690079b31404aed6721c858c2651625974
series_std_f32_p0,2,116,1,2.6277756658057507,0.045752560714330384,0.354221562215125,1613.2467655962967,2.0675548939586008e-08,1e-05,1,cost,0.01070803982090937,2.1936616653699543,0.04063309900284778,0.4248898245856302,0.1978946923716171,0.1259924011979446,0.1663213809354548,c09038702d0ca23ee62fab152a6a75690079b31404aed6721c858c2651625974
series_std_f32_p0,2,117,1,4.645140625040633,0.06167574141687687,0.23319947658332488,1628.4961106431965,2.6529141050612992e-08,1e-05,1,cost,2.7505996945398348e-08,4.404988712572085,0.07642387246905477,0.2471344552601901,0.05451816750021193,0.19297806530478614,0.05638622369428043,c09038702d0ca23ee62fab152a6a75690079b31404aed6721c858c2651625974
series_std_f32_p0,2,118,1,5.631076280087977,0.07480563402397708,0.34672520899998927,1555.9755728955847,4.2806474476186906e-08,1e-05,1,cost,6.627027665517815e-08,6.201589553715154,0.08668714829120873,0.31902863608594023,0.09199468437658899,0.13706200401607396,0.08681531932007541,c09038702d0ca23ee62fab152a6a75690079b31404aed6721c858c2651625974
series_std_f32_p0,2,119,1,5.923330852836671,0.03040184511946574,0.3575693327429853,1633.3178669049762,3.432577733164521e-08,1e-05,1,cost,2.2177342406948242e-08,6.0227346560183275,0.09007548667244841,0.35198870976691643,0.016504762181798232,0.662484808658105,0.015854551072857728,c09038702d0ca23ee62fab152a6a75690079b31404aed6721c858c2651625974
series_std_f32_p0,2,120,1,5.397228004534659,0.32645538631528,0.39518796148082647,1643.417870048177,3.095555434207142e-08,1e-05,1,cost,3.755210201128456e-08,5.039796936447014,0.07071216342323781,0.4216405653581371,0.07092172017939055,3.616679373268877,0.06273733139230109,c09038702d0ca23ee62fab152a6a75690079b31404aed6721c858c2651625974
series_std_f32_p0,2,121,1,4.113911079323078,0.07560721509891874,0.42700985753829984,1594.6025613215975,2.8470867108332243e-08,1e-05,1,cost,3.7203812294772654e-08,4.368234665615803,0.07198330664624761,0.4006095374431297,0.05822113639970213,0.05034373414492263,0.06590037836759666,c09038702d0ca23ee62fab152a6a75690079b31404aed6721c858c2651625974
series_std_f32_p0,2,122,1,2.631441398530273,0.011467427684469523,0.3777941968386092,1582.5160999659902,9.902622517821147e-08,1e-05,1,cost,1.358069528833994e-06,2.6303477770796464,0.03953322325652485,0.3838528891139764,0.00041577066734525977,0.7099293520778917,0.01578389129583499,c09038702d0ca23ee62fab152a6a75690079b31404aed6721c858c2651625974
series_std_f32_p0,2,123,1,5.324459183454238,0.4053499626015028,0.4643726837171666,1590.3598432045412,4.503038872338827e-08,1e-05,1,cost,2.8043707606117962e-08,4.952751793906503,0.06971508201016255,0.502630472997827,0.07505067990789592,4.814379771401745,0.07611514091551273,c09038702d0ca23ee62fab152a6a75690079b31404aed6721c858c2651625974
series_std_f32_p0,2,124,1,5.891919775145295,0.06428313126632289,0.5424733668725183,1694.0698306487195,4.4979361818464625e-08,1e-05,1,cost,3.879952159557831e-08,5.952846842265256,0.09836865423370328,0.5577515603854013,0.010234946192026651,0.3465079728182551,0.027392471125183154,c09038702d0ca23ee62fab152a6a75690079b31404aed6721c858c2651625974
series_std_f32_p0,2,125,0,4.413970073880861,0.03037436553037743,0.40772274700517613,1634.4713381648098,3.193883287011534e-08,1e-05,1,cost,2.1709913991529994e-08,4.439454984492341,0.050832701001735876,0.4134015859787176,0.0057405493918741245,0.40246406482826513,0.01373685821765048,c09038702d0ca23ee62fab152a6a75690079b31404aed6721c858c2651625974
series_std_f32_p0,2,126,1,6.04980967657389,0.05116913976305206,0.3905426991488286,1624.7599964930873,3.569615367182699e-08,1e-05,1,cost,3.385383928744545e-08,6.127274485029768,0.08537688278313814,0.3849646777429629,0.012642620898597114,0.40066750981030286,0.014489696661443074,c09038702d0ca23ee62fab152a6a75690079b31404aed6721c858c2651625974
series_std_f32_p0,2,127,1,3.7884199778647547,0.003012896695264409,0.34377213374909993,1657.2228177205054,0.0008688609208055177,1e-05,0,cost,0.0013871626299684116,3.436516165974801,0.05361325698768471,0.3671292771614686,0.10240132590504857,0.9438031400338821,0.0636210317873828,c09038702d0ca23ee62fab152a6a75690079b31404aed6721c858c2651625974
series_std_f32_p0,3,0,1,9.679151555593402,0.0048967928412963525,0.2737341297988679,4531.792006974097,0.020002060989290832,1e-05,0,cost,0.08452974459423143,7.66193324607077,0.12488383317490416,0.43349673090252455,0.26327798020912163,0.9607892173325733,0.3685439582693892,0447a72a278d3dfc50cb89aea4650f841813932867f4f66954be5fada30d1572
series_std_f32_p0,3,1,1,7.769189685063056,0.2522368050304402,0.5054123810391965,1429.0693609622601,5.6737262082995343e-08,1e-05,1,cost,8.001213241959348e-08,7.107985503602176,0.11549221983094739,0.5423598261986978,0.09302272509219321,1.1840155587939496,0.06812349177567097,0447a72a278d3dfc50cb89aea4650f841813932867f4f66954be5fada30d1572
series_std_f32_p0,3,2,1,1.8862397595680498,0.03584130017839398,0.5369939446230659,1650.979991221533,3.2469708236004813e-07,1e-05,1,cost,2.987694039530142e-07,2.4331970156836236,0.034169598356260614,0.43532943072441654,0.2247895474924797,0.04892366028724695,0.23353466759523475,0447a72a278d3dfc50cb89aea4650f841813932867f4f66954be5fada30d1572
series_std_f32_p0,3,3,0,4.139819589921009,0.12223374895500316,0.2838110278802656,1497.412330275411,3.685177465961864e-08,1e-05,1,cost,2.4647605595395916e-08,3.7467846984055893,0.05336747045507642,0.309522998672487,0.10489924646128514,1.2904167634832324,0.08306966171333789,0447a72a278d3dfc50cb89aea4650f841813932867f4f66954be5fada30d1572
series_std_f32_p0,3,4,1,2.758434926530846,0.1847322593929442,0.3688062373978396,1557.4102952512899,2.183541457367877e-08,1e-05,1,cost,2.1006839857895532e-08,2.5205070814098667,0.03852175628215398,0.4129453129711349,0.09439681676589161,3.795530557845446,0.10688842853237729,0447a72a278d3dfc50cb89aea4650f841813932867f4f66954be5fada30d1572
series_std_f32_p0,3,5,1,3.799958205377041,0.006144247397682229,0.3375858648493393,1615.7451388934896,5.501055810042121e-07,1e-05,1,cost,0.019744551354268176,4.099439817456933,0.050781524716599497,0.3158350441039742,0.07305427702697041,0.879006244259661,0.06886766098762806,0447a72a278d3dfc50cb89aea4650f841813932867f4f66954be5fada30d1572
series_std_f32_p0,3,6,0,3.70411715264703,0.04685852828674752,0.25103616883013696,1593.0459866702631,1.961976298786583e-08,1e-05,1,cost,1.6947236974873547e-08,3.6780588679031005,0.04318808870759348,0.25698606285261066,0.007084792734376581,0.08498731221946122,0.02315259417739765,0447a72a278d3dfc50cb89aea4650f841813932867f4f66954be5fada30d1572
series_std_f32_p0,3,7,1,2.107189174996309,2.0167106038155707,0.6115037853548796,1571.2521103202653,7.492768533401417e-08,1e-05,1,cost,9.788606132599131e-08,2.2748718879631347,0.03589734399470002,0.5904684822246389,0.07371083789556375,55.17993922094412,0.03562476874462201,0447a72a278d3dfc50cb89aea4650f841813932867f4f66954be5fada30d1572
series_std_f32_p0,3,8,0,3.5593829569589306,0.007794917718625057,0.3222340220700462,1576.5349245774412,2.7983938305498057e-07,1e-05,1,cost,0.012772049676261886,3.7427791582228913,0.052888921934059634,0.3046354389473463,0.04900000601452506,0.8526171940440849,0.057769323173662915,0447a72a278d3dfc50cb89aea4650f841813932867f4f66954be5fada30d1572
series_std_f32_p0,3,9,1,4.022826124620384,0.00887712651939625,0.5223644612949759,1543.7250426953901,3.7254413784437723e-07,1e-05,1,cost,0.016245374655324253,4.364955469123513,0.057929897248945726,0.4851151432907607,0.07838094727959022,0.8467608792529352,0.07678448821765455,0447a72a278d3dfc50cb89aea4650f841813932867f4f66954be5fada30d1572
series_std_f32_p0,3,10,1,2.637230515070483,0.03548563271480123,0.4701329697190611,1593.700016967458,1.6190009388683535e-08,1e-05,1,cost,0.06271815611225975,2.929401115705847,0.046731200462293905,0.42512215510687656,0.0997373145892876,0.24064367352528018,0.10587736741424056,0447a72a278d3dfc50cb89aea4650f841813932867f4f66954be5fada30d1572
series_std_f32_p0,3,11,1,1.1304259210652357,0.07279619242731254,0.6806126493978822,1491.899468132634,7.083448030006934e-07,1e-05,1,cost,2.4157452251788447e-07,2.1409405384403595,0.03492888069643343,0.4318337315367098,0.47199564828235135,1.0841261150044734,0.5760988540100277,0447a72a278d3dfc50cb89aea4650f841813932867f4f66954be5fada30d1572
series_std_f32_p0,3,12,1,4.059945987053506,0.1482331356979213,0.2560510766856988,1600.8235934942613,2.6326848277802295e-08,1e-05,1,cost,2.341973342340209e-08,3.475443148520294,0.045625172275191035,0.3009554993155038,0.16818080847677522,2.248933172325225,0.14920618739958583,0447a72a278d3dfc50cb89aea4650f841813932867f4f66954be5fada30d1572
series_std_f32_p0,3,13,1,4.590130602749892,0.12008737382391567,0.4185497569990976,1580.2122162088197,2.7810663147387338e-08,1e-05,1,cost,3.5910627332880196e-08,4.383492317785077,0.0620392302928347,0.4316979388115358,0.047140104278596495,0.9356683385187857,0.030456901991784226,0447a72a278d3dfc50cb89aea4650f841813932867f4f66954be5fada30d1572
series_std_f32_p0,3,14,1,4.5690585512898645,0.5459893741840163,0.5789443839341782,1675.8723331815731,5.7630466621105825e-08,1e-05,1,cost,4.1300938752319993e-08,4.535533312461739,0.08338125294791263,0.5857839200417314,0.007391686163127065,5.548107096988455,0.011675868649767508,0447a72a278d3dfc50cb89aea4650f841813932867f4f66954be5fada30d1572
series_std_f32_p0,3,15,1,7.8490557356541215,0.28688148331295804,0.5226099787141006,1509.1473545859353,7.958016307041405e-08,1e-05,1,cost,9.153306879117196e-08,7.585962161890749,0.1114323971417409,0.54394349399187,0.03468163538767218,1.5744890235830395,0.03922009457491231,0447a72a278d3dfc50cb89aea4650f841813932867f4f66954be5fada30d1572
series_std_f32_p0,3,16,1,6.392879421858746,0.12263910826661886,0.46910824450069194,1424.072178970779,4.460555089180751e-08,1e-05,1,cost,3.8946918107241046e-08,5.998593002273881,0.09471812069613306,0.4953306142413841,0.0657298168812925,0.29477978833701357,0.052939125882321254,0447a72a278d3dfc50cb89aea4650f841813932867f4f66954be5fada30d1572
series_std_f32_p0,3,17,1,5.574651764509279,0.03310462054273337,0.5606528059750986,1544.9119469702248,3.1431243302515455e-08,1e-05,1,cost,0.0046246930068077965,5.398943265384813,0.09075599991377564,0.57682677328866,0.03254497972798065,0.6352349092711775,0.028039557216369995,0447a72a278d3dfc50cb89aea4650f841813932867f4f66954be5fada30d1572
series_std_f32_p0,3,18,1,3.9493281905236635,0.4543958640549233,0.45882935489594734,1564.758083279017,2.5251515350932507e-08,1e-05,1,cost,2.6993476814896056e-08,3.6592076967429334,0.0606610821392251,0.49343191961710314,0.0792850578115494,6.4907312568546915,0.07012632005648713,0447a72a278d3dfc50cb89aea4650f841813932867f4f66954be5fada30d1572
series_std_f32_p0,3,19,1,1.7691783759856345,0.005813100582040643,0.48249782753090703,1629.479316119688,5.864365441275721e-07,1e-05,1,cost,5.35974815071838e-07,2.1590212139213847,0.03237531783345167,0.4086344011008533,0.1805646166985487,0.8204465323878835,0.18075675036430378,0447a72a278d3dfc50cb89aea4650f841813932867f4f66954be5fada30d1572
series_std_f32_p0,3,20,0,2.810035494371751,0.10793154139329794,0.282632283345603,1694.4616161014294,9.791425184535463e-09,1e-05,1,cost,1.0271189704313954e-08,3.6644685576993385,0.06136582590169716,0.209893140687058,0.23316697902410866,0.7588216211119704,0.3465532147474797,0447a72a278d3dfc50cb89aea4650f841813932867f4f66954be5fada30d1572
series_std_f32_p0,3,21,1,3.634614103829983,0.004453941892763901,0.2642914374745643,1644.525872871199,9.940378368072933e-07,1e-05,1,cost,5.3093163979289065e-05,3.675221613216589,0.046683339239795896,0.25811531087967005,0.011048996131437692,0.9045924742040073,0.02392778085827492,0447a72a278d3dfc50cb89aea4650f841813932867f4f66954be5fada30d1572
series_std_f32_p0,3,22,1,4.909783493556908,0.11778734805714627,0.5267470974368325,1558.2906445818332,3.707700399480096e-08,1e-05,1,cost,2.867029122444187e-08,4.421338129135401,0.06852576236123241,0.5722617444775282,0.1104745554751371,0.7188768719745464,0.07953466657508333,0447a72a278d3dfc50cb89aea4650f841813932867f4f66954be5fada30d1572
series_std_f32_p0,3,23,1,7.12767491641286,0.12738747732089187,0.5370048109316741,1616.1723158926382,5.8079339920746875e-08,1e-05,1,cost,5.4029927115673004e-08,7.73023253893694,0.1192343056297217,0.5000887863655867,0.07794818842628813,0.0683794118488816,0.07381894090122651,0447a72a278d3dfc50cb89aea4650f841813932867f4f66954be5fada30d1572
series_std_f32_p0,3,24,1,7.152753493288024,0.09036305447599799,0.29542676632742915,1644.6510917760068,2.749659966383433e-08,1e-05,1,cost,3.2579437952984236e-08,7.237675172340762,0.10202938142017527,0.29023368046485143,0.011733281341123414,0.11434281754716573,0.01789277472642126,0447a72a278d3dfc50cb89aea4650f841813932867f4f66954be5fada30d1572
series_std_f32_p0,3,25,1,4.249874409574335,0.0328670310216954,0.3612242059137036,1557.6273393917886,1.961908367709153e-08,1e-05,1,cost,1.58021028207056e-08,4.533736892920887,0.06767662983472793,0.348564425746158,0.06261115059186244,0.5143518360479906,0.03631977113110528,0447a72a278d3dfc50cb89aea4650f841813932867f4f66954be5fada30d1572
series_std_f32_p0,3,26,1,3.5546355269255603,0.005766047860997566,0.359358022743284,1689.3610129872056,7.222952617957912e-07,1e-05,1,cost,3.8438449816276254e-05,3.708532750824764,0.04748422547072194,0.34752425592775865,0.04149814340050728,0.878569192108802,0.0340516283789563,0447a72a278d3dfc50cb89aea4650f841813932867f4f66954be5fada30d1572
series_std_f32_p0,3,27,1,7.863761991297378,0.18980524377152957,0.35472208610072087,1654.2118123960936,6.187087217557341e-08,1e-05,1,cost,5.514045567367454e-08,7.323464506618292,0.11019461782295727,0.3847915976505124,0.07377621400237735,0.7224547579671965,0.07814492762677791,0447a72a278d3dfc50cb89aea4650f841813932867f4f66954be5fada30d1572
series_std_f32_p0,3,28,0,3.8616564167613903,0.015665227130021157,0.30346021185630884,1504.7646391196708,1.1912929909208003e-07,1e-05,1,cost,1.1668725498348298e-07,3.9880361962916817,0.07454770539293268,0.29364715778878797,0.031689727301825156,0.7898630541684485,0.03341784113088238,0447a72a278d3dfc50cb89aea4650f841813932867f4f66954be5fada30d1572
series_std_f32_p0,3,29,1,7.242811704409732,0.08435020096090001,0.45221410614961344,1517.0841958025364,4.730016125997771e-08,1e-05,1,cost,3.648614907425518e-08,7.373075375987463,0.1073387507375635,0.44332073075073086,0.017667481333769147,0.21416822553552028,0.02006081552699397,0447a72a278d3dfc50cb89aea4650f841813932867f4f66954be5fada30d1572
series_std_f32_p0,3,30,1,2.2627679898124944,0.10344564799228323,0.365781039214775,1671.5374201202317,1.8809031811228838e-08,1e-05,1,cost,1.6181768362766302e-08,2.2045877397946825,0.02777555113182486,0.3910682327649343,0.026390535049981883,2.724341868189127,0.06466184525235798,0447a72a278d3dfc50cb89aea4650f841813932867f4f66954be5fada30d1572
series_std_f32_p0,3,31,1,5.178303903706756,0.031150976918037577,0.5144835496470435,1569.9538903554726,2.6764353178165834e-08,1e-05,1,cost,3.977637724750238e-08,5.228111988158105,0.06187673100973518,0.5052479143177404,0.009526973516283904,0.49656395207535226,0.018279413071450982,0447a72a278d3dfc50cb89aea4650f841813932867f4f66954be5fada30d1572
series_std_f32_p0,3,32,1,4.4086363517872655,0.02523913945118819,0.4341731802261361,1548.664343567988,1.65817748282171e-08,1e-05,1,cost,1.967080678899613e-08,4.93955266031659,0.07141604015131113,0.3916600173438961,0.10748266999856143,0.6465900461897168,0.1085460884431086,0447a72a278d3dfc50cb89aea4650f841813932867f4f66954be5fada30d1572
series_std_f32_p0,3,33,1,3.2878716474480005,5.0,0.17487164428988758,1607.4860101075014,2.500666487076364e-08,1e-05,1,cost,1.8411448476918224e-08,2.872998302525655,0.042058649405336386,0.21922585914201234,0.14440431258091238,117.88161105253184,0.20232200264017458,0447a72a278d3dfc50cb89aea4650f841813932867f4f66954be5fada30d1572
series_std_f32_p0,3,34,1,2.3909516643183717,0.11862079492698357,0.26774631051282477,1638.7898922498666,1.1182217297955876e-08,1e-05,1,cost,1.904978205041763e-08,2.255131720202789,0.03253319788635471,0.27991482572253246,0.06022705587386681,2.6461461717151478,0.04347220686970619,0447a72a278d3dfc50cb89aea4650f841813932867f4f66954be5fada30d1572
series_std_f32_p0,3,35,1,3.6857308549363497,0.019142685742042136,0.5173753152264267,1625.4910040522077,6.427741267023279e-08,1e-05,1,cost,7.051746273301074e-07,3.971425361147362,0.06718063850997594,0.4947296269094528,0.07193752374298032,0.7150565078478741,0.045773867351426134,0447a72a278d3dfc50cb89aea4650f841813932867f4f66954be5fada30d1572
series_std_f32_p0,3,36,1,2.537047649349553,0.020396574325699746,0.2877772192137503,1653.7681682831562,2.2503867685985668e-08,1e-05,1,cost,2.7269608682267688e-08,2.507316024312086,0.04027295060774383,0.2833794578627076,0.011857948798306874,0.49354159509291534,0.015518984277164471,0447a72a278d3dfc50cb89aea4650f841813932867f4f66954be5fada30d1572
series_std_f32_p0,3,37,1,2.796829182052125,0.023345663736965765,0.25958586246643134,1585.512018324869,1.4270983825226402e-08,1e-05,1,cost,1.6015587409046184e-07,2.7606918980411512,0.0431347658306865,0.2605392393613692,0.013089937358317726,0.45877383851803755,0.0036592449462689706,0447a72a278d3dfc50cb89aea4650f841813932867f4f66954be5fada30d1572
series_std_f32_p0,3,38,1,6.704248953467305,0.09500258361307821,0.26146789787071323,1613.3166216611753,3.411787904972208e-08,1e-05,1,cost,2.690858628973114e-08,7.722349518094632,0.1541944812188371,0.231102854340336,0.13183818761916488,0.3838781851196873,0.13139190174457918,0447a72a278d3dfc50cb89aea4650f841813932867f4f66954be5fada30d1572
series_std_f32_p0,3,39,0,5.141792901934989,0.05881697534337555,0.32939430987442553,1604.740330291115,3.3383160943922796e-08,1e-05,1,cost,2.7256337867265223e-08,5.509567699876662,0.06979918281220308,0.30562941494126494,0.0667520244736999,0.1573400579541957,0.07775722417859439,0447a72a278d3dfc50cb89aea4650f841813932867f4f66954be5fada30d1572
series_std_f32_p0,3,40,1,5.1573178707727525,0.014857949692956757,0.3171255432150097,1690.361060608428,2.3437755986011055e-07,1e-05,1,cost,2.6189430446521555e-07,5.445956081392742,0.10296424252062854,0.2940665168354542,0.0530004660900926,0.8556979653399576,0.07841432145251079,0447a72a278d3dfc50cb89aea4650f841813932867f4f66954be5fada30d1572
series_std_f32_p0,3,41,1,5.061679367257348,0.21229164808907516,0.4163358660277379,1614.1158276021883,4.498458874846456e-08,1e-05,1,cost,3.015926607063957e-08,4.4531909644451115,0.0675965068134128,0.4706783803103183,0.1366409856820629,2.1405712824046597,0.11545572636404573,0447a72a278d3dfc50cb89aea4650f841813932867f4f66954be5fada30d1572
series_std_f32_p0,3,42,1,6.914940556841083,0.07123565685564984,0.2569044254445023,1634.842502883213,2.865804384077908e-08,1e-05,1,cost,2.098790598259459e-08,7.478484552592423,0.11540053832540341,0.24705852606476625,0.07535537337654688,0.38270949261275194,0.03985249785370682,0447a72a278d3dfc50cb89aea4650f841813932867f4f66954be5fada30d1572
series_std_f32_p0,3,43,0,3.4650979945333202,0.15193367522794843,0.36267849573117766,1573.6209557411921,1.9054031880072486e-08,1e-05,1,cost,2.836400460337618e-08,3.578326899148464,0.0658223595917612,0.351469067370809,0.03164297388315436,1.3082380542153267,0.031893072253048105,0447a72a278d3dfc50cb89aea4650f841813932867f4f66954be5fada30d1572
series_std_f32_p0,3,44,1,5.101863032182674,0.360218670571234,0.5729695024883783,1614.865730603451,3.566412049016421e-08,1e-05,1,cost,4.953731949641771e-08,5.38911647441996,0.07194797850978223,0.553572687461874,0.053302511385821046,4.006654502770467,0.03503932810601347,0447a72a278d3dfc50cb89aea4650f841813932867f4f66954be5fada30d1572
series_std_f32_p0,3,45,1,2.572924773960842,0.005819478329560487,0.5281354976521385,1671.3624946544937,5.411749552375333e-07,1e-05,1,cost,0.020341098304906945,2.435977010148009,0.030401536746959706,0.5537136735337367,0.05621882441514185,0.8085794682684104,0.04619386716307943,0447a72a278d3dfc50cb89aea4650f841813932867f4f66954be5fada30d1572
series_std_f32_p0,3,46,1,4.795215334058997,0.06279074461818003,0.5295433522015747,1523.6002667563707,2.8656430339779604e-08,1e-05,1,cost,3.3368910190567647e-08,5.24745352459786,0.07518006364244334,0.4926213246166442,0.08618240989061844,0.16479527183146528,0.07495012038641044,0447a72a278d3dfc50cb89aea4650f841813932867f4f66954be5fada30d1572
series_std_f32_p0,3,47,1,6.238445117284693,0.09362581900619736,0.25110105465881283,1615.2145617784945,3.2287393675334286e-08,1e-05,1,cost,2.9431817566427654e-08,6.235435168539178,0.10931944820270544,0.255586898839165,0.00048271670928458994,0.14355752297073604,0.017551150707357004,0447a72a278d3dfc50cb89aea4650f841813932867f4f66954be5fada30d1572
series_std_f32_p0,3,48,1,2.4265689217444804,0.0242681603911565,0.3429694045057725,1584.616750878358,1.103475261859943e-08,1e-05,1,cost,1.719418080831092e-08,2.3616227262577034,0.039702016097373095,0.34673504295579477,0.027500665015064697,0.38874236684513824,0.01086027653254055,0447a72a278d3dfc50cb89aea4650f841813932867f4f66954be5fada30d1572
series_std_f32_p0,3,49,1,3.264558434210895,0.005351914785593396,0.41504051995660524,1590.8949871489226,2.247516591440124e-06,1e-05,1,cost,2.1746697278085536e-06,3.4912425921675503,0.06091226748328085,0.3878479994152928,0.06492936310562072,0.9121373246027594,0.07011128220928561,0447a72a278d3dfc50cb89aea4650f841813932867f4f66954be5fada30d1572
series_std_f32_p0,3,50,1,7.721703785745875,0.07373436547957382,0.4950640702257,1594.0025751419969,4.932707461935415e-08,1e-05,1,cost,4.5906066364898024e-08,7.59743837053228,0.09387293013391272,0.5005074887871079,0.01635622550037076,0.21453005275973167,0.01087579843130644,0447a72a278d3dfc50cb89aea4650f841813932867f4f66954be5fada30d1572
series_std_f32_p0,3,51,1,6.528202630963049,0.06726760767165758,0.5344659936990668,1627.1050487179339,6.81722064355128e-08,1e-05,1,cost,4.71300520277218e-08,6.979097570643039,0.1051494637514872,0.5115988098844231,0.0646064817286177,0.36026675484870296,0.04469749220059698,0447a72a278d3dfc50cb89aea4650f841813932867f4f66954be5fada30d1572
series_std_f32_p0,3,52,1,5.698648912119008,0.5799419358236386,0.30470072766059986,1627.1041592984961,3.85065390129391e-08,1e-05,1,cost,3.543703798458697e-08,5.509235420487406,0.09835789453803442,0.32164448690800906,0.034381085064403474,4.896241868001541,0.05267853153738387,0447a72a278d3dfc50cb89aea4650f841813932867f4f66954be5fada30d1572
series_std_f32_p0,3,53,1,4.09098906353429,0.02336026914625909,0.45460281057756774,1640.986281260876,1.737070726148815e-08,1e-05,1,cost,1.7416014186366624e-08,4.71383468287713,0.06165066926811518,0.3979664257371076,0.13213140919118546,0.621086527955331,0.1423144797593391,0447a72a278d3dfc50cb89aea4650f841813932867f4f66954be5fada30d1572
series_std_f32_p0,3,54,1,2.7176308133084555,0.10468344343483749,0.426829293684084,1610.1148241662813,2.6452040433055934e-08,1e-05,1,cost,1.698224982860097e-08,2.359210129402468,0.035993349575428414,0.47003555581010487,0.1519240187379015,1.908410711135975,0.09192126338518156,0447a72a278d3dfc50cb89aea4650f841813932867f4f66954be5fada30d1572
series_std_f32_p0,3,55,0,2.0726907888466397,0.003665796492661361,0.4290892575113599,1596.154939137228,1.9694374627510225e-06,1e-05,1,cost,2.3060977954666995e-06,2.855986092254814,0.04331671577790046,0.33573590634691164,0.274264396991429,0.9153722430976267,0.2780559046549744,0447a72a278d3dfc50cb89aea4650f841813932867f4f66954be5fada30d1572
series_std_f32_p0,3,56,1,8.14474024072531,0.3533340720452129,0.5481887322379203,1577.3899345927766,6.636432092754774e-08,1e-05,1,cost,6.215948050725117e-08,7.933316968748333,0.12499547659704575,0.5644347047626578,0.026650047238732065,1.8267748694960686,0.028782731443788224,0447a72a278d3dfc50cb89aea4650f841813932867f4f66954be5fada30d1572
series_std_f32_p0,3,57,0,4.816774268802171,0.04440254177881792,0.22589954675502066,1681.3176937460837,3.290377602327421e-08,1e-05,1,cost,2.21710032971556e-08,5.016845945286321,0.06632867624033945,0.21687067677481286,0.03987997213112181,0.33056794895277286,0.041632507052038685,0447a72a278d3dfc50cb89aea4650f841813932867f4f66954be5fada30d1572
series_std_f32_p0,3,58,1,2.0133485957090813,0.027495411003934274,0.46904920377547804,1664.6232017530347,4.314985402320559e-08,1e-05,1,cost,2.5344137431770886e-07,2.115273202214496,0.03613373197897098,0.4359017318188455,0.0481850790709725,0.23906528614492456,0.0760434509363412,0447a72a278d3dfc50cb89aea4650f841813932867f4f66954be5fada30d1572
series_std_f32_p0,3,59,1,8.127528059427988,0.12300146319382263,0.5118710806997503,1622.5889702915977,6.26554407245905e-08,1e-05,1,cost,5.670707992067037e-08,7.89161531566454,0.0983212592498911,0.5238636652478534,0.029894100805340922,0.25101594642115876,0.022892567940227627,0447a72a278d3dfc50cb89aea4650f841813932867f4f66954be5fada30d1572
series_std_f32_p0,3,60,1,6.788721634872659,0.21094506973990165,0.5657618358362461,1647.987314953078,6.882843933686544e-08,1e-05,1,cost,3.970637077466144e-08,6.603773514207141,0.10598162292546066,0.5838829777343715,0.028006430000608987,0.9903928994205365,0.031035571491466477,0447a72a278d3dfc50cb89aea4650f841813932867f4f66954be5fada30d1572
series_std_f32_p0,3,61,1,3.6967237158171766,0.012042880418886178,0.455428158195925,1680.9060286859356,1.2297375417968937e-07,1e-05,1,cost,8.589311478734984e-08,3.918395316136757,0.053134138132709625,0.4339665732710274,0.05657203585526229,0.7733494728227741,0.04945446549749379,0447a72a278d3dfc50cb89aea4650f841813932867f4f66954be5fada30d1572
series_std_f32_p0,3,62,1,2.16974817912404,0.028655261321748483,0.3990196511604406,1590.1092403478467,1.5362615908565136e-08,1e-05,1,cost,1.9339061359258114e-07,2.078511023959135,0.04006140014157583,0.41301836929591507,0.04389543962635183,0.2847164297682653,0.03389369378252722,0447a72a278d3dfc50cb89aea4650f841813932867f4f66954be5fada30d1572
series_std_f32_p0,3,63,1,2.7719610253773097,4.106242328031479,0.3815805332126621,1548.683975290362,1.616518836150549e-08,1e-05,1,cost,1.5199445604907602e-08,2.6137550277916004,0.04752445333866216,0.40444406575653136,0.06052824228113675,85.4027261664673,0.05653076526441784,0447a72a278d3dfc50cb89aea4650f841813932867f4f66954be5fada30d1572
series_std_f32_p0,3,64,1,5.892035247952336,0.014481608177261287,0.2516777383140364,1632.9804078692177,6.426962392835911e-08,1e-05,1,cost,6.494143658941631e-08,5.860368252397157,0.0860479582779752,0.24783542849983065,0.00540358458570004,0.8317030587701,0.01550347275796516,0447a72a278d3dfc50cb89aea4650f841813932867f4f66954be5fada30d1572
series_std_f32_p0,3,65,1,4.258631662396755,0.01132690673519253,0.39416902859057873,1586.2351474805114,1.708532505195759e-07,1e-05,1,cost,1.3359156456616006e-06,4.30400773568873,0.06013904754071456,0.3849879814744761,0.010542749009421594,0.811654703584653,0.023847620076190117,0447a72a278d3dfc50cb89aea4650f841813932867f4f66954be5fada30d1572
series_std_f32_p0,3,66,0,4.072646500839507,0.02120267684122134,0.5412200383201765,1550.1669325293353,5.151782878076716e-08,1e-05,1,cost,5.1887515395421246e-08,4.318348807741663,0.0696148764751192,0.5222439031398431,0.05689728130846591,0.6954289382557576,0.0363357715930138,0447a72a278d3dfc50cb89aea4650f841813932867f4f66954be5fada30d1572
series_std_f32_p0,3,67,1,4.064073679287421,0.03292251109728664,0.33080972648269774,1594.3233878038031,2.2663046495008388e-08,1e-05,1,cost,1.7384528372410557e-08,3.960109834459873,0.05446496730124102,0.34712685755406425,0.02625276802246258,0.3955286723079245,0.04700624776296703,0447a72a278d3dfc50cb89aea4650f841813932867f4f66954be5fada30d1572
series_std_f32_p0,3,68,1,3.8741593839264055,0.009480345265624652,0.3260396672338115,1703.7270845296323,3.4162413600768993e-07,1e-05,1,cost,3.2912811104290896e-07,4.125198537854926,0.06517888389637731,0.30870120331280154,0.06085504773281995,0.8545488247283171,0.05616584494956179,0447a72a278d3dfc50cb89aea4650f841813932867f4f66954be5fada30d1572
series_std_f32_p0,3,69,1,3.9510513800788236,0.006696571570076369,0.5019598742959656,1621.9301123353894,1.4962132460771826e-06,1e-05,1,cost,6.018667371078534e-06,3.98556651662461,0.06486902888517804,0.5008875673607459,0.008660032746114476,0.89676781531708,0.0021408136378185585,0447a72a278d3dfc50cb89aea4650f841813932867f4f66954be5fada30d1572
series_std_f32_p0,3,70,1,7.704094120954335,0.05518895659569448,0.497336337626282,1608.3951364612783,5.083457266241709e-08,1e-05,1,cost,4.020011418193192e-08,7.891559196280233,0.09356397053860316,0.48752392280374107,0.02375513769373504,0.41014734327756747,0.02012704272255995,0447a72a278d3dfc50cb89aea4650f841813932867f4f66954be5fada30d1572
series_std_f32_p0,3,71,1,6.963895673983634,0.042484714357636816,0.4969308576174797,1546.4155384877365,2.7050676060236256e-08,1e-05,1,cost,2.120680285544463e-08,6.916515443621282,0.10275469519295186,0.49651413371788505,0.0068503035594387335,0.5865423543142296,0.0008392991685336546,0447a72a278d3dfc50cb89aea4650f841813932867f4f66954be5fada30d1572
series_std_f32_p0,3,72,1,5.9530694188249225,0.2597278197905699,0.38049037170837946,1581.8617268489093,4.018394432481198e-08,1e-05,1,cost,2.949036961852336e-08,5.806770596147759,0.10944570523234433,0.395861478749134,0.025194524263489747,1.373120253912101,0.03882950947721681,0447a72a278d3dfc50cb89aea4650f841813932867f4f66954be5fada30d1572
series_std_f32_p0,3,73,0,5.374834139053449,0.08255758288816577,0.24550116884534162,1681.7617511844787,2.9487834743435748e-08,1e-05,1,cost,4.024412889047646e-08,5.499298916315833,0.09796057576842863,0.23441611969975687,0.02263284450552601,0.15723665116744898,0.04728791330469348,0447a72a278d3dfc50cb89aea4650f841813932867f4f66954be5fada30d1572
series_std_f32_p0,3,74,1,6.506286937502673,0.051535573315114186,0.2796119759037387,1606.2295712957816,2.3685751124324916e-08,1e-05,1,cost,1.766843277239971e-08,6.778536214374777,0.11849103027356377,0.26247121425960335,0.04016343178852743,0.5650677254123584,0.06530530097362176,0447a72a278d3dfc50cb89aea4650f841813932867f4f66954be5fada30d1572
series_std_f32_p0,3,75,1,3.7109538442178738,5.0,0.3604481741927366,1578.23812299714,2.5984846691029517e-08,1e-05,1,cost,2.0141532899864423e-08,3.8274040190471252,0.0693656600294252,0.3599723718133179,0.030425367755725727,71.08177645652012,0.0013217747157146826,0447a72a278d3dfc50cb89aea4650f841813932867f4f66954be5fada30d1572
series_std_f32_p0,3,76,1,5.353989045458298,0.07475537359196427,0.20943936613383393,1608.887971029427,2.6959576626683912e-08,1e-05,1,cost,3.073072547821187e-08,5.517071424189092,0.10416267828701709,0.20492231292761673,0.029559591709430254,0.28232093470198494,0.022042759237315118,0447a72a278d3dfc50cb89aea4650f841813932867f4f66954be5fada30d1572
series_std_f32_p0,3,77,1,3.956406280305208,0.0023940871003310777,0.24074608157354446,1617.2396379086697,2.9846957249751727e-06,1e-05,1,cost,0.028527679387567288,3.983292316771837,0.050699406944366594,0.23196580657460686,0.006749702087748899,0.952778794770555,0.037851591700493216,0447a72a278d3dfc50cb89aea4650f841813932867f4f66954be5fada30d1572
series_std_f32_p0,3,78,1,6.446726057409706,0.129199334318508,0.5833531677855585,1610.774695052527,3.746190446740627e-08,1e-05,1,cost,4.2258354204793847e-08,6.3229683487339265,0.08029791300093413,0.5974137776629855,0.019572723102521974,0.6089999041071589,0.023535797805719474,0447a72a278d3dfc50cb89aea4650f841813932867f4f66954be5fada30d1572
series_std_f32_p0,3,79,1,5.891037303450067,0.11607562032471198,0.3384240412100893,1557.741087378762,3.386095881463547e-08,1e-05,1,cost,4.5783773133800665e-08,5.919829092989421,0.07743150161903066,0.33786641829695924,0.004863618372606515,0.4990748971370019,0.001650424200016063,0447a72a278d3dfc50cb89aea4650f841813932867f4f66954be5fada30d1572
series_std_f32_p0,3,80,1,4.720091225057903,0.2624059852468108,0.2163030933346828,1577.3633236983887,3.029788316066817e-08,1e-05,1,cost,3.253853064072443e-08,4.120329247243738,0.06080036003598005,0.26234637432696306,0.1455616631159684,3.315862358241396,0.1755056882733831,0447a72a278d3dfc50cb89aea4650f841813932867f4f66954be5fada30d1572
series_std_f32_p0,3,81,1,3.5174381601883757,0.008506241081661934,0.5664461845270419,1558.2505806217284,1.3635995624143582e-06,1e-05,1,cost,0.0844753730337976,4.2987771643799375,0.07661895058315665,0.4781109708063665,0.1817584336926809,0.8889799322893377,0.18475880938622274,0447a72a278d3dfc50cb89aea4650f841813932867f4f66954be5fada30d1572
series_std_f32_p0,3,82,1,6.780559165356449,0.08822166529066831,0.2553037745133245,1630.2906343639324,4.230228031754102e-08,1e-05,1,cost,2.2193566706629753e-08,7.297137205367871,0.1326341961491499,0.24484334366313157,0.07079187707083552,0.33484977590951565,0.04272295376175275,0447a72a278d3dfc50cb89aea4650f841813932867f4f66954be5fada30d1572
series_std_f32_p0,3,83,1,2.602142689163282,0.0001,0.26721923612455,2698.5449902856963,0.036443256325755055,1e-05,0,cost,0.0060371361130770575,2.0048344718429023,0.025003378984462622,0.2825060099314001,0.2979339320574016,0.9960005405644516,0.05411132248323548,0447a72a278d3dfc50cb89aea4650f841813932867f4f66954be5fada30d1572
series_std_f32_p0,3,84,1,2.3488732933557475,0.05830031076676295,0.32312088798041316,1571.6865189120683,1.3043054768180351e-08,1e-05,1,cost,1.8290948804178253e-08,2.18459219795674,0.034195329948470965,0.34678401588261654,0.07519989110675218,0.7049202582521019,0.06823592443261037,0447a72a278d3dfc50cb89aea4650f841813932867f4f66954be5fada30d1572
series_std_f32_p0,3,85,1,6.790944294211192,0.13803709366208117,0.5303421771367026,1601.9814827727803,4.04242190832349e-08,1e-05,1,cost,4.220539984167715e-08,6.758238014203197,0.08053032273380695,0.5372921318982486,0.004839468503367115,0.7141008377473278,0.012935150821940937,0447a72a278d3dfc50cb89aea4650f841813932867f4f66954be5fada30d1572
series_std_f32_p0,3,86,0,4.999334804246062,0.07405030058509966,0.4920918922811451,1597.6881684695345,3.523810965244678e-08,1e-05,1,cost,2.4277243743098254e-08,4.977864183715684,0.06792156164271182,0.49410833496124434,0.004313219432666705,0.09023259763411924,0.004080972809854387,0447a72a278d3dfc50cb89aea4650f841813932867f4f66954be5fada30d1572
series_std_f32_p0,3,87,0,0.7545244876522477,0.0015392552707160763,0.005,3710.609602574784,4.674904619095862e-06,1e-05,1,cost,2.5045274086019087e-05,2.0436555763278843,0.03232738281035807,0.39542561525755704,0.6307966487151396,0.9523854040475284,0.9873553968001205,0447a72a278d3dfc50cb89aea4650f841813932867f4f66954be5fada30d1572
series_std_f32_p0,3,88,1,6.384839918001038,0.07511702099759607,0.4275731470122011,1573.22960699418,3.3468115889778716e-08,1e-05,1,cost,3.490854338927818e-08,6.556237870739479,0.1096260246672722,0.42053822586084577,0.026142729430759477,0.3147884252340171,0.01672837501740726,0447a72a278d3dfc50cb89aea4650f841813932867f4f66954be5fada30d1572
series_std_f32_p0,3,89,1,3.4417985713097834,0.7771138029373919,0.20052141293856476,1522.9880133012416,1.9652673474701565e-08,1e-05,1,cost,1.560570411784923e-08,3.179887016316008,0.05040254349060129,0.2189759228820353,0.08236505059768054,14.418146567986248,0.08427643414208683,0447a72a278d3dfc50cb89aea4650f841813932867f4f66954be5fada30d1572
series_std_f32_p0,3,90,1,6.827466216865425,0.0077141072902509175,0.2118273644537071,1551.932532443381,5.619379935817292e-07,1e-05,1,cost,2.606288356826747e-06,7.024097145121941,0.09808284877634033,0.20929773514846606,0.027993765489572022,0.921351108919751,0.012086271757535414,0447a72a278d3dfc50cb89aea4650f841813932867f4f66954be5fada30d1572
series_std_f32_p0,3,91,1,3.2329964590071247,0.11092968856270659,0.4696381368559343,1639.2352876377386,2.9281648716850128e-08,1e-05,1,cost,2.259131666459968e-08,3.3089077635513595,0.051096641027234026,0.46596508857819763,0.02294149911956484,1.1709780982194526,0.00788266839677684,0447a72a278d3dfc50cb89aea4650f841813932867f4f66954be5fada30d1572
series_std_f32_p0,3,92,1,5.843859525794984,0.05984436419688314,0.5779508078861488,1612.999377477018,5.291030369392047e-08,1e-05,1,cost,4.874035014479361e-08,6.465762049666184,0.07194816726220786,0.537722915434959,0.09618394848033542,0.1682294841675901,0.07481156427683557,0447a72a278d3dfc50cb89aea4650f841813932867f4f66954be5fada30d1572
series_std_f32_p0,3,93,1,3.168903646580904,0.006132035132606767,0.17513476745296558,1565.4668405440927,4.181443494927217e-07,1e-05,1,cost,0.004001928692834207,2.689240135630288,0.04467020986058792,0.2093673522102363,0.17836395664167615,0.8627265206108423,0.1635048845767322,0447a72a278d3dfc50cb89aea4650f841813932867f4f66954be5fada30d1572
series_std_f32_p0,3,94,1,3.538962109249713,0.04245016996073857,0.3828834416086963,1654.2952646342412,1.939642260695429e-08,1e-05,1,cost,2.6817664366962646e-08,3.603592833085251,0.059533884825332756,0.3707900263510714,0.017935079469065238,0.28695783778794753,0.032615265778952296,0447a72a278d3dfc50cb89aea4650f841813932867f4f66954be5fada30d1572
series_std_f32_p0,3,95,1,4.620522455392627,0.22696027975784167,0.4350075747426286,1737.011858587759,4.6353757415795727e-08,1e-05,1,cost,2.7018803722134166e-08,4.205518776284162,0.07086674766082877,0.4755993518971609,0.09868073386065028,2.2026343419071956,0.0853486805493156,0447a72a278d3dfc50cb89aea4650f841813932867f4f66954be5fada30d1572
series_std_f32_p0,3,96,1,7.026740235651606,0.08184297382695332,0.23903898129978193,1623.9840155265276,3.80930055554618e-08,1e-05,1,cost,5.057887612902601e-08,7.300581750315821,0.11729542339653341,0.230879937588238,0.03750954705114684,0.3022492143596104,0.03533890296737327,0447a72a278d3dfc50cb89aea4650f841813932867f4f66954be5fada30d1572
series_std_f32_p0,3,97,1,5.727794840240812,0.0784324168721223,0.525792809599523,1562.2182447709768,3.864568284828174e-08,1e-05,1,cost,4.92768442716951e-08,5.502566541404262,0.10732570423591183,0.5416916139421768,0.04093149935431259,0.2692112534410155,0.02935028701469045,0447a72a278d3dfc50cb89aea4650f841813932867f4f66954be5fada30d1572
series_std_f32_p0,3,98,1,4.737862855800542,0.057971062381988014,0.2912155730975757,1684.7520988377769,2.4908947196533582e-08,1e-05,1,cost,2.2824913264996027e-08,4.96076752074282,0.06496530279343189,0.2778631535794055,0.044933503537553474,0.10766116851149361,0.048053940748046794,0447a72a278d3dfc50cb89aea4650f841813932867f4f66954be5fada30d1572
series_std_f32_p0,3,99,1,6.410033953707397,0.06472420254370714,0.4955755993103186,1625.430589450059,3.600163192563066e-08,1e-05,1,cost,3.837918780003058e-08,5.689548746736849,0.09080661170656715,0.5410919621310958,0.1266331020335789,0.28723028722999605,0.08411945844013387,0447a72a278d3dfc50cb89aea4650f841813932867f4f66954be5fada30d1572
series_std_f32_p0,3,100,1,4.245383522097284,0.007207740107075508,0.5838691408865159,1588.591086103516,6.380618566229762e-06,1e-05,1,cost,0.025901546901590522,4.509400713433751,0.07123051135205746,0.5552830397428754,0.0585481770448887,0.8988110576456319,0.05148023457888665,0447a72a278d3dfc50cb89aea4650f841813932867f4f66954be5fada30d1572
series_std_f32_p0,3,101,1,2.5097825689791073,0.5292798907153898,0.3445307149284951,1653.071108344554,2.5380796145335616e-08,1e-05,1,cost,2.1626305531097234e-08,2.6431933362204036,0.0390608948833079,0.35003265876306755,0.050473329140601236,12.550121990204834,0.015718372834166508,0447a72a278d3dfc50cb89aea4650f841813932867f4f66954be5fada30d1572
series_std_f32_p0,3,102,1,7.086854744824123,0.07609509314224784,0.4407724826787475,1721.6783552802276,4.0313483828935404e-08,1e-05,1,cost,3.2001677058302036e-08,7.094404883718467,0.1195485133432284,0.43894317154887624,0.0010642385116293022,0.3634793857806003,0.004167535226522113,0447a72a278d3dfc50cb89aea4650f841813932867f4f66954be5fada30d1572
series_std_f32_p0,3,103,0,4.548822183484433,0.00836443772298083,0.24789920485745728,1642.035284654166,4.521319781486399e-07,1e-05,1,cost,4.7106573899946547e-07,4.667109458702844,0.07298968460196487,0.2397068399921524,0.025344868438394536,0.8854024679159161,0.03417660032385015,0447a72a278d3dfc50cb89aea4650f841813932867f4f66954be5fada30d1572
series_std_f32_p0,3,104,1,7.9370468625585415,0.07440687209591548,0.4397525966604002,1519.704291685492,3.671520784620519e-08,1e-05,1,cost,5.694646981746487e-08,7.923060203441778,0.1167498441691765,0.44173274679668617,0.0017653102157027766,0.36268118706782926,0.004482688120012504,0447a72a278d3dfc50cb89aea4650f841813932867f4f66954be5fada30d1572
series_std_f32_p0,3,105,1,3.249137188466648,0.1317482712018806,0.4250750861616984,1547.4535338108756,2.86378613462146e-08,1e-05,1,cost,2.6742321954098536e-08,2.6679620930701304,0.02861401843329752,0.5139779183114304,0.21783483989749494,3.60432607566115,0.1729701393433478,0447a72a278d3dfc50cb89aea4650f841813932867f4f66954be5fada30d1572
series_std_f32_p0,3,106,1,2.0867722162240914,0.2352966564045767,0.5457110113326865,1635.8243936434146,4.14564336193024e-08,1e-05,1,cost,6.724264198232355e-08,2.0726381744995432,0.029752945992968224,0.5631850147739523,0.006819348354403884,6.908348183745785,0.031027110066626014,0447a72a278d3dfc50cb89aea4650f841813932867f4f66954be5fada30d1572
series_std_f32_p0,3,107,1,7.423081053715157,0.02040472528420835,0.2297204480771367,1520.7502793504138,1.8432814163915623e-08,1e-05,1,cost,2.2408525812700475e-08,7.792544338949571,0.10792446978417775,0.21746806224387352,0.047412407188717746,0.8109351352384426,0.05634108156775264,0447a72a278d3dfc50cb89aea4650f841813932867f4f66954be5fada30d1572
series_std_f32_p0,3,108,1,7.480464032563483,0.021901507347760647,0.2161574874850075,1447.7626530972645,3.9793630557394266e-08,1e-05,1,cost,5.764230469051945e-07,7.312819377415955,0.12910119319141405,0.22060188814428594,0.022924763554978845,0.8303539509872073,0.020146702717120747,0447a72a278d3dfc50cb89aea4650f841813932867f4f66954be5fada30d1572
series_std_f32_p0,3,109,0,3.8140185014963635,0.0001,0.2202385560989284,3614.4785959635706,0.0064400664109689545,1e-05,0,cost,0.00435857803789594,2.765834186081775,0.044318505882354364,0.2841061639041478,0.378975833290824,0.997743606242831,0.22480190829920588,0447a72a278d3dfc50cb89aea4650f841813932867f4f66954be5fada30d1572
series_std_f32_p0,3,110,1,6.247687308697476,0.0721486031803781,0.45822466007115187,1572.6157029205258,3.423990826978418e-08,1e-05,1,cost,3.491614330997095e-08,6.766974318948115,0.09625628553592346,0.4256444363657461,0.07673843371868444,0.2504530714157696,0.07654328571420664,0447a72a278d3dfc50cb89aea4650f841813932867f4f66954be5fada30d1572
series_std_f32_p0,3,111,1,6.2516699459557845,0.032595988476565675,0.23545982901675908,1610.2680518019492,1.572699406815481e-08,1e-05,1,cost,1.5475005804566067e-08,6.468202162720069,0.09161355505511073,0.22843735995870046,0.033476414514729165,0.644201248854961,0.0307413334637041,0447a72a278d3dfc50cb89aea4650f841813932867f4f66954be5fada30d1572
series_std_f32_p0,3,112,1,3.1862869152120235,0.018650811274396446,0.4504937532078793,1642.0299580608862,4.006580682502925e-08,1e-05,1,cost,3.7524891152718176e-08,3.532123822320552,0.056959339160370194,0.4043686097457172,0.097911886588766,0.6725592054029156,0.11406707234561905,0447a72a278d3dfc50cb89aea4650f841813932867f4f66954be5fada30d1572
series_std_f32_p0,3,113,1,5.051056548221823,0.23842418640445143,0.37113060546222115,1565.5754713923855,2.3392736872573927e-08,1e-05,1,cost,2.8003190974401626e-08,5.298736146451533,0.10148602641770942,0.3501443949160487,0.046743146173748716,1.3493301966825866,0.05993587460168866,0447a72a278d3dfc50cb89aea4650f841813932867f4f66954be5fada30d1572
series_std_f32_p0,3,114,1,2.3240609565822434,0.006565674676518718,0.5257413400291707,1524.9873047326553,5.137207807343058e-07,1e-05,1,cost,0.027666530999193705,2.31445655889359,0.02951513391625971,0.5184987408832046,0.0041497420427907385,0.7775488772930239,0.013968402572452129,0447a72a278d3dfc50cb89aea4650f841813932867f4f66954be5fada30d1572
series_std_f32_p0,3,115,1,6.055016029292512,0.0894785324291303,0.568366887201112,1584.701180095814,5.6267330184045505e-08,1e-05,1,cost,4.958619620465399e-08,6.058601727440957,0.09256306730545974,0.5678940176841119,0.0005918359234944362,0.03332360266487735,0.0008326721223943717,0447a72a278d3dfc50cb89aea4650f841813932867f4f66954be5fada30d1572
series_std_f32_p0,3,116,1,2.605195297356846,0.037962090802454655,0.36155842832751073,1612.863076459501,1.682173964012712e-08,1e-05,1,cost,5.5443181191938695e-08,2.1936616653699543,0.04063309900284778,0.4248898245856302,0.18760123244323904,0.06573478927132606,0.1490536901416333,0447a72a278d3dfc50cb89aea4650f841813932867f4f66954be5fada30d1572
series_std_f32_p0,3,117,0,4.645140625040633,0.06167574141687687,0.23319947658332488,1628.4960821415377,1.9755022284684287e-08,1e-05,1,cost,1.894789317113954e-08,4.404988712572085,0.07642387246905477,0.2471344552601901,0.05451816750021193,0.19297806530478614,0.05638622369428043,0447a72a278d3dfc50cb89aea4650f841813932867f4f66954be5fada30d1572
series_std_f32_p0,3,118,0,5.631076280087977,0.07480563402397708,0.34672520899998927,1555.9756124071052,3.089124828159484e-08,1e-05,1,cost,2.8862214368485795e-08,6.201589553715154,0.08668714829120873,0.31902863608594023,0.09199468437658899,0.13706200401607396,0.08681531932007541,0447a72a278d3dfc50cb89aea4650f841813932867f4f66954be5fada30d1572
series_std_f32_p0,3,119,1,5.847054809708429,0.028469462626192873,0.3619421718407519,1633.3098584619388,2.1738860600528653e-08,1e-05,1,cost,2.543787275266496e-08,6.0227346560183275,0.09007548667244841,0.35198870976691643,0.02916944815663546,0.6839377318079938,0.02827778788821536,0447a72a278d3dfc50cb89aea4650f841813932867f4f66954be5fada30d1572
series_std_f32_p0,3,120,1,5.397266037470201,0.3276933278450598,0.3951959766028298,1643.4178033787632,5.433958732981026e-08,1e-05,1,cost,2.5724637281454577e-08,5.039796936447014,0.07071216342323781,0.4216405653581371,0.07092926670081233,3.6341861425409507,0.06271832202114033,0447a72a278d3dfc50cb89aea4650f841813932867f4f66954be5fada30d1572
series_std_f32_p0,3,121,1,4.113811532247379,0.07548489780594872,0.4270223724802901,1594.6025052046818,2.7690887235976014e-08,1e-05,1,cost,2.5648414544998666e-08,4.368234665615803,0.07198330664624761,0.4006095374431297,0.05824392525683076,0.048644488880029035,0.06593161811807828,0447a72a278d3dfc50cb89aea4650f841813932867f4f66954be5fada30d1572
series_std_f32_p0,3,122,1,2.614625017527364,0.00457745797734645,0.3806133850177459,1582.271868860733,1.142288613448228e-06,1e-05,1,cost,0.024713724190870492,2.6303477770796464,0.03953322325652485,0.3838528891139764,0.005977445145956497,0.8842123763184184,0.008439441744747766,0447a72a278d3dfc50cb89aea4650f841813932867f4f66954be5fada30d1572
series_std_f32_p0,3,123,1,5.3249552362856045,0.430191779748301,0.4643341378454464,1590.353933977617,3.4531972503693e-08,1e-05,1,cost,4.729389149749075e-08,4.952751793906503,0.06971508201016255,0.502630472997827,0.0751508369220183,5.170713242302301,0.07619182920599839,0447a72a278d3dfc50cb89aea4650f841813932867f4f66954be5fada30d1572
series_std_f32_p0,3,124,1,5.932154186736175,0.0655449734699723,0.5584877499983015,1661.8284546433479,2.927932740703909e-08,1e-05,1,cost,4.1242165960131416e-08,5.952846842265256,0.09836865423370328,0.5577515603854013,0.003476094056739906,0.3336802868701324,0.0013199238965670098,0447a72a278d3dfc50cb89aea4650f841813932867f4f66954be5fada30d1572
series_std_f32_p0,3,125,1,4.356722404520778,0.03028447318766129,0.41208262091084275,1634.4611285104695,2.6533372832204805e-08,1e-05,1,cost,1.9723561534013e-08,4.439454984492341,0.050832701001735876,0.4134015859787176,0.01863575151917524,0.4042324607809624,0.003190517677265949,0447a72a278d3dfc50cb89aea4650f841813932867f4f66954be5fada30d1572
series_std_f32_p0,3,126,1,5.95027619329437,0.03164167945258199,0.3989443808567488,1624.1031834254898,1.729150858609252e-08,1e-05,1,cost,2.910701388247894e-07,6.127274485029768,0.08537688278313814,0.3849646777429629,0.028886953272265217,0.6293882088322016,0.03631424887017828,0447a72a278d3dfc50cb89aea4650f841813932867f4f66954be5fada30d1572
series_std_f32_p0,3,127,1,3.723427374895292,0.0030135585262773446,0.3485558028751361,1652.0086632456164,0.0009274483803231107,1e-05,0,cost,0.013865758775013344,3.436516165974801,0.05361325698768471,0.3671292771614686,0.0834889740258521,0.9437907954935553,0.05059110085127757,0447a72a278d3dfc50cb89aea4650f841813932867f4f66954be5fada30d1572
