run,it,env,accepted,m,I_zz,mu,cost,res_ncp,res_tol,res_pass,gate,last_cand_res,m_true,I_zz_true,mu_true,rel_m,rel_I,rel_mu,theta_sha256
series_std_int64_p0,0,0,1,9.617524041172347,0.004897501029174328,0.27165969224052244,5192.620977805,0.01906597881327512,1e-05,0,cost,0.01906597881327512,7.66193324607077,0.12488383317490416,0.43349673090252455,0.2552346427847635,0.9607835465595037,0.37332931744390147,530fc9a2b848ee853295e5ad7020b40ddfbb83b4922a4775dcb7c647e702f476
series_std_int64_p0,0,1,1,10.28128518999785,0.009230880441858172,0.3179798092272278,2782.4040449033537,1.3494282889436882e-06,1e-05,1,cost,1.3494282889436882e-06,7.107985503602176,0.11549221983094739,0.5423598261986978,0.4464414966501428,0.9200735733076224,0.413710614490216,530fc9a2b848ee853295e5ad7020b40ddfbb83b4922a4775dcb7c647e702f476
series_std_int64_p0,0,2,1,2.490480972436548,0.07913222615034207,0.40417980195150505,1664.6375228082377,5.2904532699127316e-09,1e-05,1,cost,6.30219164354795e-09,2.4331970156836236,0.034169598356260614,0.43532943072441654,0.023542670973081926,1.3158664414281396,0.07155415318710817,530fc9a2b848ee853295e5ad7020b40ddfbb83b4922a4775dcb7c647e702f476
series_std_int64_p0,0,3,1,4.241086354492319,0.1161460440585726,0.28936939623674746,1503.485984365684,4.501292394376577e-11,1e-05,1,cost,4.490560701064794e-11,3.7467846984055893,0.05336747045507642,0.309522998672487,0.13192689088782591,1.1763453105078647,0.06511180921022451,530fc9a2b848ee853295e5ad7020b40ddfbb83b4922a4775dcb7c647e702f476
series_std_int64_p0,0,4,1,3.0502270335261645,0.1649154501940916,0.34324049087002395,1560.5493190649702,3.228670386601351e-10,1e-05,1,cost,3.1657593213552104e-10,2.5205070814098667,0.03852175628215398,0.4129453129711349,0.21016404041205652,3.2810989453897816,0.16879916035270112,530fc9a2b848ee853295e5ad7020b40ddfbb83b4922a4775dcb7c647e702f476
series_std_int64_p0,0,5,1,3.817784425177617,0.017153631821958844,0.3413022715032611,1617.6404699044467,1.515619438285931e-08,1e-05,1,cost,1.515619438285931e-08,4.099439817456933,0.050781524716599497,0.3158350441039742,0.06870582441042859,0.6622072315140303,0.08063458401691151,530fc9a2b848ee853295e5ad7020b40ddfbb83b4922a4775dcb7c647e702f476
series_std_int64_p0,0,6,1,4.0483906975253,0.11918442419422862,0.24632294604730157,1612.6424283992428,5.4310597685791606e-11,1e-05,1,cost,5.4282661698934476e-11,3.6780588679031005,0.04318808870759348,0.25698606285261066,0.10068675976176791,1.7596596135839924,0.04149297703908838,530fc9a2b848ee853295e5ad7020b40ddfbb83b4922a4775dcb7c647e702f476
series_std_int64_p0,0,7,1,2.337097486488331,0.2648210302294151,0.485265085026349,1699.931488783325,5.500550209758259e-09,1e-05,1,cost,5.751149709243286e-09,2.2748718879631347,0.03589734399470002,0.5904684822246389,0.02735345179411908,6.377176157336709,0.17816936951812798,530fc9a2b848ee853295e5ad7020b40ddfbb83b4922a4775dcb7c647e702f476
series_std_int64_p0,0,8,1,3.9704391234452006,0.017423128762055984,0.3035379324342178,1586.730183452535,1.1837584371066079e-08,1e-05,1,cost,1.4446687568447913e-08,3.7427791582228913,0.052888921934059634,0.3046354389473463,0.06082644890285337,0.6705713006633293,0.003602688239165125,530fc9a2b848ee853295e5ad7020b40ddfbb83b4922a4775dcb7c647e702f476
series_std_int64_p0,0,9,1,4.0239295738885374,0.01797836705513363,0.5068680494133142,1553.738444571903,3.1840831610230325e-08,1e-05,1,cost,3.1840831610230325e-08,4.364955469123513,0.057929897248945726,0.4851151432907607,0.07812814990835486,0.6896530477540107,0.04484070724940361,530fc9a2b848ee853295e5ad7020b40ddfbb83b4922a4775dcb7c647e702f476
series_std_int64_p0,0,10,1,2.8171773367156656,0.08134860091863351,0.42145621291572344,1605.4553149358053,1.302087659915685e-09,1e-05,1,cost,1.2047389752467552e-09,2.929401115705847,0.046731200462293905,0.42512215510687656,0.038309461407828,0.7407770421877224,0.008623267799890366,530fc9a2b848ee853295e5ad7020b40ddfbb83b4922a4775dcb7c647e702f476
series_std_int64_p0,0,11,1,2.115155644097679,0.1307092355817135,0.39899108447562637,1504.3497417383855,3.95076227982516e-09,1e-05,1,cost,3.885303981321364e-09,2.1409405384403595,0.03492888069643343,0.4318337315367098,0.01204372278431632,2.7421535696407284,0.07605391765995356,530fc9a2b848ee853295e5ad7020b40ddfbb83b4922a4775dcb7c647e702f476
series_std_int64_p0,0,12,1,4.312358862441981,0.1502514250234443,0.25434275463413136,1610.1900907943136,4.014974464006116e-11,1e-05,1,cost,3.996127040384323e-11,3.475443148520294,0.045625172275191035,0.3009554993155038,0.24080834534094223,2.2931694836612033,0.15488251514721924,530fc9a2b848ee853295e5ad7020b40ddfbb83b4922a4775dcb7c647e702f476
series_std_int64_p0,0,13,1,4.588293033808369,0.10427498466602014,0.4176333436106682,1580.3476145880063,6.102665595086876e-11,1e-05,1,cost,6.083791803668248e-11,4.383492317785077,0.0620392302928347,0.4316979388115358,0.04672090223412895,0.6807910764499525,0.0325797135830378,530fc9a2b848ee853295e5ad7020b40ddfbb83b4922a4775dcb7c647e702f476
series_std_int64_p0,0,14,1,5.025684807217895,0.2787946781337773,0.5324756630028377,1683.0173840322602,3.7880032444093104e-11,1e-05,1,cost,3.715661112124735e-11,4.535533312461739,0.08338125294791263,0.5857839200417314,0.1080692084014521,2.343613441596246,0.0910032781970117,530fc9a2b848ee853295e5ad7020b40ddfbb83b4922a4775dcb7c647e702f476
series_std_int64_p0,0,15,1,11.159325812402976,0.031179038692726507,0.27424070880227003,4041.7443320051248,5.760015076017311e-09,1e-05,1,cost,5.760015076017311e-09,7.585962161890749,0.1114323971417409,0.54394349399187,0.47104949566761223,0.7201977208381591,0.4958286810461071,530fc9a2b848ee853295e5ad7020b40ddfbb83b4922a4775dcb7c647e702f476
series_std_int64_p0,0,16,0,5.0,0.07895028105776501,0.4,3657.764673007757,3.666647541145096e-11,1e-05,1,cost,0.018446402965750782,5.998593002273881,0.09471812069613306,0.4953306142413841,0.16647120448000813,0.16647120448000802,0.1924585549540203,530fc9a2b848ee853295e5ad7020b40ddfbb83b4922a4775dcb7c647e702f476
series_std_int64_p0,0,17,0,5.0,0.08404978108925076,0.4,4701.925032044459,2.991687453324232e-11,1e-05,1,cost,0.015710520933630453,5.398943265384813,0.09075599991377564,0.57682677328866,0.07389284268694346,0.07389284268694347,0.3065509117763697,530fc9a2b848ee853295e5ad7020b40ddfbb83b4922a4775dcb7c647e702f476
series_std_int64_p0,0,18,1,3.950369626621722,0.20616456813817324,0.4489375368260333,1570.4049972035045,1.1335954397395653e-10,1e-05,1,cost,1.1258771692723712e-10,3.6592076967429334,0.0606610821392251,0.49343191961710314,0.07956966480420122,2.398629910112692,0.09017329650176846,530fc9a2b848ee853295e5ad7020b40ddfbb83b4922a4775dcb7c647e702f476
series_std_int64_p0,0,19,1,2.7969528268229835,0.2282180596575475,0.33192785533512187,1641.9643261541996,4.3588170572927964e-10,1e-05,1,cost,4.274689352490313e-10,2.1590212139213847,0.03237531783345167,0.4086344011008533,0.29547260063412584,6.049137272769631,0.18771436168635205,530fc9a2b848ee853295e5ad7020b40ddfbb83b4922a4775dcb7c647e702f476
series_std_int64_p0,0,20,1,3.8567928317303184,0.2946863907790508,0.23349237986741325,1740.9130219212395,6.95669216677075e-11,1e-05,1,cost,6.920099215879105e-11,3.6644685576993385,0.06136582590169716,0.209893140687058,0.05248353779073676,3.802125392251925,0.11243454218230382,530fc9a2b848ee853295e5ad7020b40ddfbb83b4922a4775dcb7c647e702f476
series_std_int64_p0,0,21,1,3.9205819542502125,0.03750521822881184,0.26340478678326007,1663.863642453825,8.578360938260587e-11,1e-05,1,cost,8.578360938260587e-11,3.675221613216589,0.046683339239795896,0.25811531087967005,0.06676069278415069,0.19660378114425958,0.020492685558106655,530fc9a2b848ee853295e5ad7020b40ddfbb83b4922a4775dcb7c647e702f476
series_std_int64_p0,0,22,1,4.91165882769201,0.09612721274139234,0.5248432090299928,1558.5958163968614,3.0635272096901645e-11,1e-05,1,cost,3.042849305856521e-11,4.421338129135401,0.06852576236123241,0.5722617444775282,0.11089871080556613,0.40278939524465773,0.08286162041257579,530fc9a2b848ee853295e5ad7020b40ddfbb83b4922a4775dcb7c647e702f476
series_std_int64_p0,0,23,1,9.408740854664565,0.024529844685269274,0.37716028136983304,2097.3530777606397,3.1984675741281166e-08,1e-05,1,cost,3.1984675741281166e-08,7.73023253893694,0.1192343056297217,0.5000887863655867,0.2171355528146185,0.7942719206882798,0.24581336024177033,530fc9a2b848ee853295e5ad7020b40ddfbb83b4922a4775dcb7c647e702f476
series_std_int64_p0,0,24,0,5.0,0.07048491331172686,0.4,1699.5785182079449,3.3944985711187314e-11,1e-05,1,cost,9.02115326884001e-11,7.237675172340762,0.10202938142017527,0.29023368046485143,0.3091704337453801,0.30917043374538006,0.3781997987254335,530fc9a2b848ee853295e5ad7020b40ddfbb83b4922a4775dcb7c647e702f476
series_std_int64_p0,0,25,1,4.449416142850661,0.07013050503676417,0.34818086825608513,1558.6363230529698,4.460584679399915e-11,1e-05,1,cost,4.4599657300636864e-11,4.533736892920887,0.06767662983472793,0.348564425746158,0.01859850980807607,0.03625882683621827,0.001100391955523814,530fc9a2b848ee853295e5ad7020b40ddfbb83b4922a4775dcb7c647e702f476
series_std_int64_p0,0,26,1,3.6889897863001875,0.03920979648566433,0.3508249787632225,1691.6714472721503,1.6358603360799862e-10,1e-05,1,cost,1.6358603360799862e-10,3.708532750824764,0.04748422547072194,0.34752425592775865,0.005269729523146403,0.17425637468088206,0.009497820020223216,530fc9a2b848ee853295e5ad7020b40ddfbb83b4922a4775dcb7c647e702f476
series_std_int64_p0,0,27,0,5.0,0.07523393997702402,0.4,3069.4347935234846,3.484362798289453e-11,1e-05,1,cost,0.03900047580476891,7.323464506618292,0.11019461782295727,0.3847915976505124,0.31726302551457064,0.31726302551457064,0.03952373815423244,530fc9a2b848ee853295e5ad7020b40ddfbb83b4922a4775dcb7c647e702f476
series_std_int64_p0,0,28,1,4.051869117652761,0.009711099637455575,0.30158695508732036,1510.9139679191749,4.824010738230244e-07,1e-05,1,cost,1.078482642288825e-06,3.9880361962916817,0.07454770539293268,0.29364715778878797,0.016006103811303234,0.869733084522596,0.027038563418493092,530fc9a2b848ee853295e5ad7020b40ddfbb83b4922a4775dcb7c647e702f476
series_std_int64_p0,0,29,0,5.0,0.07279103038003855,0.4,5268.726458950973,2.0886986584756073e-11,1e-05,1,cost,0.013720938225958396,7.373075375987463,0.1073387507375635,0.44332073075073086,0.32185692604148125,0.32185692604148114,0.09771871186211027,530fc9a2b848ee853295e5ad7020b40ddfbb83b4922a4775dcb7c647e702f476
series_std_int64_p0,0,30,1,3.045993140396825,0.1490953598660807,0.29975941382541427,1697.3149151537832,2.862250228496954e-10,1e-05,1,cost,3.190971237243545e-10,2.2045877397946825,0.02777555113182486,0.3910682327649343,0.3816611085211352,4.367863239093362,0.23348564595479301,530fc9a2b848ee853295e5ad7020b40ddfbb83b4922a4775dcb7c647e702f476
series_std_int64_p0,0,31,0,5.0,0.05917693724798608,0.4,2622.3742037335633,3.4408781379724473e-11,1e-05,1,cost,0.009845607788182841,5.228111988158105,0.06187673100973518,0.5052479143177404,0.043631809853114885,0.04363180985311484,0.20830944836231835,530fc9a2b848ee853295e5ad7020b40ddfbb83b4922a4775dcb7c647e702f476
series_std_int64_p0,0,32,1,4.377260440561376,0.015216393306398152,0.43360327636229457,1549.4690247988085,9.010763166172886e-08,1e-05,1,cost,1.2889266823301604e-07,4.93955266031659,0.07141604015131113,0.3916600173438961,0.11383464423257601,0.7869331137072462,0.10709099004499682,530fc9a2b848ee853295e5ad7020b40ddfbb83b4922a4775dcb7c647e702f476
series_std_int64_p0,0,33,1,3.6564330704109334,0.4036557028765966,0.20136592153195174,1668.3007352950824,8.699509862486465e-11,1e-05,1,cost,8.635342441110083e-11,2.872998302525655,0.042058649405336386,0.21922585914201234,0.2726889073329978,8.597448053702383,0.08146820671593817,530fc9a2b848ee853295e5ad7020b40ddfbb83b4922a4775dcb7c647e702f476
series_std_int64_p0,0,34,1,3.018811441986924,0.15811231174882873,0.25776155339229134,1699.699077173686,2.1251406884248425e-10,1e-05,1,cost,2.1176586872950764e-10,2.255131720202789,0.03253319788635471,0.27991482572253246,0.3386408496420166,3.860029816347849,0.07914290453554147,530fc9a2b848ee853295e5ad7020b40ddfbb83b4922a4775dcb7c647e702f476
series_std_int64_p0,0,35,1,3.6947308147022158,0.0509562930661099,0.49427752211876114,1643.0124291297357,3.1646082976344303e-10,1e-05,1,cost,3.1646082976344303e-10,3.971425361147362,0.06718063850997594,0.4947296269094528,0.0696713449916652,0.2415032932659134,0.0009138421596376991,530fc9a2b848ee853295e5ad7020b40ddfbb83b4922a4775dcb7c647e702f476
series_std_int64_p0,0,36,1,3.169573517618704,0.0824892107651632,0.2657481259554494,1702.034827963333,2.0753072871304568e-10,1e-05,1,cost,2.0757254248771062e-10,2.507316024312086,0.04027295060774383,0.2833794578627076,0.2641300445915336,1.048253468403725,0.06221810162330207,530fc9a2b848ee853295e5ad7020b40ddfbb83b4922a4775dcb7c647e702f476
series_std_int64_p0,0,37,1,3.274138566868656,0.07178344267548548,0.2591577264227848,1633.5539673272729,1.3425961731261538e-10,1e-05,1,cost,1.344928196589379e-10,2.7606918980411512,0.0431347658306865,0.2605392393613692,0.1859847776536819,0.6641667409822364,0.005302513901440546,530fc9a2b848ee853295e5ad7020b40ddfbb83b4922a4775dcb7c647e702f476
series_std_int64_p0,0,38,0,5.0,0.09983650756647061,0.4,1741.8913577850103,2.139322052840953e-11,1e-05,1,cost,7.123187978352874e-08,7.722349518094632,0.1541944812188371,0.231102854340336,0.3525286587606215,0.35252865876062156,0.7308310671530517,530fc9a2b848ee853295e5ad7020b40ddfbb83b4922a4775dcb7c647e702f476
series_std_int64_p0,0,39,1,5.1316138928313375,0.062179529547043,0.32913632554925115,1604.7718614752823,1.405689453726211e-11,1e-05,1,cost,1.406705307793743e-11,5.509567699876662,0.06979918281220308,0.30562941494126494,0.06859953949813258,0.10916536495364143,0.07691311588089028,530fc9a2b848ee853295e5ad7020b40ddfbb83b4922a4775dcb7c647e702f476
series_std_int64_p0,0,40,1,5.183431311920507,0.06267201236147758,0.31201949201268714,1690.888462579807,1.2320891529249423e-10,1e-05,1,cost,1.2320891529249423e-10,5.445956081392742,0.10296424252062854,0.2940665168354542,0.048205451081253944,0.39132255210908334,0.06105072882975852,530fc9a2b848ee853295e5ad7020b40ddfbb83b4922a4775dcb7c647e702f476
series_std_int64_p0,0,41,1,5.062476965613444,0.15391322143533936,0.41651972556718114,1614.3765044009067,3.082198385406798e-11,1e-05,1,cost,3.0794394811906045e-11,4.4531909644451115,0.0675965068134128,0.4706783803103183,0.13682009283521754,1.2769404617340259,0.11506509967045933,530fc9a2b848ee853295e5ad7020b40ddfbb83b4922a4775dcb7c647e702f476
series_std_int64_p0,0,42,0,5.0,0.07715502887907932,0.4,1736.3975456342998,1.2034012675243844e-11,1e-05,1,cost,0.049638493037704214,7.478484552592423,0.11540053832540341,0.24705852606476625,0.3314153469412803,0.33141534694128033,0.6190495684214528,530fc9a2b848ee853295e5ad7020b40ddfbb83b4922a4775dcb7c647e702f476
series_std_int64_p0,0,43,1,3.5094033495295345,0.146837916625584,0.3621242539230623,1574.0141947953452,1.5588288992951504e-10,1e-05,1,cost,1.5632184435787622e-10,3.578326899148464,0.0658223595917612,0.351469067370809,0.01926138990692301,1.230821221486008,0.03031614313020549,530fc9a2b848ee853295e5ad7020b40ddfbb83b4922a4775dcb7c647e702f476
series_std_int64_p0,0,44,1,6.504849327247429,0.03345706595595185,0.4731885606757936,1678.2804468675945,2.0070298756280636e-09,1e-05,1,cost,2.0070298756280636e-09,5.38911647441996,0.07194797850978223,0.553572687461874,0.20703446624756014,0.5349825436526623,0.1452097052595585,530fc9a2b848ee853295e5ad7020b40ddfbb83b4922a4775dcb7c647e702f476
series_std_int64_p0,0,45,1,2.4915545988323333,0.013875290740490202,0.47870012514854626,1750.4115937746158,3.080591148840739e-08,1e-05,1,cost,3.080591148840739e-08,2.435977010148009,0.030401536746959706,0.5537136735337367,0.02281531740767435,0.5435990339574596,0.13547353437465726,530fc9a2b848ee853295e5ad7020b40ddfbb83b4922a4775dcb7c647e702f476
series_std_int64_p0,0,46,1,5.099323573304729,0.03322472665737609,0.5033397438130577,1527.1339625481487,2.0763781805044346e-09,1e-05,1,cost,2.0763781805044346e-09,5.24745352459786,0.07518006364244334,0.4926213246166442,0.028228921056424848,0.5580646643850554,0.02175792776480901,530fc9a2b848ee853295e5ad7020b40ddfbb83b4922a4775dcb7c647e702f476
series_std_int64_p0,0,47,1,6.220482091367883,0.057316675810729065,0.23291866460171054,1646.3388426621948,1.2013071093441852e-10,1e-05,1,cost,1.2074491406721677e-10,6.235435168539178,0.10931944820270544,0.255586898839165,0.0023980807701667623,0.475695525791077,0.08869090841670677,530fc9a2b848ee853295e5ad7020b40ddfbb83b4922a4775dcb7c647e702f476
series_std_int64_p0,0,48,1,2.758007928932175,0.08461057633528132,0.3242672421520464,1596.9999248297818,6.746466371665427e-10,1e-05,1,cost,6.955389944551804e-10,2.3616227262577034,0.039702016097373095,0.34673504295579477,0.1678444225096847,1.131140547819173,0.06479818310897639,530fc9a2b848ee853295e5ad7020b40ddfbb83b4922a4775dcb7c647e702f476
series_std_int64_p0,0,49,1,3.453440144939324,0.029829126975605032,0.3895147058355306,1592.0284455970495,3.3976407798341768e-09,1e-05,1,cost,4.32021675378369e-09,3.4912425921675503,0.06091226748328085,0.3878479994152928,0.010827791604351487,0.5102936040955542,0.004297318595817124,530fc9a2b848ee853295e5ad7020b40ddfbb83b4922a4775dcb7c647e702f476
series_std_int64_p0,0,50,0,5.0,0.061779329792270465,0.4,9174.976728862765,2.0648677212520283e-11,1e-05,1,cost,0.02365681837463255,7.59743837053228,0.09387293013391272,0.5005074887871079,0.3418834406879568,0.34188344068795673,0.20081115875143082,530fc9a2b848ee853295e5ad7020b40ddfbb83b4922a4775dcb7c647e702f476
series_std_int64_p0,0,51,1,8.124237386846172,0.008325397492091074,0.43142060634352736,3314.4366670626646,0.02784524756722012,1e-05,0,cost,0.02784524756722012,6.979097570643039,0.1051494637514872,0.5115988098844231,0.16408135931786696,0.9208232054157925,0.15672085624868642,530fc9a2b848ee853295e5ad7020b40ddfbb83b4922a4775dcb7c647e702f476
series_std_int64_p0,0,52,1,5.657812628951493,0.2825587805760006,0.3009710362172842,1631.7001583115361,7.577716232276543e-12,1e-05,1,cost,7.511102850799034e-12,5.509235420487406,0.09835789453803442,0.32164448690800906,0.026968752852994354,1.8727615805840248,0.06427422676962435,530fc9a2b848ee853295e5ad7020b40ddfbb83b4922a4775dcb7c647e702f476
series_std_int64_p0,0,53,1,4.127659874750171,0.03700110570940628,0.44380834190432994,1643.1373301203416,6.543381947388127e-10,1e-05,1,cost,7.999182427553819e-10,4.71383468287713,0.06165066926811518,0.3979664257371076,0.12435200798539289,0.39982637417137157,0.11519041105619551,530fc9a2b848ee853295e5ad7020b40ddfbb83b4922a4775dcb7c647e702f476
series_std_int64_p0,0,54,1,3.1051740746123935,0.182770582880329,0.37260257417127796,1612.1453754538352,4.22521462262182e-10,1e-05,1,cost,5.409791017929599e-10,2.359210129402468,0.035993349575428414,0.47003555581010487,0.31619224413844843,4.077898696183059,0.20728853473840178,530fc9a2b848ee853295e5ad7020b40ddfbb83b4922a4775dcb7c647e702f476
series_std_int64_p0,0,55,1,3.0752214868275525,0.18328680353467217,0.3180254101472261,1609.5336153203446,3.4008491855974654e-10,1e-05,1,cost,3.3288985457069487e-10,2.855986092254814,0.04331671577790046,0.33573590634691164,0.07676346714967754,3.2313181007176537,0.05275127224963998,530fc9a2b848ee853295e5ad7020b40ddfbb83b4922a4775dcb7c647e702f476
series_std_int64_p0,0,56,1,11.193069103861152,0.009200617141075867,0.32584829260800413,3560.1160679202844,1.2028774643568774e-06,1e-05,1,cost,1.451573315991439e-06,7.933316968748333,0.12499547659704575,0.5644347047626578,0.41089397385153537,0.9263923992166824,0.422699756307469,530fc9a2b848ee853295e5ad7020b40ddfbb83b4922a4775dcb7c647e702f476
series_std_int64_p0,0,57,1,5.159879237300323,0.047379608855107086,0.20860021782562757,1683.583903284073,1.1131942589948096e-11,1e-05,1,cost,1.17117843201342e-11,5.016845945286321,0.06632867624033945,0.21687067677481286,0.028510600798573694,0.2856843896080653,0.038135441232439664,530fc9a2b848ee853295e5ad7020b40ddfbb83b4922a4775dcb7c647e702f476
series_std_int64_p0,0,58,1,2.4326265298318916,0.05805477535482598,0.38473105786640893,1669.8075423967234,3.165835676943729e-09,1e-05,1,cost,3.7248258227817743e-09,2.115273202214496,0.03613373197897098,0.4359017318188455,0.15002947481448542,0.6066642490350166,0.11739038920290955,530fc9a2b848ee853295e5ad7020b40ddfbb83b4922a4775dcb7c647e702f476
series_std_int64_p0,0,59,1,10.583157173679911,0.020131937317558884,0.32962897691019233,2947.7385109121337,2.6636143068969886e-08,1e-05,1,cost,2.6636143068969886e-08,7.89161531566454,0.0983212592498911,0.5238636652478534,0.341063489584036,0.7952432925376596,0.37077335425766483,530fc9a2b848ee853295e5ad7020b40ddfbb83b4922a4775dcb7c647e702f476
series_std_int64_p0,0,60,1,9.46726098360573,0.017468600890054503,0.37895836582130166,2225.18310052076,1.6263096797031196e-07,1e-05,1,cost,1.6263096797031196e-07,6.603773514207141,0.10598162292546066,0.5838829777343715,0.43361382143681576,0.8351733026173738,0.3509686353731948,530fc9a2b848ee853295e5ad7020b40ddfbb83b4922a4775dcb7c647e702f476
series_std_int64_p0,0,61,1,3.6218705418882724,0.009883448103809665,0.44878019361855886,1688.4509245607583,1.9254596017592718e-07,1e-05,1,cost,0.013875697012923816,3.918395316136757,0.053134138132709625,0.4339665732710274,0.07567505326155702,0.8139906197570302,0.03413539488968854,530fc9a2b848ee853295e5ad7020b40ddfbb83b4922a4775dcb7c647e702f476
series_std_int64_p0,0,62,1,2.5907913010278065,0.07259980937065241,0.34780022912136105,1596.458872070918,6.107468628058221e-10,1e-05,1,cost,7.017905770401178e-10,2.078511023959135,0.04006140014157583,0.41301836929591507,0.24646502768740833,0.8122134801601237,0.1579061490309338,530fc9a2b848ee853295e5ad7020b40ddfbb83b4922a4775dcb7c647e702f476
series_std_int64_p0,0,63,1,3.0896515890120058,0.30103728093367677,0.352670199059921,1552.1379881254522,2.1257889892822845e-10,1e-05,1,cost,3.3683696110120565e-10,2.6137550277916004,0.04752445333866216,0.40444406575653136,0.18207389604621718,5.334365990250675,0.12801242762646292,530fc9a2b848ee853295e5ad7020b40ddfbb83b4922a4775dcb7c647e702f476
series_std_int64_p0,0,64,1,6.078755321312026,0.043793874163342364,0.2201549954588312,1661.3899276358086,1.73757341848102e-10,1e-05,1,cost,1.73757341848102e-10,5.860368252397157,0.0860479582779752,0.24783542849983065,0.03726507610260482,0.4910527217639768,0.11168876543822455,530fc9a2b848ee853295e5ad7020b40ddfbb83b4922a4775dcb7c647e702f476
series_std_int64_p0,0,65,1,4.262580075434031,0.03396947326677426,0.3914691390789479,1586.8820360541254,7.35432575948991e-10,1e-05,1,cost,7.35432575948991e-10,4.30400773568873,0.06013904754071456,0.3849879814744761,0.00962536844698986,0.4351511263330752,0.01683470112404407,530fc9a2b848ee853295e5ad7020b40ddfbb83b4922a4775dcb7c647e702f476
series_std_int64_p0,0,66,1,4.061407127330438,0.027044351126946732,0.5257761331049531,1562.6681653124363,1.7044010369726692e-08,1e-05,1,cost,2.1550204676312745e-08,4.318348807741663,0.0696148764751192,0.5222439031398431,0.0594999829450082,0.6115147724694655,0.006763563813523537,530fc9a2b848ee853295e5ad7020b40ddfbb83b4922a4775dcb7c647e702f476
series_std_int64_p0,0,67,1,4.188067692827828,0.05021401793938427,0.326990688930506,1596.5517973909477,2.1270013528251752e-11,1e-05,1,cost,2.0692919600051596e-11,3.960109834459873,0.05446496730124102,0.34712685755406425,0.05756351916917147,0.07804924105333831,0.058008097574017606,530fc9a2b848ee853295e5ad7020b40ddfbb83b4922a4775dcb7c647e702f476
series_std_int64_p0,0,68,1,4.025484967999703,0.01375856987889286,0.3228981654405862,1707.1270351185035,1.042991984168129e-07,1e-05,1,cost,0.008533121979124736,4.125198537854926,0.06517888389637731,0.30870120331280154,0.024171823232312425,0.7889106247850683,0.04598933199945812,530fc9a2b848ee853295e5ad7020b40ddfbb83b4922a4775dcb7c647e702f476
series_std_int64_p0,0,69,1,3.9827932683308918,0.04151669899494368,0.48366009107569313,1630.0681111944918,1.1098187369107393e-09,1e-05,1,cost,1.1098187369107393e-09,3.98556651662461,0.06486902888517804,0.5008875673607459,0.0006958228603513717,0.3599919760101441,0.0343938987661982,530fc9a2b848ee853295e5ad7020b40ddfbb83b4922a4775dcb7c647e702f476
series_std_int64_p0,0,70,1,10.0404202232897,0.012311992293255573,0.32034732005457167,2671.8741342238804,1.3867743869910854e-07,1e-05,1,cost,1.3867743869910854e-07,7.891559196280233,0.09356397053860316,0.48752392280374107,0.27229866412487347,0.8684109682137119,0.3429095372135584,530fc9a2b848ee853295e5ad7020b40ddfbb83b4922a4775dcb7c647e702f476
series_std_int64_p0,0,71,0,5.0,0.07428212662180694,0.4,6419.91891732121,2.2402663057974337e-11,1e-05,1,cost,0.01459573581263835,6.916515443621282,0.10275469519295186,0.49651413371788505,0.2770926283969738,0.27709262839697374,0.19438345691227293,530fc9a2b848ee853295e5ad7020b40ddfbb83b4922a4775dcb7c647e702f476
series_std_int64_p0,0,72,1,5.904726820155965,0.11455029820360353,0.37887483718189613,1586.0723777851626,7.145672942243664e-12,1e-05,1,cost,7.13801240337375e-12,5.806770596147759,0.10944570523234433,0.395861478749134,0.01686931184662097,0.04664041371401982,0.04291056967935669,530fc9a2b848ee853295e5ad7020b40ddfbb83b4922a4775dcb7c647e702f476
series_std_int64_p0,0,73,1,5.379134128167357,0.02633833996950015,0.24168052015419975,1684.623009770336,1.2509023206153103e-08,1e-05,1,cost,1.9905562975708335e-08,5.499298916315833,0.09796057576842863,0.23441611969975687,0.021850928632367886,0.7311332670015948,0.030989338377186742,530fc9a2b848ee853295e5ad7020b40ddfbb83b4922a4775dcb7c647e702f476
series_std_int64_p0,0,74,1,6.755864762887001,0.069259689585138,0.23747187274261247,1686.9708054470595,3.68450270293863e-11,1e-05,1,cost,3.868141917884316e-11,6.778536214374777,0.11849103027356377,0.26247121425960335,0.003344593990616757,0.4154858015392718,0.09524603140771348,530fc9a2b848ee853295e5ad7020b40ddfbb83b4922a4775dcb7c647e702f476
series_std_int64_p0,0,75,1,3.662135345729238,0.3265038242015456,0.36659814486068043,1579.7162223876294,1.1164233426619319e-10,1e-05,1,cost,1.1048524595214104e-10,3.8274040190471252,0.0693656600294252,0.3599723718133179,0.043180357363744655,3.7069951336589515,0.01840633772527031,530fc9a2b848ee853295e5ad7020b40ddfbb83b4922a4775dcb7c647e702f476
series_std_int64_p0,0,76,1,5.59306100415294,0.09805642787260031,0.1876995858840867,1615.851890857276,6.510569861006843e-12,1e-05,1,cost,6.501715832385457e-12,5.517071424189092,0.10416267828701709,0.20492231292761673,0.013773535653476979,0.05862224853311841,0.08404515251403344,530fc9a2b848ee853295e5ad7020b40ddfbb83b4922a4775dcb7c647e702f476
series_std_int64_p0,0,77,1,4.473490461473787,0.02768341745874426,0.22280843582258444,1632.5728964346347,1.153812129173204e-09,1e-05,1,cost,1.153812129173204e-09,3.983292316771837,0.050699406944366594,0.23196580657460686,0.12306356293208719,0.4539695998984408,0.03947724402681367,530fc9a2b848ee853295e5ad7020b40ddfbb83b4922a4775dcb7c647e702f476
series_std_int64_p0,0,78,1,9.442984205872492,0.024042812925132828,0.37353141673953,2224.8302131669643,1.2337177335286498e-08,1e-05,1,cost,1.2337177335286498e-08,6.3229683487339265,0.08029791300093413,0.5974137776629855,0.49344163770221916,0.7005798528679926,0.37475259074080575,530fc9a2b848ee853295e5ad7020b40ddfbb83b4922a4775dcb7c647e702f476
series_std_int64_p0,0,79,1,5.861993878797316,0.0967538977953141,0.33342283292849967,1561.5226787355361,9.39009980882588e-12,1e-05,1,cost,9.376360798896144e-12,5.919829092989421,0.07743150161903066,0.33786641829695924,0.009769743903687416,0.24954179852214686,0.013151900064107555,530fc9a2b848ee853295e5ad7020b40ddfbb83b4922a4775dcb7c647e702f476
series_std_int64_p0,0,80,1,4.967066201694837,0.19320270996359062,0.20798309139252388,1579.3223834336488,9.20696852091396e-12,1e-05,1,cost,9.161477132479945e-12,4.120329247243738,0.06080036003598005,0.26234637432696306,0.20550225567957137,2.177657333760168,0.20721949397587655,530fc9a2b848ee853295e5ad7020b40ddfbb83b4922a4775dcb7c647e702f476
series_std_int64_p0,0,81,1,3.7199290744946945,0.010113425568748835,0.5205070499378365,1581.342326591961,7.341620405498794e-07,1e-05,1,cost,0.015438155117287649,4.2987771643799375,0.07661895058315665,0.4781109708063665,0.13465412784864297,0.868003601044203,0.08867413993861326,530fc9a2b848ee853295e5ad7020b40ddfbb83b4922a4775dcb7c647e702f476
series_std_int64_p0,0,82,0,5.0,0.0908809800448746,0.4,1776.4819984857966,2.0062645988971894e-11,1e-05,1,cost,1.1053402498850673e-09,7.297137205367871,0.1326341961491499,0.24484334366313157,0.31479978253363067,0.3147997825336306,0.6336976697652895,530fc9a2b848ee853295e5ad7020b40ddfbb83b4922a4775dcb7c647e702f476
series_std_int64_p0,0,83,1,2.6258391470494367,0.0001,0.26962608517055564,2681.227050886182,0.007832386965227237,1e-05,0,cost,0.006055695974839361,2.0048344718429023,0.025003378984462622,0.2825060099314001,0.3097535900984827,0.9960005405644516,0.0455916840989403,530fc9a2b848ee853295e5ad7020b40ddfbb83b4922a4775dcb7c647e702f476
series_std_int64_p0,0,84,1,3.1883739095152137,0.18277803175334814,0.2694411603080922,1613.1001552036914,2.0273750733768026e-10,1e-05,1,cost,2.0193956229430654e-10,2.18459219795674,0.034195329948470965,0.34678401588261654,0.459482420791082,4.345116775559027,0.22302889415959778,530fc9a2b848ee853295e5ad7020b40ddfbb83b4922a4775dcb7c647e702f476
series_std_int64_p0,0,85,1,8.888889791723878,0.0214303617799467,0.38793435192347014,1927.2796514277502,1.593651205444857e-08,1e-05,1,cost,1.593651205444857e-08,6.758238014203197,0.08053032273380695,0.5372921318982486,0.3152673482411949,0.733884566056133,0.27798244401439254,530fc9a2b848ee853295e5ad7020b40ddfbb83b4922a4775dcb7c647e702f476
series_std_int64_p0,0,86,1,5.196209351001178,0.08968454953412809,0.4748690467098611,1598.3796466854055,2.8200830559654833e-11,1e-05,1,cost,2.8105684446444457e-11,4.977864183715684,0.06792156164271182,0.49410833496124434,0.04386322310676469,0.3204135382795855,0.038937388605056245,530fc9a2b848ee853295e5ad7020b40ddfbb83b4922a4775dcb7c647e702f476
series_std_int64_p0,0,87,1,2.5246743682808455,0.0001,0.3429590757925714,3908.0990531386383,0.009372139513512538,1e-05,0,cost,0.024490642797349436,2.0436555763278843,0.03232738281035807,0.39542561525755704,0.23537175125041054,0.9969066472041169,0.1326837145611116,530fc9a2b848ee853295e5ad7020b40ddfbb83b4922a4775dcb7c647e702f476
series_std_int64_p0,0,88,0,5.0,0.08360436795355891,0.4,2753.857079348472,2.1237872571688854e-11,1e-05,1,cost,0.012670742163063851,6.556237870739479,0.1096260246672722,0.42053822586084577,0.23736751189046634,0.23736751189046632,0.04883795240921037,530fc9a2b848ee853295e5ad7020b40ddfbb83b4922a4775dcb7c647e702f476
series_std_int64_p0,0,89,1,3.9589738541054116,0.40451898009825216,0.2018067737898889,1563.4986621437313,7.425617065681678e-11,1e-05,1,cost,7.365989762586622e-11,3.179887016316008,0.05040254349060129,0.2189759228820353,0.24500456582007699,7.0257652111085225,0.07840656116972095,530fc9a2b848ee853295e5ad7020b40ddfbb83b4922a4775dcb7c647e702f476
series_std_int64_p0,0,90,1,6.882481239704243,0.046911086342727754,0.16566609287683712,1701.6910421741734,1.2609069344193813e-10,1e-05,1,cost,1.2609069344193813e-10,7.024097145121941,0.09808284877634033,0.20929773514846606,0.020161438899808874,0.521719781511447,0.20846686296284422,530fc9a2b848ee853295e5ad7020b40ddfbb83b4922a4775dcb7c647e702f476
series_std_int64_p0,0,91,1,3.180297341937793,0.07688345758205048,0.45301578452874547,1656.6498386514554,7.198456553059174e-10,1e-05,1,cost,7.200143814500848e-10,3.3089077635513595,0.051096641027234026,0.46596508857819763,0.03886793794322401,0.5046675483242102,0.027790288085668514,530fc9a2b848ee853295e5ad7020b40ddfbb83b4922a4775dcb7c647e702f476
series_std_int64_p0,0,92,1,8.257521131736986,0.02293951967881793,0.41117998541083006,1819.7912165945525,8.127978401439861e-09,1e-05,1,cost,8.533419360023942e-09,6.465762049666184,0.07194816726220786,0.537722915434959,0.27711491210279043,0.6811660317181234,0.23533110900019863,530fc9a2b848ee853295e5ad7020b40ddfbb83b4922a4775dcb7c647e702f476
series_std_int64_p0,0,93,1,3.8064010000184014,0.09353996224538494,0.18307852397231317,1642.0072329277348,5.775990102874218e-11,1e-05,1,cost,5.7654693519371136e-11,2.689240135630288,0.04467020986058792,0.2093673522102363,0.41541878301852714,1.0940121512147698,0.12556316904426054,530fc9a2b848ee853295e5ad7020b40ddfbb83b4922a4775dcb7c647e702f476
series_std_int64_p0,0,94,1,3.5424222888279546,0.056889456038189255,0.3817786161687361,1654.3144076355807,1.7204240809753912e-10,1e-05,1,cost,1.7244430883245343e-10,3.603592833085251,0.059533884825332756,0.3707900263510714,0.016974876766231255,0.04441888505851793,0.029635613249371737,530fc9a2b848ee853295e5ad7020b40ddfbb83b4922a4775dcb7c647e702f476
series_std_int64_p0,0,95,1,4.604800626528813,0.15415512139057458,0.43482734746120266,1737.4444928246612,5.101438715904294e-11,1e-05,1,cost,5.105091349655311e-11,4.205518776284162,0.07086674766082877,0.4755993518971609,0.09494235348473258,1.17528144692582,0.08572762825121426,530fc9a2b848ee853295e5ad7020b40ddfbb83b4922a4775dcb7c647e702f476
series_std_int64_p0,0,96,0,5.0,0.08033292921585274,0.4,1898.292540389202,1.7241597038974987e-11,1e-05,1,cost,7.426027848200789e-11,7.300581750315821,0.11729542339653341,0.230879937588238,0.3151230722423317,0.31512307224233166,0.7325022008338317,530fc9a2b848ee853295e5ad7020b40ddfbb83b4922a4775dcb7c647e702f476
series_std_int64_p0,0,97,0,5.0,0.0975233133741643,0.4,4040.533821460293,2.0227208796796958e-11,1e-05,1,cost,0.011162081108921359,5.502566541404262,0.10732570423591183,0.5416916139421768,0.09133311476066333,0.09133311476066318,0.26157247093232966,530fc9a2b848ee853295e5ad7020b40ddfbb83b4922a4775dcb7c647e702f476
series_std_int64_p0,0,98,1,4.727067040788422,0.054747450757945244,0.29649485512209384,1685.7964508736143,2.1151108642314398e-11,1e-05,1,cost,2.1151191909041245e-11,4.96076752074282,0.06496530279343189,0.2778631535794055,0.04710974238909783,0.15728168108407078,0.06705351646188641,530fc9a2b848ee853295e5ad7020b40ddfbb83b4922a4775dcb7c647e702f476
series_std_int64_p0,0,99,0,5.0,0.0798012423732619,0.4,4651.20618753207,2.9812458057776325e-11,1e-05,1,cost,0.011634617939874293,5.689548746736849,0.09080661170656715,0.5410919621310958,0.1211956830728146,0.12119568307281457,0.26075412685008986,530fc9a2b848ee853295e5ad7020b40ddfbb83b4922a4775dcb7c647e702f476
series_std_int64_p0,0,100,1,4.2411445303117405,0.006557406763432944,0.5684864097805804,1603.3482517555317,0.000214006443087323,1e-05,0,cost,0.01504248026373246,4.509400713433751,0.07123051135205746,0.5552830397428754,0.059488211443010655,0.9079410404479212,0.023777729721078528,530fc9a2b848ee853295e5ad7020b40ddfbb83b4922a4775dcb7c647e702f476
series_std_int64_p0,0,101,1,3.1071333676925392,0.20005134739256009,0.30464811933094504,1673.982177411072,2.7550978165535867e-10,1e-05,1,cost,3.1060583272068953e-10,2.6431933362204036,0.0390608948833079,0.35003265876306755,0.1755225488482579,4.121524941765968,0.1296580141764506,530fc9a2b848ee853295e5ad7020b40ddfbb83b4922a4775dcb7c647e702f476
series_std_int64_p0,0,102,0,5.0,0.08425549098388091,0.4,4515.523672656302,2.1108309544715098e-11,1e-05,1,cost,0.010900963840414746,7.094404883718467,0.1195485133432284,0.43894317154887624,0.2952192492600879,0.2952192492600879,0.08872030384129101,530fc9a2b848ee853295e5ad7020b40ddfbb83b4922a4775dcb7c647e702f476
series_std_int64_p0,0,103,1,4.78024613593769,0.05897682475338559,0.2398908773156576,1645.7632519202602,4.822549304339674e-11,1e-05,1,cost,4.822549304339674e-11,4.667109458702844,0.07298968460196487,0.2397068399921524,0.024241273583990783,0.1919841128920573,0.0007677600001370244,530fc9a2b848ee853295e5ad7020b40ddfbb83b4922a4775dcb7c647e702f476
series_std_int64_p0,0,104,0,5.0,0.07367724160322572,0.4,6531.132949625589,2.8405083840610246e-11,1e-05,1,cost,0.012340820570948532,7.923060203441778,0.1167498441691765,0.44173274679668617,0.3689307071239974,0.3689307071239973,0.09447510310095765,530fc9a2b848ee853295e5ad7020b40ddfbb83b4922a4775dcb7c647e702f476
series_std_int64_p0,0,105,1,3.3972219985208247,0.11758818513064026,0.39991749092355655,1549.9940293175343,2.9943907076113163e-10,1e-05,1,cost,3.381029345383979e-10,2.6679620930701304,0.02861401843329752,0.5139779183114304,0.2733396802544169,3.1094607318000955,0.2219169799406871,530fc9a2b848ee853295e5ad7020b40ddfbb83b4922a4775dcb7c647e702f476
series_std_int64_p0,0,106,1,2.414181452111313,0.19769688059645663,0.4330676108844778,1684.8138971643364,9.352445609622784e-09,1e-05,1,cost,9.291879363160227e-09,2.0726381744995432,0.029752945992968224,0.5631850147739523,0.16478673499982135,5.644615314502976,0.231038469554628,530fc9a2b848ee853295e5ad7020b40ddfbb83b4922a4775dcb7c647e702f476
series_std_int64_p0,0,107,0,5.0,0.06924854392212922,0.4,1772.6814953835387,2.0778573306401427e-11,1e-05,1,cost,7.1653575017815996e-09,7.792544338949571,0.10792446978417775,0.21746806224387352,0.3583610458257596,0.3583610458257596,0.839350550479597,530fc9a2b848ee853295e5ad7020b40ddfbb83b4922a4775dcb7c647e702f476
series_std_int64_p0,0,108,0,5.0,0.08827046487030357,0.4,1882.1726910347165,2.1988855181120925e-11,1e-05,1,cost,1.739541326218827e-08,7.312819377415955,0.12910119319141405,0.22060188814428594,0.3162691785549349,0.3162691785549349,0.8132211077829837,530fc9a2b848ee853295e5ad7020b40ddfbb83b4922a4775dcb7c647e702f476
series_std_int64_p0,0,109,1,3.081436811513556,0.0001,0.2954041219017043,3676.3038885883534,0.008306403628091397,1e-05,0,cost,0.008164505460531157,2.765834186081775,0.044318505882354364,0.2841061639041478,0.11410757268818068,0.997743606242831,0.03976667680243724,530fc9a2b848ee853295e5ad7020b40ddfbb83b4922a4775dcb7c647e702f476
series_std_int64_p0,0,110,1,7.397160543261403,0.013449204980939121,0.3697688883178775,1680.055299613129,2.0920217086439763e-07,1e-05,1,cost,2.0920217086439763e-07,6.766974318948115,0.09625628553592346,0.4256444363657461,0.09312673502376269,0.8602771246983161,0.13127282603514656,530fc9a2b848ee853295e5ad7020b40ddfbb83b4922a4775dcb7c647e702f476
series_std_int64_p0,0,111,1,6.359809093132841,0.020379992497932153,0.205341444078614,1663.7905382931644,1.6631502272601573e-08,1e-05,1,cost,2.7888036810419514e-08,6.468202162720069,0.09161355505511073,0.22843735995870046,0.016757835772660122,0.7775439181934111,0.10110393450643107,530fc9a2b848ee853295e5ad7020b40ddfbb83b4922a4775dcb7c647e702f476
series_std_int64_p0,0,112,1,3.156802751072028,0.04652224504539963,0.4329957426945853,1653.5721251124817,3.816136157075434e-10,1e-05,1,cost,3.490235322978208e-10,3.532123822320552,0.056959339160370194,0.4043686097457172,0.10625931879192833,0.1832376265037891,0.07079464691106947,530fc9a2b848ee853295e5ad7020b40ddfbb83b4922a4775dcb7c647e702f476
series_std_int64_p0,0,113,1,5.035321496449645,0.19416362508230758,0.3721223064067127,1565.6341570069974,1.882433098288061e-11,1e-05,1,cost,1.8739787499555405e-11,5.298736146451533,0.10148602641770942,0.3501443949160487,0.04971273200276106,0.9132055114971556,0.06276813740209503,530fc9a2b848ee853295e5ad7020b40ddfbb83b4922a4775dcb7c647e702f476
series_std_int64_p0,0,114,1,2.448263337989024,0.03080284106849389,0.4516100975020043,1572.5677308637069,3.029507145146937e-09,1e-05,1,cost,3.029507145146937e-09,2.31445655889359,0.02951513391625971,0.5184987408832046,0.05781347616193742,0.04362870776353785,0.12900444708363792,530fc9a2b848ee853295e5ad7020b40ddfbb83b4922a4775dcb7c647e702f476
series_std_int64_p0,0,115,0,5.0,0.07638979377553234,0.4,6982.074753615041,2.153982547881128e-11,1e-05,1,cost,0.007452162761600039,6.058601727440957,0.09256306730545974,0.5678940176841119,0.1747270698858251,0.1747270698858251,0.29564322295344553,530fc9a2b848ee853295e5ad7020b40ddfbb83b4922a4775dcb7c647e702f476
series_std_int64_p0,0,116,1,3.0671531259986047,0.0792261490084118,0.32636912573638005,1625.5515228179827,2.519893044228283e-10,1e-05,1,cost,2.5563620664748044e-10,2.1936616653699543,0.04063309900284778,0.4248898245856302,0.39818877925340357,0.9497934184852405,0.23187351908305057,530fc9a2b848ee853295e5ad7020b40ddfbb83b4922a4775dcb7c647e702f476
series_std_int64_p0,0,117,1,4.785051028943922,0.07210489624228313,0.23308808793214697,1632.1166567608577,1.6050022422220422e-11,1e-05,1,cost,1.6577170192100255e-11,4.404988712572085,0.07642387246905477,0.2471344552601901,0.08627997508532034,0.05651344386559928,0.05683694454200939,530fc9a2b848ee853295e5ad7020b40ddfbb83b4922a4775dcb7c647e702f476
series_std_int64_p0,0,118,1,5.429790709535037,0.044152240955378744,0.3573676674001174,1556.8739813599427,3.040803442377893e-10,1e-05,1,cost,3.2039201847133825e-10,6.201589553715154,0.08668714829120873,0.31902863608594023,0.12445177764429119,0.490671433704823,0.12017426330296364,530fc9a2b848ee853295e5ad7020b40ddfbb83b4922a4775dcb7c647e702f476
series_std_int64_p0,0,119,1,5.713998143599631,0.021521454487952923,0.36319458314792086,1637.5553366995803,2.2302313690270026e-08,1e-05,1,cost,2.2302313690270026e-08,6.0227346560183275,0.09007548667244841,0.35198870976691643,0.051261848653781535,0.7610731256305747,0.0318358886807047,530fc9a2b848ee853295e5ad7020b40ddfbb83b4922a4775dcb7c647e702f476
series_std_int64_p0,0,120,1,5.370295400790292,0.19311408832528484,0.3969973234003051,1643.9168228524018,1.609778976785492e-11,1e-05,1,cost,1.6004364500332713e-11,5.039796936447014,0.07071216342323781,0.4216405653581371,0.06557773428392827,1.7309882625062303,0.05844608887880678,530fc9a2b848ee853295e5ad7020b40ddfbb83b4922a4775dcb7c647e702f476
series_std_int64_p0,0,121,1,4.0839662637296845,0.08055212632362806,0.424755824907372,1595.6383493404405,9.908740494779522e-11,1e-05,1,cost,9.864967176476114e-11,4.368234665615803,0.07198330664624761,0.4006095374431297,0.06507626619140068,0.11903898385066936,0.06027387070800852,530fc9a2b848ee853295e5ad7020b40ddfbb83b4922a4775dcb7c647e702f476
series_std_int64_p0,0,122,1,2.992861497143338,0.0437581239012452,0.34424449369937193,1588.5306349728967,3.5745687659849423e-10,1e-05,1,cost,3.5745687659849423e-10,2.6303477770796464,0.03953322325652485,0.3838528891139764,0.13781969183792642,0.10686962247691356,0.10318639389696938,530fc9a2b848ee853295e5ad7020b40ddfbb83b4922a4775dcb7c647e702f476
series_std_int64_p0,0,123,1,5.406570292820701,0.16511969900962858,0.4599396961524389,1592.2902989405875,2.1088575330452386e-11,1e-05,1,cost,2.106798069334559e-11,4.952751793906503,0.06971508201016255,0.502630472997827,0.09162956630948929,1.3684932190936627,0.08493471673288837,530fc9a2b848ee853295e5ad7020b40ddfbb83b4922a4775dcb7c647e702f476
series_std_int64_p0,0,124,0,5.0,0.08262320267950213,0.4,6115.977911169047,2.1225687873993593e-11,1e-05,1,cost,0.006063723800115476,5.952846842265256,0.09836865423370328,0.5577515603854013,0.16006574123493927,0.16006574123493916,0.2828348167711021,530fc9a2b848ee853295e5ad7020b40ddfbb83b4922a4775dcb7c647e702f476
series_std_int64_p0,0,125,1,4.335717347840613,0.03500947010074969,0.4125010331655768,1634.6546616203777,1.5680637344139825e-10,1e-05,1,cost,1.5680637344139825e-10,4.439454984492341,0.050832701001735876,0.4134015859787176,0.023367200932118692,0.31128054557726226,0.0021783970930077485,530fc9a2b848ee853295e5ad7020b40ddfbb83b4922a4775dcb7c647e702f476
series_std_int64_p0,0,126,0,5.0,0.0696695431155663,0.4,1898.3917086606123,2.3726409725810527e-11,1e-05,1,cost,0.010968769769683912,6.127274485029768,0.08537688278313814,0.3849646777429629,0.1839764952237637,0.1839764952237637,0.03905636835355598,530fc9a2b848ee853295e5ad7020b40ddfbb83b4922a4775dcb7c647e702f476
series_std_int64_p0,0,127,1,3.854048759021335,0.003022413281669703,0.34113587884913316,1691.615680784675,0.004192220262732142,1e-05,0,cost,0.008927579744296532,3.436516165974801,0.05361325698768471,0.3671292771614686,0.12149880078567782,0.9436256356825333,0.07080175820710473,530fc9a2b848ee853295e5ad7020b40ddfbb83b4922a4775dcb7c647e702f476
series_std_int64_p0,1,0,0,9.617524041172347,0.004897501029174328,0.27165969224052244,5192.620977805,0.01906597881327512,1e-05,0,cost,0.01392956255739719,7.66193324607077,0.12488383317490416,0.43349673090252455,0.2552346427847635,0.9607835465595037,0.37332931744390147,cd132ff4292921d736bc3b31abace3b63757607079afe3cbd4add8473ddd10a2
series_std_int64_p0,1,1,1,7.490047525831752,0.02986319461827389,0.492195547662778,1601.0531733468474,2.073646643285798e-08,1e-05,1,cost,4.765177141763388e-11,7.107985503602176,0.11549221983094739,0.5423598261986978,0.0537510975558342,0.7414267847480431,0.0924926148891082,cd132ff4292921d736bc3b31abace3b63757607079afe3cbd4add8473ddd10a2
series_std_int64_p0,1,2,0,2.490480972436548,0.07913222615034207,0.40417980195150505,1664.6375228082377,5.2904532699127316e-09,1e-05,1,cost,0.03378916614822183,2.4331970156836236,0.034169598356260614,0.43532943072441654,0.023542670973081926,1.3158664414281396,0.07155415318710817,cd132ff4292921d736bc3b31abace3b63757607079afe3cbd4add8473ddd10a2
series_std_int64_p0,1,3,1,4.13680178570792,0.1196882261075733,0.28419639754067494,1497.4128818470394,4.166690603657486e-11,1e-05,1,cost,4.1657913230075394e-11,3.7467846984055893,0.05336747045507642,0.309522998672487,0.10409380807717594,1.2427187402169315,0.08182461801040733,cd132ff4292921d736bc3b31abace3b63757607079afe3cbd4add8473ddd10a2
series_std_int64_p0,1,4,1,2.728359455593133,0.1706178684916321,0.3703364554396769,1557.5457106301128,1.8606708951374173e-09,1e-05,1,cost,1.860996232116996e-09,2.5205070814098667,0.03852175628215398,0.4129453129711349,0.08246450712886018,3.4291300542461105,0.1031828094255095,cd132ff4292921d736bc3b31abace3b63757607079afe3cbd4add8473ddd10a2
series_std_int64_p0,1,5,1,3.8398861934927675,0.014120757874549857,0.3331138744989504,1615.9233694394,3.3488431083750214e-08,1e-05,1,cost,6.542736550596562e-07,4.099439817456933,0.050781524716599497,0.3158350441039742,0.06331441258361441,0.7219311953834647,0.0547084014821608,cd132ff4292921d736bc3b31abace3b63757607079afe3cbd4add8473ddd10a2
series_std_int64_p0,1,6,1,3.7572125795288143,0.07941669151913085,0.24367025565905956,1593.07054944684,4.816454179934482e-11,1e-05,1,cost,4.816515242200836e-11,3.6780588679031005,0.04318808870759348,0.25698606285261066,0.02152051244107468,0.8388563582154429,0.05181528930301612,cd132ff4292921d736bc3b31abace3b63757607079afe3cbd4add8473ddd10a2
series_std_int64_p0,1,7,1,2.127144156714332,0.7082889823414762,0.59999390298665,1572.387671059715,5.3721407836104795e-08,1e-05,1,cost,5.269250231976219e-08,2.2748718879631347,0.03589734399470002,0.5904684822246389,0.06493892338749432,18.730957879392133,0.016131971559469722,cd132ff4292921d736bc3b31abace3b63757607079afe3cbd4add8473ddd10a2
series_std_int64_p0,1,8,1,3.6400898677773936,0.014980903490042285,0.31388369931124244,1576.7807628492994,2.5140858853078818e-08,1e-05,1,cost,2.5220428481742552e-08,3.7427791582228913,0.052888921934059634,0.3046354389473463,0.027436641624951116,0.7167478000644438,0.030358452043048833,cd132ff4292921d736bc3b31abace3b63757607079afe3cbd4add8473ddd10a2
series_std_int64_p0,1,9,1,4.032552929225499,0.016051556477035944,0.5206334828156635,1544.0175706615382,4.516441598489962e-08,1e-05,1,cost,3.3115830969099314e-07,4.364955469123513,0.057929897248945726,0.4851151432907607,0.0761525615208075,0.722914121389572,0.07321630754291732,cd132ff4292921d736bc3b31abace3b63757607079afe3cbd4add8473ddd10a2
series_std_int64_p0,1,10,0,2.8171773367156656,0.08134860091863351,0.42145621291572344,1605.4553149358053,1.302087659915685e-09,1e-05,1,cost,0.030388825682734922,2.929401115705847,0.046731200462293905,0.42512215510687656,0.038309461407828,0.7407770421877224,0.008623267799890366,cd132ff4292921d736bc3b31abace3b63757607079afe3cbd4add8473ddd10a2
series_std_int64_p0,1,11,0,2.115155644097679,0.1307092355817135,0.39899108447562637,1504.3497417383855,3.95076227982516e-09,1e-05,1,cost,0.0052187404702185355,2.1409405384403595,0.03492888069643343,0.4318337315367098,0.01204372278431632,2.7421535696407284,0.07605391765995356,cd132ff4292921d736bc3b31abace3b63757607079afe3cbd4add8473ddd10a2
series_std_int64_p0,1,12,1,4.074491885452795,0.1499584831421503,0.2549460349150227,1600.8265927978214,3.606564352720554e-11,1e-05,1,cost,3.6067183961652205e-11,3.475443148520294,0.045625172275191035,0.3009554993155038,0.17236614478575252,2.2867488639312192,0.15287796536406703,cd132ff4292921d736bc3b31abace3b63757607079afe3cbd4add8473ddd10a2
series_std_int64_p0,1,13,1,4.589781504951862,0.11827710599735354,0.41860420742595267,1580.2124469374946,7.214465136407e-11,1e-05,1,cost,7.213632469138531e-11,4.383492317785077,0.0620392302928347,0.4316979388115358,0.047060465083926604,0.9064889335194428,0.030330771144356526,cd132ff4292921d736bc3b31abace3b63757607079afe3cbd4add8473ddd10a2
series_std_int64_p0,1,14,1,4.556087882008298,0.42901582594719584,0.5773559388599913,1676.5589392812717,1.0189130095206167e-10,1e-05,1,cost,1.0233566771766789e-10,4.535533312461739,0.08338125294791263,0.5857839200417314,0.004531896941443175,4.1452312214017395,0.014387525661577976,cd132ff4292921d736bc3b31abace3b63757607079afe3cbd4add8473ddd10a2
series_std_int64_p0,1,15,1,8.10321852408233,0.10880496046095826,0.47109610446559724,1743.6052969666034,1.2597145548909339e-12,1e-05,1,cost,9.865996908331454e-13,7.585962161890749,0.1114323971417409,0.54394349399187,0.06818599291070783,0.023578750418880086,0.13392455343415063,cd132ff4292921d736bc3b31abace3b63757607079afe3cbd4add8473ddd10a2
series_std_int64_p0,1,16,1,6.830285271592591,0.05999349912774695,0.43481331478886537,1446.1331624774002,1.1938544597356326e-10,1e-05,1,cost,5.120184585205578e-07,5.998593002273881,0.09471812069613306,0.4953306142413841,0.1386478910977026,0.3666101197234139,0.12217556862541809,cd132ff4292921d736bc3b31abace3b63757607079afe3cbd4add8473ddd10a2
series_std_int64_p0,1,17,1,6.873041345345146,0.05638605854305215,0.46073497630702565,1587.3371435086437,1.9418139318716499e-10,1e-05,1,cost,0.015186274569128005,5.398943265384813,0.09075599991377564,0.57682677328866,0.2730345564865398,0.3787070981905028,0.20125937691789295,cd132ff4292921d736bc3b31abace3b63757607079afe3cbd4add8473ddd10a2
series_std_int64_p0,1,18,1,3.971846924485545,0.3851834512551315,0.4558097411517282,1564.837427793242,1.0282816265139161e-10,1e-05,1,cost,1.0274639472562797e-10,3.6592076967429334,0.0606610821392251,0.49343191961710314,0.0854390495573379,5.349762280387369,0.07624593580117252,cd132ff4292921d736bc3b31abace3b63757607079afe3cbd4add8473ddd10a2
series_std_int64_p0,1,19,1,2.0860669466500212,0.053175753240697954,0.40289792697693205,1633.8713464961356,3.7157388693698223e-09,1e-05,1,cost,3.7157388693698223e-09,2.1590212139213847,0.03237531783345167,0.4086344011008533,0.03379043559227385,0.6424781839749019,0.014038157601188988,cd132ff4292921d736bc3b31abace3b63757607079afe3cbd4add8473ddd10a2
series_std_int64_p0,1,20,1,3.1857150500753435,0.17477527738666954,0.2473002419464216,1695.4476485265468,1.8952840685759753e-10,1e-05,1,cost,1.8952593661136774e-10,3.6644685576993385,0.06136582590169716,0.209893140687058,0.13064745953900903,1.8480880819015568,0.17821974142135524,cd132ff4292921d736bc3b31abace3b63757607079afe3cbd4add8473ddd10a2
series_std_int64_p0,1,21,1,3.6690097217733237,0.021659695382174313,0.25935887167706967,1644.968365204118,3.6958732047009946e-09,1e-05,1,cost,0.0038468964998741935,3.675221613216589,0.046683339239795896,0.25811531087967005,0.001690208672295189,0.5360294328793389,0.004817849794192778,cd132ff4292921d736bc3b31abace3b63757607079afe3cbd4add8473ddd10a2
series_std_int64_p0,1,22,1,4.925687747950979,0.12521703975006832,0.5249734076924246,1558.2965014133747,3.013639338078633e-11,1e-05,1,cost,3.0123542549276294e-11,4.421338129135401,0.06852576236123241,0.5722617444775282,0.11407171405689459,0.8272987477321125,0.08263410448356559,cd132ff4292921d736bc3b31abace3b63757607079afe3cbd4add8473ddd10a2
series_std_int64_p0,1,23,1,7.108572308013466,0.04495880277335604,0.5150135596934825,1693.2207883631356,1.2314976816085732e-09,1e-05,1,cost,2.7937097080155127e-11,7.73023253893694,0.1192343056297217,0.5000887863655867,0.08041934415196325,0.6229373540114022,0.029844247131318613,cd132ff4292921d736bc3b31abace3b63757607079afe3cbd4add8473ddd10a2
series_std_int64_p0,1,24,1,5.579163397214922,0.07040591472128986,0.3723246251648694,1674.7765260233823,6.825068288307534e-12,1e-05,1,cost,6.601608149026106e-12,7.237675172340762,0.10202938142017527,0.29023368046485143,0.22914979404767283,0.30994470669830204,0.28284430865686366,cd132ff4292921d736bc3b31abace3b63757607079afe3cbd4add8473ddd10a2
series_std_int64_p0,1,25,1,4.346713308889415,0.04604062605900097,0.3531731422794812,1557.7250612199093,2.3627863554587236e-10,1e-05,1,cost,2.396498832712979e-10,4.533736892920887,0.06767662983472793,0.348564425746158,0.04125153012815902,0.3196968263426225,0.013221993390339635,cd132ff4292921d736bc3b31abace3b63757607079afe3cbd4add8473ddd10a2
series_std_int64_p0,1,26,1,3.615887922474185,0.027747057462631182,0.35141543637199735,1689.8790203581877,1.7774726968067256e-09,1e-05,1,cost,8.624779714846986e-05,3.708532750824764,0.04748422547072194,0.34752425592775865,0.0249815316663916,0.41565736436535955,0.011196860011542825,cd132ff4292921d736bc3b31abace3b63757607079afe3cbd4add8473ddd10a2
series_std_int64_p0,1,27,1,7.584892639569327,0.06198355775200013,0.3409303731604035,1778.5456675513099,4.409722587084275e-11,1e-05,1,cost,1.2454568099062868e-08,7.323464506618292,0.11019461782295727,0.3847915976505124,0.03569733050727291,0.43750830143460184,0.11398696010495,cd132ff4292921d736bc3b31abace3b63757607079afe3cbd4add8473ddd10a2
series_std_int64_p0,1,28,1,3.8558271803234114,0.016018670987399466,0.30369018573553613,1504.767018327797,9.982036405786765e-08,1e-05,1,cost,9.782640694733225e-08,3.9880361962916817,0.07454770539293268,0.29364715778878797,0.033151408227238825,0.7851218772869423,0.03420100511911587,cd132ff4292921d736bc3b31abace3b63757607079afe3cbd4add8473ddd10a2
series_std_int64_p0,1,29,1,8.211088039121293,0.06188992170818509,0.3688984236374577,1703.2090632305578,5.611466846744406e-11,1e-05,1,cost,1.3367484841264599e-08,7.373075375987463,0.1073387507375635,0.44332073075073086,0.11365849667874797,0.42341492440598594,0.1678746378208944,cd132ff4292921d736bc3b31abace3b63757607079afe3cbd4add8473ddd10a2
series_std_int64_p0,1,30,1,2.446665699998798,0.20285664629085096,0.33089593266379824,1672.503869442033,3.374699540648063e-09,1e-05,1,cost,3.3593833687062258e-09,2.2045877397946825,0.02777555113182486,0.3910682327649343,0.10980645307710031,6.303424703548744,0.15386649965328375,cd132ff4292921d736bc3b31abace3b63757607079afe3cbd4add8473ddd10a2
series_std_int64_p0,1,31,1,6.579081994058895,0.045422094029099795,0.400358648073301,1634.4115627587269,8.209410928827765e-11,1e-05,1,cost,1.691653507232549e-06,5.228111988158105,0.06187673100973518,0.5052479143177404,0.25840494789721313,0.2659260874341689,0.2075996026348297,cd132ff4292921d736bc3b31abace3b63757607079afe3cbd4add8473ddd10a2
series_std_int64_p0,1,32,1,4.46089427585419,0.029301204589789694,0.42969158578584665,1548.707755874377,4.527264202414116e-09,1e-05,1,cost,4.285468480080823e-09,4.93955266031659,0.07141604015131113,0.3916600173438961,0.09690318483854798,0.5897111555372095,0.0971035253990632,cd132ff4292921d736bc3b31abace3b63757607079afe3cbd4add8473ddd10a2
series_std_int64_p0,1,33,1,3.1574211017608675,1.1403572554674515,0.1856047388828774,1607.710081345372,2.0318188798107428e-10,1e-05,1,cost,2.031208395925077e-10,2.872998302525655,0.042058649405336386,0.21922585914201234,0.09899859633929338,26.113501541082854,0.15336293077248478,cd132ff4292921d736bc3b31abace3b63757607079afe3cbd4add8473ddd10a2
series_std_int64_p0,1,34,1,2.490247992204744,0.1324728172166999,0.25539155166871663,1638.9090775364525,7.196479245852316e-10,1e-05,1,cost,6.729421117568357e-10,2.255131720202789,0.03253319788635471,0.27991482572253246,0.10425833218328036,3.0719273180415665,0.08760977197443873,cd132ff4292921d736bc3b31abace3b63757607079afe3cbd4add8473ddd10a2
series_std_int64_p0,1,35,1,3.67864352967709,0.04261473071307837,0.5164989787784989,1625.998932702927,1.1011611900091367e-09,1e-05,1,cost,8.774372445286005e-08,3.971425361147362,0.06718063850997594,0.4947296269094528,0.0737221034882263,0.3656694598585822,0.044002523166113944,cd132ff4292921d736bc3b31abace3b63757607079afe3cbd4add8473ddd10a2
series_std_int64_p0,1,36,0,3.169573517618704,0.0824892107651632,0.2657481259554494,1702.034827963333,2.0753072871304568e-10,1e-05,1,cost,0.008942346691154533,2.507316024312086,0.04027295060774383,0.2833794578627076,0.2641300445915336,1.048253468403725,0.06221810162330207,cd132ff4292921d736bc3b31abace3b63757607079afe3cbd4add8473ddd10a2
series_std_int64_p0,1,37,0,3.274138566868656,0.07178344267548548,0.2591577264227848,1633.5539673272729,1.3425961731261538e-10,1e-05,1,cost,0.006189879252657553,2.7606918980411512,0.0431347658306865,0.2605392393613692,0.1859847776536819,0.6641667409822364,0.005302513901440546,cd132ff4292921d736bc3b31abace3b63757607079afe3cbd4add8473ddd10a2
series_std_int64_p0,1,38,1,5.3091772432597315,0.0993166797570077,0.3413632018997959,1629.2442586753978,1.4009376991808153e-11,1e-05,1,cost,7.9319328882832e-12,7.722349518094632,0.1541944812188371,0.231102854340336,0.31249197788580707,0.35589990658579607,0.47710508757751585,cd132ff4292921d736bc3b31abace3b63757607079afe3cbd4add8473ddd10a2
series_std_int64_p0,1,39,1,5.1417887086306555,0.0588168072129783,0.3293945385993282,1604.7403243144265,1.3978485036147958e-11,1e-05,1,cost,1.3987255798042497e-11,5.509567699876662,0.06979918281220308,0.30562941494126494,0.06675278556868258,0.15734246672734284,0.07775797255192335,cd132ff4292921d736bc3b31abace3b63757607079afe3cbd4add8473ddd10a2
series_std_int64_p0,1,40,1,5.186161953579382,0.02506495974001597,0.3146824863461977,1690.384188092976,2.738124266210562e-08,1e-05,1,cost,1.5889537179902824e-06,5.445956081392742,0.10296424252062854,0.2940665168354542,0.047704043868624216,0.756566365891593,0.07010648384113463,cd132ff4292921d736bc3b31abace3b63757607079afe3cbd4add8473ddd10a2
series_std_int64_p0,1,41,1,5.060353233851505,0.20050074032610415,0.41648518088304043,1614.1230580632694,2.8504643090343507e-11,1e-05,1,cost,2.847699853703034e-11,4.4531909644451115,0.0675965068134128,0.4706783803103183,0.13634319171444945,1.9661405563389251,0.11513849306515475,cd132ff4292921d736bc3b31abace3b63757607079afe3cbd4add8473ddd10a2
series_std_int64_p0,1,42,1,5.388446301442464,0.07631881460069563,0.3410180549372429,1656.6689363663072,8.822165220578881e-12,1e-05,1,cost,5.805272929038097e-12,7.478484552592423,0.11540053832540341,0.24705852606476625,0.27947349980490976,0.33866153738820665,0.3803128366751659,cd132ff4292921d736bc3b31abace3b63757607079afe3cbd4add8473ddd10a2
series_std_int64_p0,1,43,1,3.465097399542565,0.15193319438823652,0.36267852168155057,1573.62099248263,1.732512466823266e-10,1e-05,1,cost,1.7324305878752e-10,3.578326899148464,0.0658223595917612,0.351469067370809,0.03164314015939801,1.3082307491032812,0.03189314608706457,cd132ff4292921d736bc3b31abace3b63757607079afe3cbd4add8473ddd10a2
series_std_int64_p0,1,44,1,4.927577106195159,0.07829942713687055,0.572664079539668,1647.0525313390528,7.793493628227566e-11,1e-05,1,cost,5.5688842426349083e-11,5.38911647441996,0.07194797850978223,0.553572687461874,0.08564286380068958,0.08827834719810457,0.034487597582402135,cd132ff4292921d736bc3b31abace3b63757607079afe3cbd4add8473ddd10a2
series_std_int64_p0,1,45,1,2.8064414030313873,0.011213974596333349,0.49210734244344484,1672.8226200638635,9.336725728670281e-08,1e-05,1,cost,0.039745544164159825,2.435977010148009,0.030401536746959706,0.5537136735337367,0.1520804142814423,0.6311379030056828,0.11126026687606856,cd132ff4292921d736bc3b31abace3b63757607079afe3cbd4add8473ddd10a2
series_std_int64_p0,1,46,1,4.764568270539764,0.04488839013889341,0.5317804261294292,1523.7957515907246,3.0130348216417246e-10,1e-05,1,cost,8.049283461986079e-11,5.24745352459786,0.07518006364244334,0.4926213246166442,0.09202277862863069,0.40292162623880234,0.07949128378325573,cd132ff4292921d736bc3b31abace3b63757607079afe3cbd4add8473ddd10a2
series_std_int64_p0,1,47,1,6.258655129287967,0.092412774222106,0.25009002769209465,1615.2248900105706,3.242989210505698e-12,1e-05,1,cost,3.221672928432895e-12,6.235435168539178,0.10931944820270544,0.255586898839165,0.0037238717300670746,0.15465385398991638,0.021506858027685625,cd132ff4292921d736bc3b31abace3b63757607079afe3cbd4add8473ddd10a2
series_std_int64_p0,1,48,1,2.363658271735662,0.002306693181177766,0.3491056780039187,1585.0551872482317,0.00018276770850331886,1e-05,0,cost,0.00018276770850331886,2.3616227262577034,0.039702016097373095,0.34673504295579477,0.0008619266131403529,0.9418998477175473,0.006837021801762724,cd132ff4292921d736bc3b31abace3b63757607079afe3cbd4add8473ddd10a2
series_std_int64_p0,1,49,1,3.3289572929998834,0.006175592403380267,0.40761917940717035,1591.0097246260295,1.4545344318162012e-06,1e-05,1,cost,1.4545344318162012e-06,3.4912425921675503,0.06091226748328085,0.3878479994152928,0.04648353555600714,0.898614964463844,0.05097661976259759,cd132ff4292921d736bc3b31abace3b63757607079afe3cbd4add8473ddd10a2
series_std_int64_p0,1,50,1,9.082607835251629,0.05055393426155885,0.3902887464997702,1877.0204984021075,8.631739767395175e-11,1e-05,1,cost,2.4344931293107663e-08,7.59743837053228,0.09387293013391272,0.5005074887871079,0.1954829236232814,0.46146419218573387,0.2202139723312303,cd132ff4292921d736bc3b31abace3b63757607079afe3cbd4add8473ddd10a2
series_std_int64_p0,1,51,1,5.84514226743807,0.011320969248364548,0.566639953127778,1671.8979383352168,1.1140256439209906e-06,1e-05,1,cost,3.751882290403685e-07,6.979097570643039,0.1051494637514872,0.5115988098844231,0.16247878636556856,0.8923345032446308,0.10758653495654043,cd132ff4292921d736bc3b31abace3b63757607079afe3cbd4add8473ddd10a2
series_std_int64_p0,1,52,1,5.693456606784623,0.4542362541205935,0.30510666191747576,1627.167821775157,7.455230877084773e-12,1e-05,1,cost,7.463113460559612e-12,5.509235420487406,0.09835789453803442,0.32164448690800906,0.03343861211886976,3.6181982265281514,0.05141647273209178,cd132ff4292921d736bc3b31abace3b63757607079afe3cbd4add8473ddd10a2
series_std_int64_p0,1,53,1,4.115177019968907,0.02669447681610598,0.4522444535847767,1640.9944109741189,4.344143350598628e-09,1e-05,1,cost,4.5423954320167326e-09,4.71383468287713,0.06165066926811518,0.3979664257371076,0.12700013962789797,0.5670042655982656,0.13638845977304778,cd132ff4292921d736bc3b31abace3b63757607079afe3cbd4add8473ddd10a2
series_std_int64_p0,1,54,1,2.758753860039773,0.1517950820272127,0.41569223585322956,1610.423818608751,1.8724159861482903e-09,1e-05,1,cost,1.6454444543012592e-09,2.359210129402468,0.035993349575428414,0.47003555581010487,0.1693548724879798,3.217309136764495,0.11561533863797761,cd132ff4292921d736bc3b31abace3b63757607079afe3cbd4add8473ddd10a2
series_std_int64_p0,1,55,1,2.453426607596329,0.008469088052024815,0.3642827981179826,1597.1891944079202,2.3979244203470307e-07,1e-05,1,cost,2.3979244203470307e-07,2.855986092254814,0.04331671577790046,0.33573590634691164,0.140952886903123,0.8044845298187261,0.08502781868548134,cd132ff4292921d736bc3b31abace3b63757607079afe3cbd4add8473ddd10a2
series_std_int64_p0,1,56,1,8.680772874627058,0.17658974381526843,0.49207130965647095,1725.2632134321238,7.14595049799982e-13,1e-05,1,cost,6.311617894994015e-13,7.933316968748333,0.12499547659704575,0.5644347047626578,0.09421732534111191,0.4127690747125972,0.12820507756803387,cd132ff4292921d736bc3b31abace3b63757607079afe3cbd4add8473ddd10a2
series_std_int64_p0,1,57,1,4.807544721475719,0.042247729078543426,0.2256632224964587,1681.358556642725,2.2127036314323334e-11,1e-05,1,cost,2.215750499745539e-11,5.016845945286321,0.06632867624033945,0.21687067677481286,0.041719683261802205,0.3630548433461814,0.04054280575135364,cd132ff4292921d736bc3b31abace3b63757607079afe3cbd4add8473ddd10a2
series_std_int64_p0,1,58,0,2.4326265298318916,0.05805477535482598,0.38473105786640893,1669.8075423967234,3.165835676943729e-09,1e-05,1,cost,0.02371647663786096,2.115273202214496,0.03613373197897098,0.4359017318188455,0.15002947481448542,0.6066642490350166,0.11739038920290955,cd132ff4292921d736bc3b31abace3b63757607079afe3cbd4add8473ddd10a2
series_std_int64_p0,1,59,1,8.25341376312867,0.05827117997827803,0.4841543739385082,1707.7352625239491,5.001848935037856e-11,1e-05,1,cost,2.8972380050618085e-12,7.89161531566454,0.0983212592498911,0.5238636652478534,0.04584593052147064,0.407338957791648,0.07580081220284243,cd132ff4292921d736bc3b31abace3b63757607079afe3cbd4add8473ddd10a2
series_std_int64_p0,1,60,1,6.534141424364864,0.03835542719891194,0.5448101515877974,1842.0010179958854,4.743079706770459e-09,1e-05,1,cost,2.8799962414893798e-11,6.603773514207141,0.10598162292546066,0.5838829777343715,0.010544288003286743,0.6380936039648288,0.06691893347908083,cd132ff4292921d736bc3b31abace3b63757607079afe3cbd4add8473ddd10a2
series_std_int64_p0,1,61,1,3.5597801301385825,0.008286127773535604,0.46895085971119865,1681.2196842446783,3.978675878202331e-07,1e-05,1,cost,0.012608809376082646,3.918395316136757,0.053134138132709625,0.4339665732710274,0.09152093065274029,0.8440526549458675,0.08061516392029196,cd132ff4292921d736bc3b31abace3b63757607079afe3cbd4add8473ddd10a2
series_std_int64_p0,1,62,0,2.5907913010278065,0.07259980937065241,0.34780022912136105,1596.458872070918,6.107468628058221e-10,1e-05,1,cost,0.01974644726352575,2.078511023959135,0.04006140014157583,0.41301836929591507,0.24646502768740833,0.8122134801601237,0.1579061490309338,cd132ff4292921d736bc3b31abace3b63757607079afe3cbd4add8473ddd10a2
series_std_int64_p0,1,63,1,2.7548534641294578,0.6176472086898255,0.38213244647520833,1549.1714666901753,6.739374613928817e-10,1e-05,1,cost,6.316008688278529e-10,2.6137550277916004,0.04752445333866216,0.40444406575653136,0.05398303775127444,11.996408486562352,0.055166143282602276,cd132ff4292921d736bc3b31abace3b63757607079afe3cbd4add8473ddd10a2
series_std_int64_p0,1,64,1,5.909527301103704,0.014396912195091972,0.2501736134442667,1633.0193657536636,6.51112664062925e-08,1e-05,1,cost,2.4122745564958414e-07,5.860368252397157,0.0860479582779752,0.24783542849983065,0.008388389020850243,0.8326873468794785,0.009434425734001335,cd132ff4292921d736bc3b31abace3b63757607079afe3cbd4add8473ddd10a2
series_std_int64_p0,1,65,1,4.302837933466627,0.028326972498555314,0.38917563250125076,1586.6577522927364,2.5350205545837667e-09,1e-05,1,cost,1.0504465194904888e-07,4.30400773568873,0.06013904754071456,0.3849879814744761,0.00027179370808350843,0.5289753719598277,0.010877355211807528,cd132ff4292921d736bc3b31abace3b63757607079afe3cbd4add8473ddd10a2
series_std_int64_p0,1,66,1,4.077019050729263,0.021650193760219448,0.5407604939413436,1550.1673074621917,4.947258225307394e-08,1e-05,1,cost,5.042751333173001e-08,4.318348807741663,0.0696148764751192,0.5222439031398431,0.05588472996432318,0.689000471501844,0.035455829527496124,cd132ff4292921d736bc3b31abace3b63757607079afe3cbd4add8473ddd10a2
series_std_int64_p0,1,67,1,4.059720310975059,0.03139774772674568,0.33102281916734366,1594.3273553848078,4.167889783301959e-10,1e-05,1,cost,6.23181423131669e-10,3.960109834459873,0.05446496730124102,0.34712685755406425,0.02515346308034201,0.4235239772919085,0.046392372230121715,cd132ff4292921d736bc3b31abace3b63757607079afe3cbd4add8473ddd10a2
series_std_int64_p0,1,68,1,3.9232965139602847,0.009493168177071284,0.32246666871728297,1703.7274423976878,3.654386838969348e-07,1e-05,1,cost,0.035075553479038346,4.125198537854926,0.06517888389637731,0.30870120331280154,0.04894358951257387,0.8543520905917366,0.044591550848388235,cd132ff4292921d736bc3b31abace3b63757607079afe3cbd4add8473ddd10a2
series_std_int64_p0,1,69,1,3.9524899372683704,0.006765097073366075,0.5013270473824825,1621.9432647157191,1.4456043069543956e-06,1e-05,1,cost,0.01592640758318341,3.98556651662461,0.06486902888517804,0.5008875673607459,0.008299091037188967,0.8957114482885092,0.000877402535767133,cd132ff4292921d736bc3b31abace3b63757607079afe3cbd4add8473ddd10a2
series_std_int64_p0,1,70,1,7.665038199898017,0.025791857942382902,0.47421310497371594,1700.6889594196002,5.923591617218449e-09,1e-05,1,cost,1.6070789143896036e-10,7.891559196280233,0.09356397053860316,0.48752392280374107,0.028704213039292496,0.7243398522539021,0.027302901883203737,cd132ff4292921d736bc3b31abace3b63757607079afe3cbd4add8473ddd10a2
series_std_int64_p0,1,71,1,8.464705071435658,0.05443066519579458,0.38070895534483323,1777.7711170739801,1.318090636637237e-10,1e-05,1,cost,0.01150774057343094,6.916515443621282,0.10275469519295186,0.49651413371788505,0.2238395389172715,0.4702853714510548,0.23323641868138903,cd132ff4292921d736bc3b31abace3b63757607079afe3cbd4add8473ddd10a2
series_std_int64_p0,1,72,1,5.954342407703901,0.21843397521868602,0.3803706247517514,1581.92711966581,6.141226416289669e-12,1e-05,1,cost,6.1386173921818e-12,5.806770596147759,0.10944570523234433,0.395861478749134,0.02541374919375019,0.9958204367633107,0.039132006595669636,cd132ff4292921d736bc3b31abace3b63757607079afe3cbd4add8473ddd10a2
series_std_int64_p0,1,73,1,5.465539634753478,0.07773470266861174,0.24101826809213908,1681.9053065574594,8.95155477520504e-12,1e-05,1,cost,8.60266025082268e-12,5.499298916315833,0.09796057576842863,0.23441611969975687,0.0061388337088195835,0.206469520428599,0.028164225228360266,cd132ff4292921d736bc3b31abace3b63757607079afe3cbd4add8473ddd10a2
series_std_int64_p0,1,74,1,6.542427155184665,0.05405464879163732,0.2773236352765802,1606.2757351590399,2.4689358890661595e-10,1e-05,1,cost,2.4811616650133317e-10,6.778536214374777,0.11849103027356377,0.26247121425960335,0.03483186512884772,0.5438080952892405,0.056586856805892365,cd132ff4292921d736bc3b31abace3b63757607079afe3cbd4add8473ddd10a2
series_std_int64_p0,1,75,1,3.7186242103442715,1.0105339118671037,0.35972988712705745,1578.790667132514,1.266599880533903e-10,1e-05,1,cost,1.265013926943226e-10,3.8274040190471252,0.0693656600294252,0.3599723718133179,0.028421302836468175,13.568215907387476,0.0006736202699084722,cd132ff4292921d736bc3b31abace3b63757607079afe3cbd4add8473ddd10a2
series_std_int64_p0,1,76,1,5.320158176188633,0.06668622613103645,0.21045956211780942,1608.9554814797918,4.9903012278029735e-11,1e-05,1,cost,5.0130580242502276e-11,5.517071424189092,0.10416267828701709,0.20492231292761673,0.035691625657973465,0.3597877164094746,0.02702121165374789,cd132ff4292921d736bc3b31abace3b63757607079afe3cbd4add8473ddd10a2
series_std_int64_p0,1,77,1,4.013654133117339,0.01202816186554748,0.23411341686023474,1617.9010113126446,4.390415442312445e-08,1e-05,1,cost,0.006410617134540561,3.983292316771837,0.050699406944366594,0.23196580657460686,0.007622291795573866,0.7627553734751531,0.009258305425878119,cd132ff4292921d736bc3b31abace3b63757607079afe3cbd4add8473ddd10a2
series_std_int64_p0,1,78,1,6.574728823461275,0.06262126252904313,0.5364602769669206,1783.611989533652,2.504702001360215e-11,1e-05,1,cost,5.425049298679596e-12,6.3229683487339265,0.08029791300093413,0.5974137776629855,0.03981681717223195,0.2201383549244345,0.10202895041106703,cd132ff4292921d736bc3b31abace3b63757607079afe3cbd4add8473ddd10a2
series_std_int64_p0,1,79,1,5.892310500258934,0.11490067061592682,0.33835744628586284,1557.7414575505893,9.086731367347056e-12,1e-05,1,cost,9.097556041837151e-12,5.919829092989421,0.07743150161903066,0.33786641829695924,0.004648545135040405,0.483900844145417,0.001453319898966775,cd132ff4292921d736bc3b31abace3b63757607079afe3cbd4add8473ddd10a2
series_std_int64_p0,1,80,1,4.725438461007914,0.24597466934645879,0.21567705930699646,1577.3824624961894,1.1786210896147509e-11,1e-05,1,cost,1.1786002729330392e-11,4.120329247243738,0.06080036003598005,0.26234637432696306,0.14685943220895728,3.0456120523118195,0.1778919763602393,cd132ff4292921d736bc3b31abace3b63757607079afe3cbd4add8473ddd10a2
series_std_int64_p0,1,81,1,3.499606426142369,0.009640772241912452,0.566854321302745,1558.4382450449784,7.363829328532745e-07,1e-05,1,cost,7.363829328532745e-07,4.2987771643799375,0.07661895058315665,0.4781109708063665,0.1859065282237867,0.8741724838498139,0.1856124538341107,cd132ff4292921d736bc3b31abace3b63757607079afe3cbd4add8473ddd10a2
series_std_int64_p0,1,82,1,5.316728551259328,0.0906999590728466,0.3381056873946333,1649.0482895977575,1.317002062961592e-11,1e-05,1,cost,4.753336613205761e-12,7.297137205367871,0.1326341961491499,0.24484334366313157,0.27139528809349067,0.3161645962640538,0.38090618407750965,cd132ff4292921d736bc3b31abace3b63757607079afe3cbd4add8473ddd10a2
series_std_int64_p0,1,83,0,2.6258391470494367,0.0001,0.26962608517055564,2681.227050886182,0.007832386965227237,1e-05,0,cost,0.0032316278966841526,2.0048344718429023,0.025003378984462622,0.2825060099314001,0.3097535900984827,0.9960005405644516,0.0455916840989403,cd132ff4292921d736bc3b31abace3b63757607079afe3cbd4add8473ddd10a2
series_std_int64_p0,1,84,1,2.5018789922201012,0.09538819281302074,0.29611350036072204,1572.4590103618236,1.5129215311104893e-09,1e-05,1,cost,1.4808560003243265e-09,2.18459219795674,0.034195329948470965,0.34678401588261654,0.14523845437153943,1.78950935571499,0.1461154874538567,cd132ff4292921d736bc3b31abace3b63757607079afe3cbd4add8473ddd10a2
series_std_int64_p0,1,85,1,6.677753821160484,0.0509778083105572,0.5163324414324548,1668.7995228299644,8.484096758465398e-11,1e-05,1,cost,6.986022871302566e-12,6.758238014203197,0.08053032273380695,0.5372921318982486,0.011909049795755492,0.366973748769586,0.039009859295246724,cd132ff4292921d736bc3b31abace3b63757607079afe3cbd4add8473ddd10a2
series_std_int64_p0,1,86,1,4.986533457295893,0.07160300993406113,0.4927370750829365,1597.7049025938159,3.8136549473932746e-11,1e-05,1,cost,3.817346438950153e-11,4.977864183715684,0.06792156164271182,0.49410833496124434,0.0017415649082129655,0.05420146713815052,0.0027752211029093135,cd132ff4292921d736bc3b31abace3b63757607079afe3cbd4add8473ddd10a2
series_std_int64_p0,1,87,1,0.2,0.00043812723137774955,1.2504593180740995,3834.279469668486,0.019828224636308067,1e-05,0,cost,0.008406370477468797,2.0436555763278843,0.03232738281035807,0.39542561525755704,0.9021361513570857,0.9864471790386519,2.162312378927763,cd132ff4292921d736bc3b31abace3b63757607079afe3cbd4add8473ddd10a2
series_std_int64_p0,1,88,1,6.462967456905696,0.07071308469556192,0.4111158337596239,1586.6095012504422,3.847216989427693e-11,1e-05,1,cost,1.3649490038236678e-08,6.556237870739479,0.1096260246672722,0.42053822586084577,0.014226209553812723,0.3549607868187832,0.02240555441050368,cd132ff4292921d736bc3b31abace3b63757607079afe3cbd4add8473ddd10a2
series_std_int64_p0,1,89,1,3.3752758005532466,0.5438950431074608,0.20398182446333085,1523.1409150789564,1.4534107251051864e-10,1e-05,1,cost,1.4533185765941425e-10,3.179887016316008,0.05040254349060129,0.2189759228820353,0.06144519702577427,9.791023734920888,0.0684737309077671,cd132ff4292921d736bc3b31abace3b63757607079afe3cbd4add8473ddd10a2
series_std_int64_p0,1,90,1,6.805207276485564,0.021015625264617407,0.2106508934206829,1552.2827757029931,1.5969118138947636e-08,1e-05,1,cost,0.005071964770680374,7.024097145121941,0.09808284877634033,0.20929773514846606,0.031162705200965413,0.7857359821130437,0.006465231318709617,cd132ff4292921d736bc3b31abace3b63757607079afe3cbd4add8473ddd10a2
series_std_int64_p0,1,91,1,3.3395668576339967,0.11799281086516106,0.456759754484464,1639.4049364251787,4.40526032319255e-10,1e-05,1,cost,4.4008313659915643e-10,3.3089077635513595,0.051096641027234026,0.46596508857819763,0.009265623666019528,1.3092087560564307,0.01975541584418253,cd132ff4292921d736bc3b31abace3b63757607079afe3cbd4add8473ddd10a2
series_std_int64_p0,1,92,1,5.989027100080451,0.05608873521146832,0.5385988872694962,1691.15054457224,3.0491831282120074e-11,1e-05,1,cost,2.9174551663402326e-11,6.465762049666184,0.07194816726220786,0.537722915434959,0.07373221376285355,0.22042857593497042,0.001629039435354327,cd132ff4292921d736bc3b31abace3b63757607079afe3cbd4add8473ddd10a2
series_std_int64_p0,1,93,0,3.8064010000184014,0.09353996224538494,0.18307852397231317,1642.0072329277348,5.775990102874218e-11,1e-05,1,cost,0.003341130644636684,2.689240135630288,0.04467020986058792,0.2093673522102363,0.41541878301852714,1.0940121512147698,0.12556316904426054,cd132ff4292921d736bc3b31abace3b63757607079afe3cbd4add8473ddd10a2
series_std_int64_p0,1,94,1,3.540447962633233,0.04353825900199922,0.3826499563643984,1654.2954045531155,3.0669722317355763e-10,1e-05,1,cost,3.108377166771703e-10,3.603592833085251,0.059533884825332756,0.3707900263510714,0.017522753922772066,0.2686810355189034,0.03198556911047496,cd132ff4292921d736bc3b31abace3b63757607079afe3cbd4add8473ddd10a2
series_std_int64_p0,1,95,1,4.62296555149128,0.21134766276718794,0.43485173993408016,1737.0177156653601,4.557360044898928e-11,1e-05,1,cost,4.5604381382347015e-11,4.205518776284162,0.07086674766082877,0.4755993518971609,0.09926166007418431,1.9823248525346011,0.08567634039142177,cd132ff4292921d736bc3b31abace3b63757607079afe3cbd4add8473ddd10a2
series_std_int64_p0,1,96,1,6.631904015814877,0.07815895743340252,0.22390647051229318,1713.1846057321914,2.961964007397455e-12,1e-05,1,cost,1.2411863203887208e-11,7.300581750315821,0.11729542339653341,0.230879937588238,0.09159239049299289,0.3336572291556905,0.030203867641291647,cd132ff4292921d736bc3b31abace3b63757607079afe3cbd4add8473ddd10a2
series_std_int64_p0,1,97,1,6.527747212965055,0.0743897574752089,0.4604818586980607,1585.1619801934694,9.385342503165361e-11,1e-05,1,cost,0.03978309933580941,5.502566541404262,0.10732570423591183,0.5416916139421768,0.1863095455269435,0.3068784593139652,0.14991879725275736,cd132ff4292921d736bc3b31abace3b63757607079afe3cbd4add8473ddd10a2
series_std_int64_p0,1,98,1,4.632493065216741,0.04966600875922704,0.29806629753363245,1684.7664838117416,4.440980916342596e-11,1e-05,1,cost,4.444225543132063e-11,4.96076752074282,0.06496530279343189,0.2778631535794055,0.06617412611121998,0.23549946473506836,0.0727089709231759,cd132ff4292921d736bc3b31abace3b63757607079afe3cbd4add8473ddd10a2
series_std_int64_p0,1,99,1,7.445572402443279,0.0545681633510654,0.40960580453726214,1715.9509260649327,2.7331664709251413e-10,1e-05,1,cost,0.008053885399800988,5.689548746736849,0.09080661170656715,0.5410919621310958,0.30864023385221373,0.3990727951903196,0.24300149844395058,cd132ff4292921d736bc3b31abace3b63757607079afe3cbd4add8473ddd10a2
series_std_int64_p0,1,100,1,4.2408707023580545,0.006536152104555703,0.5847516735269654,1593.1665276868762,0.0024433529611277358,1e-05,0,cost,0.0024433529611277358,4.509400713433751,0.07123051135205746,0.5552830397428754,0.05954893524448394,0.9082394330675136,0.05306957294740269,cd132ff4292921d736bc3b31abace3b63757607079afe3cbd4add8473ddd10a2
series_std_int64_p0,1,101,1,2.3192444199428297,0.1494287703362066,0.36191035422129686,1656.4215744177668,4.771319589425005e-09,1e-05,1,cost,4.720033169869353e-09,2.6431933362204036,0.0390608948833079,0.35003265876306755,0.12255967501068236,2.8255337155642795,0.03393310641413367,cd132ff4292921d736bc3b31abace3b63757607079afe3cbd4add8473ddd10a2
series_std_int64_p0,1,102,1,7.771599489684688,0.06712901187769793,0.3750193010038735,1843.538264921206,8.420708574874425e-11,1e-05,1,cost,2.6309999623386204e-07,7.094404883718467,0.1195485133432284,0.43894317154887624,0.09545474455797835,0.4384789070110145,0.1456313133188469,cd132ff4292921d736bc3b31abace3b63757607079afe3cbd4add8473ddd10a2
series_std_int64_p0,1,103,1,4.631788428766976,0.039321055772018054,0.24158556714631435,1642.5215714611859,6.813127284566178e-10,1e-05,1,cost,9.97421408993615e-07,4.667109458702844,0.07298968460196487,0.2397068399921524,0.007568074039918639,0.46127927546957037,0.007837603441868676,cd132ff4292921d736bc3b31abace3b63757607079afe3cbd4add8473ddd10a2
series_std_int64_p0,1,104,1,8.6094896099071,0.06043036758439621,0.36703384039712217,1772.5486333538254,8.206302304358815e-11,1e-05,1,cost,9.006424467328245e-08,7.923060203441778,0.1167498441691765,0.44173274679668617,0.08663690402947313,0.48239444759489775,0.169104298789841,cd132ff4292921d736bc3b31abace3b63757607079afe3cbd4add8473ddd10a2
series_std_int64_p0,1,105,1,3.259856390106685,0.13736695166595472,0.42293334362870766,1547.468580859617,4.724868968297713e-10,1e-05,1,cost,4.664135744292253e-10,2.6679620930701304,0.02861401843329752,0.5139779183114304,0.22185258875077868,3.8006871871622105,0.17713713262591335,cd132ff4292921d736bc3b31abace3b63757607079afe3cbd4add8473ddd10a2
series_std_int64_p0,1,106,1,2.0945916641930045,0.2882956890986905,0.5346691667621822,1637.1507667728108,3.16778824560604e-08,1e-05,1,cost,4.2660755622536684e-08,2.0726381744995432,0.029752945992968224,0.5631850147739523,0.010592051214516536,8.689651880752447,0.050633179618984725,cd132ff4292921d736bc3b31abace3b63757607079afe3cbd4add8473ddd10a2
series_std_int64_p0,1,107,1,6.7084178538979,0.0645795871192114,0.2218951476886662,1623.6553587795668,8.933853656856172e-12,1e-05,1,cost,1.3062409487396565e-10,7.792544338949571,0.10792446978417775,0.21746806224387352,0.1391235568122299,0.4016223823164978,0.020357405124749033,cd132ff4292921d736bc3b31abace3b63757607079afe3cbd4add8473ddd10a2
series_std_int64_p0,1,108,1,7.304092313875827,0.08057586714482787,0.16492362748780495,1744.248916389519,1.017716466655827e-11,1e-05,1,cost,2.363324813625667e-10,7.312819377415955,0.12910119319141405,0.22060188814428594,0.0011933924646189047,0.3758704691027859,0.25239249366743544,cd132ff4292921d736bc3b31abace3b63757607079afe3cbd4add8473ddd10a2
series_std_int64_p0,1,109,0,3.081436811513556,0.0001,0.2954041219017043,3676.3038885883534,0.008306403628091397,1e-05,0,cost,0.007881125816582894,2.765834186081775,0.044318505882354364,0.2841061639041478,0.11410757268818068,0.997743606242831,0.03976667680243724,cd132ff4292921d736bc3b31abace3b63757607079afe3cbd4add8473ddd10a2
series_std_int64_p0,1,110,1,6.308611860958914,0.021969746436769105,0.447817835833351,1580.1827215764895,3.053221986348831e-08,1e-05,1,cost,6.460875723313109e-10,6.766974318948115,0.09625628553592346,0.4256444363657461,0.06773521464471155,0.7717577993535824,0.05209371384465086,cd132ff4292921d736bc3b31abace3b63757607079afe3cbd4add8473ddd10a2
series_std_int64_p0,1,111,1,6.344446199156402,0.037851032471715534,0.23129920655763267,1610.39868309106,6.912417582771724e-10,1e-05,1,cost,6.805495611494905e-10,6.468202162720069,0.09161355505511073,0.22843735995870046,0.019132977054573713,0.5868402612588716,0.01252792712824911,cd132ff4292921d736bc3b31abace3b63757607079afe3cbd4add8473ddd10a2
series_std_int64_p0,1,112,1,3.1487730606900004,0.016667532822365466,0.4545312328129085,1642.0578800963413,5.009315533210934e-08,1e-05,1,cost,5.009315533210934e-08,3.532123822320552,0.056959339160370194,0.4043686097457172,0.10853265086802533,0.7073784024172457,0.12405172374466837,cd132ff4292921d736bc3b31abace3b63757607079afe3cbd4add8473ddd10a2
series_std_int64_p0,1,113,1,5.052929229809303,0.23661549459290943,0.37096451796656454,1565.5757852401996,1.7992329848226518e-11,1e-05,1,cost,1.7998463830437572e-11,5.298736146451533,0.10148602641770942,0.3501443949160487,0.04638972574749586,1.3315081193445935,0.05946153459205797,cd132ff4292921d736bc3b31abace3b63757607079afe3cbd4add8473ddd10a2
series_std_int64_p0,1,114,1,2.4425183877892565,0.01983637738235297,0.5029884436632767,1525.8907831724878,1.941790064852178e-08,1e-05,1,cost,0.0299546337963489,2.31445655889359,0.02951513391625971,0.5184987408832046,0.055331273513677705,0.32792521156662513,0.029913857058761338,cd132ff4292921d736bc3b31abace3b63757607079afe3cbd4add8473ddd10a2
series_std_int64_p0,1,115,1,7.925651157421995,0.06387176616741025,0.4341960758913353,1705.1888439671516,8.477873958412374e-11,1e-05,1,cost,2.379725322354531e-08,6.058601727440957,0.09256306730545974,0.5678940176841119,0.30816507074969024,0.30996489175718106,0.2354276284472948,cd132ff4292921d736bc3b31abace3b63757607079afe3cbd4add8473ddd10a2
series_std_int64_p0,1,116,0,3.0671531259986047,0.0792261490084118,0.32636912573638005,1625.5515228179827,2.519893044228283e-10,1e-05,1,cost,0.012006254685581808,2.1936616653699543,0.04063309900284778,0.4248898245856302,0.39818877925340357,0.9497934184852405,0.23187351908305057,cd132ff4292921d736bc3b31abace3b63757607079afe3cbd4add8473ddd10a2
series_std_int64_p0,1,117,1,4.590461163378121,0.0527302539926741,0.2365024646719355,1628.5092909676496,1.2794225401346893e-10,1e-05,1,cost,1.285865303124467e-10,4.404988712572085,0.07642387246905477,0.2471344552601901,0.04210509104749511,0.310029022488681,0.04302107764399316,cd132ff4292921d736bc3b31abace3b63757607079afe3cbd4add8473ddd10a2
series_std_int64_p0,1,118,1,5.48726861822993,0.056837268979182835,0.3558321662585545,1556.101771949757,3.421868344233303e-11,1e-05,1,cost,3.388977987128783e-11,6.201589553715154,0.08668714829120873,0.31902863608594023,0.11518352340123827,0.3443403076514986,0.11536121215996459,cd132ff4292921d736bc3b31abace3b63757607079afe3cbd4add8473ddd10a2
series_std_int64_p0,1,119,1,5.812126646182031,0.02132730316258195,0.3645014549668094,1633.3982091099763,2.140539034911626e-08,1e-05,1,cost,2.1492618046403678e-08,6.0227346560183275,0.09007548667244841,0.35198870976691643,0.034968834236428284,0.7632285547328007,0.03554871179867901,cd132ff4292921d736bc3b31abace3b63757607079afe3cbd4add8473ddd10a2
series_std_int64_p0,1,120,1,5.396201552497725,0.2940510867615178,0.3952197025087068,1643.4402778363503,1.5082241011654673e-11,1e-05,1,cost,1.5067364023124696e-11,5.039796936447014,0.07071216342323781,0.4216405653581371,0.07071805085503534,3.158423000036301,0.062662051567521,cd132ff4292921d736bc3b31abace3b63757607079afe3cbd4add8473ddd10a2
series_std_int64_p0,1,121,1,4.11325448609525,0.07443155263594894,0.42710619913920983,1594.6025912452271,8.840275733668079e-11,1e-05,1,cost,8.842948595599864e-11,4.368234665615803,0.07198330664624761,0.4006095374431297,0.058371447286842945,0.03401130211665485,0.06614086590447579,cd132ff4292921d736bc3b31abace3b63757607079afe3cbd4add8473ddd10a2
series_std_int64_p0,1,122,1,2.6236802448827627,0.013418522476751637,0.3753718378871631,1582.806472674005,4.9979118593723726e-08,1e-05,1,cost,0.019046211853624116,2.6303477770796464,0.03953322325652485,0.3838528891139764,0.002534848150112798,0.6605760580238813,0.02209453534761608,cd132ff4292921d736bc3b31abace3b63757607079afe3cbd4add8473ddd10a2
series_std_int64_p0,1,123,1,5.325064689312492,0.30805579730185395,0.4642570500397831,1590.5635022789666,2.5475399567653767e-11,1e-05,1,cost,2.545963440070409e-11,4.952751793906503,0.06971508201016255,0.502630472997827,0.07517293635914775,3.4187826854589063,0.0763451979526315,cd132ff4292921d736bc3b31abace3b63757607079afe3cbd4add8473ddd10a2
series_std_int64_p0,1,124,1,7.647879546287196,0.06502765259377902,0.4330124965773775,1755.3648887741533,1.1938006139189383e-10,1e-05,1,cost,9.207674395717014e-07,5.952846842265256,0.09836865423370328,0.5577515603854013,0.2847432075670409,0.33893928812640906,0.2236462838792064,cd132ff4292921d736bc3b31abace3b63757607079afe3cbd4add8473ddd10a2
series_std_int64_p0,1,125,1,4.413968284149443,0.03037434879486555,0.40772283970811957,1634.4713825839551,3.2455652054785844e-10,1e-05,1,cost,6.299812060905907e-10,4.439454984492341,0.050832701001735876,0.4134015859787176,0.0057409525340220745,0.402464394055545,0.013736633973364594,cd132ff4292921d736bc3b31abace3b63757607079afe3cbd4add8473ddd10a2
series_std_int64_p0,1,126,1,5.520181614672495,0.05727057049389195,0.41867141389001994,1632.1851890142,7.198297513610896e-11,1e-05,1,cost,9.303561698814633e-08,6.127274485029768,0.08537688278313814,0.3849646777429629,0.09908041035872145,0.3292028400783586,0.08755799712503157,cd132ff4292921d736bc3b31abace3b63757607079afe3cbd4add8473ddd10a2
series_std_int64_p0,1,127,0,3.854048759021335,0.003022413281669703,0.34113587884913316,1691.615680784675,0.004192220262732142,1e-05,0,cost,0.01021892209017703,3.436516165974801,0.05361325698768471,0.3671292771614686,0.12149880078567782,0.9436256356825333,0.07080175820710473,cd132ff4292921d736bc3b31abace3b63757607079afe3cbd4add8473ddd10a2
series_std_int64_p0,2,0,0,9.617524041172347,0.004897501029174328,0.27165969224052244,5192.620977805,0.01906597881327512,1e-05,0,cost,0.019207766044179193,7.66193324607077,0.12488383317490416,0.43349673090252455,0.2552346427847635,0.9607835465595037,0.37332931744390147,f8f01f808993cae8e88f928fd934147a31bfd95382d6d7d9119d1d783fca5bbf
series_std_int64_p0,2,1,1,7.629851239987935,0.1243518032865677,0.5153615822466763,1431.809006283051,2.828237644081355e-12,1e-05,1,cost,2.413347299778934e-12,7.107985503602176,0.11549221983094739,0.5423598261986978,0.07341963994176523,0.07671151761208324,0.04977921049434537,f8f01f808993cae8e88f928fd934147a31bfd95382d6d7d9119d1d783fca5bbf
series_std_int64_p0,2,2,1,2.029212833764119,0.042813954169070474,0.4962418563250817,1653.3575522709589,6.284551792856696e-08,1e-05,1,cost,0.028524065676884973,2.4331970156836236,0.034169598356260614,0.43532943072441654,0.16603019784898204,0.2529838285683574,0.1399225995341113,f8f01f808993cae8e88f928fd934147a31bfd95382d6d7d9119d1d783fca5bbf
series_std_int64_p0,2,3,1,4.1398202194467935,0.12223393647787481,0.28381095015600416,1497.4123271588646,4.138335507608559e-11,1e-05,1,cost,4.1370892822634175e-11,3.7467846984055893,0.05336747045507642,0.309522998672487,0.10489941447888824,1.2904202772879911,0.08306991282314798,f8f01f808993cae8e88f928fd934147a31bfd95382d6d7d9119d1d783fca5bbf
series_std_int64_p0,2,4,1,2.7594646763721946,0.18659516731691367,0.3686204007682175,1557.4103137945465,1.7922453660057514e-09,1e-05,1,cost,2.1434259922514798e-09,2.5205070814098667,0.03852175628215398,0.4129453129711349,0.09480536544601374,3.8438904485608263,0.10733845574853572,f8f01f808993cae8e88f928fd934147a31bfd95382d6d7d9119d1d783fca5bbf
series_std_int64_p0,2,5,1,3.856835672341923,0.007482508502886353,0.3329125045273622,1615.7469727394234,3.8159491322353745e-07,1e-05,1,cost,0.006977979658558887,4.099439817456933,0.050781524716599497,0.3158350441039742,0.05917982844434294,0.8526529373695534,0.054070821912232156,f8f01f808993cae8e88f928fd934147a31bfd95382d6d7d9119d1d783fca5bbf
series_std_int64_p0,2,6,1,3.704116120765397,0.04685784573950919,0.25103627222624936,1593.0459768356686,1.0030956620887821e-10,1e-05,1,cost,1.0030250241488403e-10,3.6780588679031005,0.04318808870759348,0.25698606285261066,0.007084512183773764,0.08497150815730539,0.023152191836075146,f8f01f808993cae8e88f928fd934147a31bfd95382d6d7d9119d1d783fca5bbf
series_std_int64_p0,2,7,1,2.109287466139559,1.488161731906847,0.6106593294807078,1571.2590884015433,7.958064222879369e-08,1e-05,1,cost,6.202720662096262e-08,2.2748718879631347,0.03589734399470002,0.5904684822246389,0.07278846017646992,40.456040093845466,0.03419462319139916,f8f01f808993cae8e88f928fd934147a31bfd95382d6d7d9119d1d783fca5bbf
series_std_int64_p0,2,8,1,3.5593838200893186,0.0077950554402094925,0.3222339346272358,1576.5338745006131,2.4614448897175567e-07,1e-05,1,cost,2.4769651209288757e-07,3.7427791582228913,0.052888921934059634,0.3046354389473463,0.04899977540236453,0.8526145900661741,0.05776903613282918,f8f01f808993cae8e88f928fd934147a31bfd95382d6d7d9119d1d783fca5bbf
series_std_int64_p0,2,9,1,4.0251442791869225,0.010107912372819307,0.5219763286579024,1543.7682116278388,2.7699638191491793e-07,1e-05,1,cost,0.01458555507095955,4.364955469123513,0.057929897248945726,0.4851151432907607,0.07784986406856162,0.8255147539899484,0.07598440468606119,f8f01f808993cae8e88f928fd934147a31bfd95382d6d7d9119d1d783fca5bbf
series_std_int64_p0,2,10,1,2.612854982147124,0.06356371662045276,0.47030959268231504,1594.1778758600376,1.7537538504752703e-09,1e-05,1,cost,1.5041904430357356e-08,2.929401115705847,0.046731200462293905,0.42512215510687656,0.10805830989193514,0.36019866794863414,0.10629283144294904,f8f01f808993cae8e88f928fd934147a31bfd95382d6d7d9119d1d783fca5bbf
series_std_int64_p0,2,11,1,1.4767338980836668,0.07684439951651435,0.5393178637651009,1503.6899345534703,1.4524513508584747e-08,1e-05,1,cost,0.004299422275729856,2.1409405384403595,0.03492888069643343,0.4318337315367098,0.3102405827863657,1.200024678270349,0.24890165908508707,f8f01f808993cae8e88f928fd934147a31bfd95382d6d7d9119d1d783fca5bbf
series_std_int64_p0,2,12,1,4.059675967805116,0.14807294799245227,0.25607118880443797,1600.8236213593764,3.688618854802428e-11,1e-05,1,cost,3.6886556309401186e-11,3.475443148520294,0.045625172275191035,0.3009554993155038,0.1681031150037846,2.2454222221746623,0.1491393598493836,f8f01f808993cae8e88f928fd934147a31bfd95382d6d7d9119d1d783fca5bbf
series_std_int64_p0,2,13,1,4.5900984995782705,0.1199883810634114,0.4185547632384158,1580.212205010155,7.198669438324146e-11,1e-05,1,cost,7.198389107010428e-11,4.383492317785077,0.0620392302928347,0.4316979388115358,0.04713278062674675,0.934072690732103,0.030445305366301165,f8f01f808993cae8e88f928fd934147a31bfd95382d6d7d9119d1d783fca5bbf
series_std_int64_p0,2,14,1,4.579753069617333,0.5589241672106483,0.5777516135863946,1675.8742838576347,9.695974578782796e-11,1e-05,1,cost,9.690101498982528e-11,4.535533312461739,0.08338125294791263,0.5857839200417314,0.009749626804437072,5.703235409040953,0.013712063749999469,f8f01f808993cae8e88f928fd934147a31bfd95382d6d7d9119d1d783fca5bbf
series_std_int64_p0,2,15,1,7.915268108787948,0.22140841940315836,0.5187840932631684,1509.8088999175352,9.130474154517287e-13,1e-05,1,cost,8.897882430858317e-13,7.585962161890749,0.1114323971417409,0.54394349399187,0.043409911606403444,0.9869304177449315,0.04625370283237111,f8f01f808993cae8e88f928fd934147a31bfd95382d6d7d9119d1d783fca5bbf
series_std_int64_p0,2,16,1,6.26139921641637,0.07556089302251079,0.477335393386129,1426.0293266659364,2.1397772442810492e-11,1e-05,1,cost,1.0004941319863292e-11,5.998593002273881,0.09471812069613306,0.4953306142413841,0.043811309425871574,0.20225514962528576,0.036329716633435566,f8f01f808993cae8e88f928fd934147a31bfd95382d6d7d9119d1d783fca5bbf
series_std_int64_p0,2,17,1,5.5122355285872455,0.049059833614316206,0.5508141838132612,1560.7888164349124,1.1249027265236577e-09,1e-05,1,cost,2.1022819041149887e-08,5.398943265384813,0.09075599991377564,0.57682677328866,0.020984155163993507,0.4594315123966859,0.045096016135127356,f8f01f808993cae8e88f928fd934147a31bfd95382d6d7d9119d1d783fca5bbf
series_std_int64_p0,2,18,1,3.9510771405264546,0.45419240875120004,0.45859264688575774,1564.7582852154565,1.0396267180468044e-10,1e-05,1,cost,1.0396142280377774e-10,3.6592076967429334,0.0606610821392251,0.49343191961710314,0.07976301647029073,6.487377289260504,0.07060603772528586,f8f01f808993cae8e88f928fd934147a31bfd95382d6d7d9119d1d783fca5bbf
series_std_int64_p0,2,19,1,1.9177393636031526,0.006233518673097717,0.45035648771964987,1629.7369682813692,7.108716928837938e-07,1e-05,1,cost,0.009844746328027384,2.1590212139213847,0.03237531783345167,0.4086344011008533,0.11175520127474663,0.8074607728898662,0.10210125850001384,f8f01f808993cae8e88f928fd934147a31bfd95382d6d7d9119d1d783fca5bbf
series_std_int64_p0,2,20,1,2.8100381440309823,0.10793563989104189,0.28263199294643504,1694.4615934834833,3.2130838267807604e-10,1e-05,1,cost,3.2130625243764754e-10,3.6644685576993385,0.06136582590169716,0.209893140687058,0.23316625595630514,0.7588884090624906,0.3465518311902706,f8f01f808993cae8e88f928fd934147a31bfd95382d6d7d9119d1d783fca5bbf
series_std_int64_p0,2,21,1,3.6412584315171945,0.00506655163184927,0.26333055047702836,1644.5608720577884,8.709198025536047e-07,1e-05,1,cost,0.005900652150136216,3.675221613216589,0.046683339239795896,0.25811531087967005,0.009241124828298369,0.8914698109785125,0.020205076481455173,f8f01f808993cae8e88f928fd934147a31bfd95382d6d7d9119d1d783fca5bbf
series_std_int64_p0,2,22,1,4.922395907582972,0.12573425604044391,0.5253054412432058,1558.2956236409152,3.1958879986859756e-11,1e-05,1,cost,3.053127195506988e-11,4.421338129135401,0.06852576236123241,0.5722617444775282,0.11332717919621185,0.8348465118510888,0.08205389175051929,f8f01f808993cae8e88f928fd934147a31bfd95382d6d7d9119d1d783fca5bbf
series_std_int64_p0,2,23,1,7.176790129549924,0.096537774141276,0.5346869993341288,1616.3395974555244,5.42610401055299e-12,1e-05,1,cost,3.790023850314128e-12,7.73023253893694,0.1192343056297217,0.5000887863655867,0.07159453568820137,0.19035236015823379,0.0691841407202625,f8f01f808993cae8e88f928fd934147a31bfd95382d6d7d9119d1d783fca5bbf
series_std_int64_p0,2,24,1,6.868502153783076,0.06895506234919219,0.29354111920760595,1669.2617089800076,6.810330077655635e-12,1e-05,1,cost,7.249784106377888e-12,7.237675172340762,0.10202938142017527,0.29023368046485143,0.05100712725662299,0.3241646534617035,0.011395778523902451,f8f01f808993cae8e88f928fd934147a31bfd95382d6d7d9119d1d783fca5bbf
series_std_int64_p0,2,25,1,4.270835310188967,0.03552294938294107,0.3594154542220797,1557.6333655341246,1.176574282446552e-09,1e-05,1,cost,1.1271305555560218e-09,4.533736892920887,0.06767662983472793,0.348564425746158,0.05798783408503972,0.4751075892861224,0.031130625142520976,f8f01f808993cae8e88f928fd934147a31bfd95382d6d7d9119d1d783fca5bbf
series_std_int64_p0,2,26,1,3.563831476705944,0.006477624109164755,0.35804468346345564,1689.3724942412687,6.167958286340536e-07,1e-05,1,cost,0.014139292031283677,3.708532750824764,0.04748422547072194,0.34752425592775865,0.03901847006383832,0.8635836628911898,0.030272498555853067,f8f01f808993cae8e88f928fd934147a31bfd95382d6d7d9119d1d783fca5bbf
series_std_int64_p0,2,27,1,7.5846142185205325,0.09570174157805902,0.37185601675777513,1657.9974874495922,1.8799406475977776e-12,1e-05,1,cost,1.422084672242363e-12,7.323464506618292,0.11019461782295727,0.3847915976505124,0.03565931283837548,0.1315207269758223,0.03361710851203679,f8f01f808993cae8e88f928fd934147a31bfd95382d6d7d9119d1d783fca5bbf
series_std_int64_p0,2,28,1,3.861654704050081,0.01566342234674249,0.30346044218272444,1504.7646445437313,1.1093137516904328e-07,1e-05,1,cost,1.1297735605375614e-07,3.9880361962916817,0.07454770539293268,0.29364715778878797,0.03169015676415321,0.7898872639448481,0.033418625495414765,f8f01f808993cae8e88f928fd934147a31bfd95382d6d7d9119d1d783fca5bbf
series_std_int64_p0,2,29,1,7.22736995354909,0.06702974917763455,0.4478845011046136,1520.8938844720226,4.131389674810748e-11,1e-05,1,cost,1.1386003251345755e-11,7.373075375987463,0.1073387507375635,0.44332073075073086,0.01976182461295664,0.3755307499197744,0.01029451148416704,f8f01f808993cae8e88f928fd934147a31bfd95382d6d7d9119d1d783fca5bbf
series_std_int64_p0,2,30,1,2.2690425614410765,0.06998875954603301,0.36338249214027873,1671.7647773800775,9.873349776645668e-09,1e-05,1,cost,5.572592005897992e-09,2.2045877397946825,0.02777555113182486,0.3910682327649343,0.02923667789806218,1.5197973287320594,0.07079516643147304,f8f01f808993cae8e88f928fd934147a31bfd95382d6d7d9119d1d783fca5bbf
series_std_int64_p0,2,31,1,5.222750183798098,0.04290392765685913,0.4947164689688659,1586.8497321068844,9.634035236238958e-11,1e-05,1,cost,3.5467939696331996e-10,5.228111988158105,0.06187673100973518,0.5052479143177404,0.0010255718263402708,0.3066225872515958,0.0208441144444814,f8f01f808993cae8e88f928fd934147a31bfd95382d6d7d9119d1d783fca5bbf
series_std_int64_p0,2,32,1,4.40635393708606,0.024783213959809265,0.43434962241825914,1548.6644485015595,1.2203551225109521e-08,1e-05,1,cost,1.15267276556974e-08,4.93955266031659,0.07141604015131113,0.3916600173438961,0.10794473910849166,0.6529741230779473,0.10899658679450942,f8f01f808993cae8e88f928fd934147a31bfd95382d6d7d9119d1d783fca5bbf
series_std_int64_p0,2,33,1,3.3098414548405137,5.0,0.17204107633545337,1607.671578741811,1.569094437714469e-10,1e-05,1,cost,1.5686460463903984e-10,2.872998302525655,0.042058649405336386,0.21922585914201234,0.15205130888202384,117.88161105253184,0.21523365442027134,f8f01f808993cae8e88f928fd934147a31bfd95382d6d7d9119d1d783fca5bbf
series_std_int64_p0,2,34,1,2.394925879971288,0.11918732344438761,0.266901408933061,1638.7917921427459,1.031647357818688e-09,1e-05,1,cost,1.1914787489963885e-09,2.255131720202789,0.03253319788635471,0.27991482572253246,0.06198935455350178,2.663560030610392,0.04649063069767899,f8f01f808993cae8e88f928fd934147a31bfd95382d6d7d9119d1d783fca5bbf
series_std_int64_p0,2,35,1,3.6959340590520284,0.022149793130516043,0.5159706363550725,1625.54716309765,3.570440412770104e-08,1e-05,1,cost,0.011059353286668232,3.971425361147362,0.06718063850997594,0.4947296269094528,0.06936836955076077,0.6702949894227795,0.042934581416340434,f8f01f808993cae8e88f928fd934147a31bfd95382d6d7d9119d1d783fca5bbf
series_std_int64_p0,2,36,1,2.4915210105328875,0.03146425723277543,0.2856672670511358,1654.434396171517,2.1084318804764912e-09,1e-05,1,cost,0.004854348580470281,2.507316024312086,0.04027295060774383,0.2833794578627076,0.006299570387634728,0.2187248076448272,0.008073306391660368,f8f01f808993cae8e88f928fd934147a31bfd95382d6d7d9119d1d783fca5bbf
series_std_int64_p0,2,37,1,2.8177048058224576,0.0481558338628126,0.2561503653332182,1585.6103997132927,3.852116819968998e-10,1e-05,1,cost,9.235443976240987e-08,2.7606918980411512,0.0431347658306865,0.2605392393613692,0.02065167352494493,0.11640420286121193,0.016845347514289694,f8f01f808993cae8e88f928fd934147a31bfd95382d6d7d9119d1d783fca5bbf
series_std_int64_p0,2,38,1,5.637756716929912,0.09874124155261056,0.3217505792133672,1623.7617156088295,7.0181638278654646e-12,1e-05,1,cost,7.977035698658597e-12,7.722349518094632,0.1541944812188371,0.231102854340336,0.2699428193816149,0.35963180541802764,0.39223974594246197,f8f01f808993cae8e88f928fd934147a31bfd95382d6d7d9119d1d783fca5bbf
series_std_int64_p0,2,39,0,5.1417887086306555,0.0588168072129783,0.3293945385993282,1604.7403243144265,1.3978485036147958e-11,1e-05,1,cost,2.0256768484827603e-11,5.509567699876662,0.06979918281220308,0.30562941494126494,0.06675278556868258,0.15734246672734284,0.07775797255192335,f8f01f808993cae8e88f928fd934147a31bfd95382d6d7d9119d1d783fca5bbf
series_std_int64_p0,2,40,1,5.164108428420721,0.017565405045777797,0.31653599016614486,1690.3628784336247,1.2373984184521625e-07,1e-05,1,cost,2.3066654764036798e-07,5.445956081392742,0.10296424252062854,0.2940665168354542,0.051753567006354174,0.8294028624329595,0.07640949256138373,f8f01f808993cae8e88f928fd934147a31bfd95382d6d7d9119d1d783fca5bbf
series_std_int64_p0,2,41,1,5.061425824369471,0.21151634833710314,0.4163634509855533,1614.1158821869085,2.771152751712691e-11,1e-05,1,cost,2.772079787938253e-11,4.4531909644451115,0.0675965068134128,0.4706783803103183,0.13658405057869522,2.1291017584821876,0.11539711955530052,f8f01f808993cae8e88f928fd934147a31bfd95382d6d7d9119d1d783fca5bbf
series_std_int64_p0,2,42,1,5.7557149065075315,0.07557780035217693,0.32035283361070505,1650.3154729011144,3.9404035589996056e-12,1e-05,1,cost,4.260647390452732e-12,7.478484552592423,0.11540053832540341,0.24705852606476625,0.23036346922555215,0.3450827747521885,0.2966677925000036,f8f01f808993cae8e88f928fd934147a31bfd95382d6d7d9119d1d783fca5bbf
series_std_int64_p0,2,43,0,3.465097399542565,0.15193319438823652,0.36267852168155057,1573.62099248263,1.732512466823266e-10,1e-05,1,cost,1.7426357579175544e-10,3.578326899148464,0.0658223595917612,0.351469067370809,0.03164314015939801,1.3082307491032812,0.03189314608706457,f8f01f808993cae8e88f928fd934147a31bfd95382d6d7d9119d1d783fca5bbf
series_std_int64_p0,2,44,1,5.060494200403139,0.2042930375106774,0.5773079548997366,1615.5746413301108,7.36955496627445e-11,1e-05,1,cost,6.807127084229592e-11,5.38911647441996,0.07194797850978223,0.553572687461874,0.060978877628023655,1.8394548636679375,0.04287651463927633,f8f01f808993cae8e88f928fd934147a31bfd95382d6d7d9119d1d783fca5bbf
series_std_int64_p0,2,45,1,2.5684127451984553,0.010005065533308564,0.5263471968273095,1671.691511236525,1.6830214981389258e-07,1e-05,1,cost,8.716450355297084e-07,2.435977010148009,0.030401536746959706,0.5537136735337367,0.05436657837850433,0.6709026383572825,0.04942351618622226,f8f01f808993cae8e88f928fd934147a31bfd95382d6d7d9119d1d783fca5bbf
series_std_int64_p0,2,46,1,4.789308883080451,0.05897552435663116,0.5301853864483368,1523.6036375165152,4.6542242282399116e-11,1e-05,1,cost,4.477532233870818e-11,5.24745352459786,0.07518006364244334,0.4926213246166442,0.08730799412892747,0.21554303761807161,0.07625342216138284,f8f01f808993cae8e88f928fd934147a31bfd95382d6d7d9119d1d783fca5bbf
series_std_int64_p0,2,47,1,6.238354435896745,0.09378000642440053,0.2510976475202667,1615.2145263002917,2.9478086638334844e-12,1e-05,1,cost,2.9503344212145066e-12,6.235435168539178,0.10931944820270544,0.255586898839165,0.0004681737968018301,0.14214709307250545,0.017564481353652274,f8f01f808993cae8e88f928fd934147a31bfd95382d6d7d9119d1d783fca5bbf
series_std_int64_p0,2,48,1,2.285668985536395,0.003910825233765386,0.3667827926313635,1584.6081035876543,1.454337431858188e-06,1e-05,1,cost,2.5553818465418043e-07,2.3616227262577034,0.039702016097373095,0.34673504295579477,0.03216167420681413,0.9014955506497779,0.057818643032641504,f8f01f808993cae8e88f928fd934147a31bfd95382d6d7d9119d1d783fca5bbf
series_std_int64_p0,2,49,1,3.27176071127652,0.005379984098122759,0.4141087628200915,1590.921538622024,2.219631891193369e-06,1e-05,1,cost,0.03570824573474155,3.4912425921675503,0.06091226748328085,0.3878479994152928,0.06286640790400196,0.9116765091760958,0.0677089051494106,f8f01f808993cae8e88f928fd934147a31bfd95382d6d7d9119d1d783fca5bbf
series_std_int64_p0,2,50,1,7.784437239291649,0.058726726580814785,0.48393157501965317,1603.7503982236312,4.078481996572236e-11,1e-05,1,cost,6.8958727617030036e-12,7.59743837053228,0.09387293013391272,0.5005074887871079,0.024613410420632094,0.37440190162340475,0.03311821329112094,f8f01f808993cae8e88f928fd934147a31bfd95382d6d7d9119d1d783fca5bbf
series_std_int64_p0,2,51,1,6.425555868606673,0.026219163792078386,0.542225918258612,1628.294031802305,2.2518706677132627e-08,1e-05,1,cost,1.3118361397168599e-09,6.979097570643039,0.1051494637514872,0.5115988098844231,0.07931422314036568,0.7506486209568752,0.05986548010365385,f8f01f808993cae8e88f928fd934147a31bfd95382d6d7d9119d1d783fca5bbf
series_std_int64_p0,2,52,1,5.697029440904422,0.5542422143130344,0.30482310492558484,1627.1062261011284,7.335326790425256e-12,1e-05,1,cost,7.331912854624534e-12,5.509235420487406,0.09835789453803442,0.32164448690800906,0.03408712935349595,4.634954031053524,0.052298057846815106,f8f01f808993cae8e88f928fd934147a31bfd95382d6d7d9119d1d783fca5bbf
series_std_int64_p0,2,53,1,4.091962331090358,0.02334954342199727,0.4545044954540029,1640.9862816752068,8.703246123786812e-09,1e-05,1,cost,9.286709401479243e-09,4.71383468287713,0.06165066926811518,0.3979664257371076,0.13192493874375896,0.621260503751363,0.1420674359958288,f8f01f808993cae8e88f928fd934147a31bfd95382d6d7d9119d1d783fca5bbf
series_std_int64_p0,2,54,1,2.750307229573102,0.13373015599488192,0.4208092220381325,1610.1395063297844,1.891182821456283e-09,1e-05,1,cost,1.6865826860112954e-09,2.359210129402468,0.035993349575428414,0.47003555581010487,0.16577459349485327,2.7154129185624756,0.10472895755116003,f8f01f808993cae8e88f928fd934147a31bfd95382d6d7d9119d1d783fca5bbf
series_std_int64_p0,2,55,1,2.0726473543640256,0.0036457316729786686,0.42909735276222677,1596.1632182530955,1.5224501391398332e-06,1e-05,1,cost,0.010922636940504072,2.855986092254814,0.04331671577790046,0.33573590634691164,0.2742796052176637,0.9158354550314576,0.27808001661533915,f8f01f808993cae8e88f928fd934147a31bfd95382d6d7d9119d1d783fca5bbf
series_std_int64_p0,2,56,1,8.17266888821546,0.3135892928642343,0.5447849409444783,1578.2029946397656,1.3616885397027545e-12,1e-05,1,cost,1.3750667271494876e-12,7.933316968748333,0.12499547659704575,0.5644347047626578,0.030170472251393077,1.5088051296061538,0.03481317440684684,f8f01f808993cae8e88f928fd934147a31bfd95382d6d7d9119d1d783fca5bbf
series_std_int64_p0,2,57,1,4.816772789073517,0.04440227654083021,0.22589963331309076,1681.3177083114288,1.682830957916437e-11,1e-05,1,cost,1.6819684534041812e-11,5.016845945286321,0.06632867624033945,0.21687067677481286,0.039880267083103674,0.3305719477961501,0.041632906175015506,f8f01f808993cae8e88f928fd934147a31bfd95382d6d7d9119d1d783fca5bbf
series_std_int64_p0,2,58,1,2.0384638562717368,0.03241061351133347,0.455400188626524,1665.7148669731096,1.2181658806675877e-08,1e-05,1,cost,0.019617155656376953,2.115273202214496,0.03613373197897098,0.4359017318188455,0.0363117850981835,0.10303719720410504,0.044731313010203305,f8f01f808993cae8e88f928fd934147a31bfd95382d6d7d9119d1d783fca5bbf
series_std_int64_p0,2,59,1,8.106687685502633,0.10261497211422521,0.5130715456441898,1622.795964155494,1.839972618711272e-12,1e-05,1,cost,1.8213763830488006e-12,7.89161531566454,0.0983212592498911,0.5238636652478534,0.027253275943542713,0.043670238736683645,0.020601008085868358,f8f01f808993cae8e88f928fd934147a31bfd95382d6d7d9119d1d783fca5bbf
series_std_int64_p0,2,60,1,6.7072778601059335,0.1137841149238026,0.5727104164272225,1648.8925840112938,7.975398119697275e-12,1e-05,1,cost,7.215394948190124e-12,6.603773514207141,0.10598162292546066,0.5838829777343715,0.01567351540389998,0.0736211786814173,0.01913493239775818,f8f01f808993cae8e88f928fd934147a31bfd95382d6d7d9119d1d783fca5bbf
series_std_int64_p0,2,61,1,3.6458884511204355,0.008592822923334282,0.46050920164017545,1680.9731710516774,3.992932189056386e-07,1e-05,1,cost,3.3300572085948055e-07,3.918395316136757,0.053134138132709625,0.4339665732710274,0.06954552642865877,0.8382805626418075,0.061162840651718245,f8f01f808993cae8e88f928fd934147a31bfd95382d6d7d9119d1d783fca5bbf
series_std_int64_p0,2,62,1,2.123991307152328,0.033759139556984945,0.39784031182910085,1590.9873972667613,5.222814514205254e-09,1e-05,1,cost,0.010629255951719764,2.078511023959135,0.04006140014157583,0.41301836929591507,0.021881184496468413,0.15731503547851247,0.03674910995529985,f8f01f808993cae8e88f928fd934147a31bfd95382d6d7d9119d1d783fca5bbf
series_std_int64_p0,2,63,1,2.8081724597774387,1.444454690154985,0.37758682026758045,1548.8023779654477,4.693186117510351e-10,1e-05,1,cost,4.69297101179933e-10,2.6137550277916004,0.04752445333866216,0.40444406575653136,0.07438242295801699,29.39392541481146,0.06640533948424533,f8f01f808993cae8e88f928fd934147a31bfd95382d6d7d9119d1d783fca5bbf
series_std_int64_p0,2,64,1,5.892513216012935,0.014504844761676064,0.2516504123661627,1632.980404924912,6.304613497931655e-08,1e-05,1,cost,6.272742347768201e-08,5.860368252397157,0.0860479582779752,0.24783542849983065,0.005485143975829379,0.8314330165183162,0.015393214317357627,f8f01f808993cae8e88f928fd934147a31bfd95382d6d7d9119d1d783fca5bbf
series_std_int64_p0,2,65,1,4.265501453088494,0.01319934253366256,0.3933157883448639,1586.2799939051106,1.0340846784417934e-07,1e-05,1,cost,0.01044550657582738,4.30400773568873,0.06013904754071456,0.3849879814744761,0.00894661091822452,0.780519594615686,0.02163134246033581,f8f01f808993cae8e88f928fd934147a31bfd95382d6d7d9119d1d783fca5bbf
series_std_int64_p0,2,66,1,4.072645516498565,0.021202268062018147,0.5412201415798565,1550.1670037002773,5.296020105793886e-08,1e-05,1,cost,5.4566965723701344e-08,4.318348807741663,0.0696148764751192,0.5222439031398431,0.05689750925229025,0.6954348102650735,0.036335969316107185,f8f01f808993cae8e88f928fd934147a31bfd95382d6d7d9119d1d783fca5bbf
series_std_int64_p0,2,67,1,4.0640807057696104,0.032828631303249596,0.3308164662099491,1594.3234039365743,3.8896030840618323e-10,1e-05,1,cost,2.852025837718486e-10,3.960109834459873,0.05446496730124102,0.34712685755406425,0.026254542337439582,0.3972523453162603,0.04698683201594349,f8f01f808993cae8e88f928fd934147a31bfd95382d6d7d9119d1d783fca5bbf
series_std_int64_p0,2,68,0,3.9232965139602847,0.009493168177071284,0.32246666871728297,1703.7274423976878,3.654386838969348e-07,1e-05,1,cost,4.001393320296476e-07,4.125198537854926,0.06517888389637731,0.30870120331280154,0.04894358951257387,0.8543520905917366,0.044591550848388235,f8f01f808993cae8e88f928fd934147a31bfd95382d6d7d9119d1d783fca5bbf
series_std_int64_p0,2,69,1,3.9515470157391763,0.0067192354630102825,0.5018977599003281,1621.936715108016,1.5355253178972461e-06,1e-05,1,cost,1.5355253178972461e-06,3.98556651662461,0.06486902888517804,0.5008875673607459,0.008535675102530981,0.8964184360628595,0.0020168049786204395,f8f01f808993cae8e88f928fd934147a31bfd95382d6d7d9119d1d783fca5bbf
series_std_int64_p0,2,70,1,7.716639408050141,0.04737273880386779,0.4968807720505472,1608.4606894990861,1.837724417086406e-10,1e-05,1,cost,7.102951560256088e-11,7.891559196280233,0.09356397053860316,0.48752392280374107,0.022165428133966495,0.49368610020325643,0.019192595089477998,f8f01f808993cae8e88f928fd934147a31bfd95382d6d7d9119d1d783fca5bbf
series_std_int64_p0,2,71,1,6.887632120559818,0.05036354740490505,0.48656792044741687,1569.0644807077508,4.033439138240169e-10,1e-05,1,cost,1.7429417908942924e-09,6.916515443621282,0.10275469519295186,0.49651413371788505,0.004175993431504837,0.509866217691242,0.020032084879419636,f8f01f808993cae8e88f928fd934147a31bfd95382d6d7d9119d1d783fca5bbf
series_std_int64_p0,2,72,1,5.9535904040716146,0.256864504777394,0.3804505050495797,1581.8620706139343,6.055961287998457e-12,1e-05,1,cost,6.06292793747798e-12,5.806770596147759,0.10944570523234433,0.395861478749134,0.02528424457154492,1.346958286139155,0.03893021808601024,f8f01f808993cae8e88f928fd934147a31bfd95382d6d7d9119d1d783fca5bbf
series_std_int64_p0,2,73,1,5.374834695005943,0.08255799969970647,0.24550108911201005,1681.761766216976,8.185757627288126e-12,1e-05,1,cost,8.191239353472213e-12,5.499298916315833,0.09796057576842863,0.23441611969975687,0.022632743410367667,0.15723239627677046,0.047287573168820235,f8f01f808993cae8e88f928fd934147a31bfd95382d6d7d9119d1d783fca5bbf
series_std_int64_p0,2,74,1,6.505095769615065,0.05122311905440255,0.2796693231066326,1606.2295792076507,3.565157613572012e-10,1e-05,1,cost,3.566409667588033e-10,6.778536214374777,0.11849103027356377,0.26247121425960335,0.04033915820643491,0.5677046698290815,0.06552379046800566,f8f01f808993cae8e88f928fd934147a31bfd95382d6d7d9119d1d783fca5bbf
series_std_int64_p0,2,75,1,3.697536762191144,3.389721351222824,0.3617257582526372,1578.2766760642469,1.2772191637644426e-10,1e-05,1,cost,1.2766351864534897e-10,3.8274040190471252,0.0693656600294252,0.3599723718133179,0.03393089838692107,47.86742733774739,0.004870891703401558,f8f01f808993cae8e88f928fd934147a31bfd95382d6d7d9119d1d783fca5bbf
series_std_int64_p0,2,76,1,5.377861162890369,0.07782561038753825,0.2082762522645594,1608.895040708272,1.4007711657271216e-11,1e-05,1,cost,1.3995291037183222e-11,5.517071424189092,0.10416267828701709,0.20492231292761673,0.0252326371357762,0.2528455328971846,0.01636688210779349,f8f01f808993cae8e88f928fd934147a31bfd95382d6d7d9119d1d783fca5bbf
series_std_int64_p0,2,77,1,3.9980272452157033,0.002785415903154712,0.2370426275509462,1617.4501176120348,2.273315739265147e-06,1e-05,1,cost,0.0036993435001993306,3.983292316771837,0.050699406944366594,0.23196580657460686,0.0036991833066893887,0.9450601876623291,0.021886074725011254,f8f01f808993cae8e88f928fd934147a31bfd95382d6d7d9119d1d783fca5bbf
series_std_int64_p0,2,78,1,6.464355518104216,0.1090691374193008,0.5820217687991802,1610.932650804596,1.6512902156762266e-11,1e-05,1,cost,1.552694084416828e-11,6.3229683487339265,0.08029791300093413,0.5974137776629855,0.022360885200160746,0.35830600501450105,0.02576440222724206,f8f01f808993cae8e88f928fd934147a31bfd95382d6d7d9119d1d783fca5bbf
series_std_int64_p0,2,79,1,5.891025036990574,0.11607824898703357,0.338424440525188,1557.7410858820588,9.114820009870073e-12,1e-05,1,cost,9.107298248878237e-12,5.919829092989421,0.07743150161903066,0.33786641829695924,0.004865690469503217,0.4991088453656508,0.0016516060727239867,f8f01f808993cae8e88f928fd934147a31bfd95382d6d7d9119d1d783fca5bbf
series_std_int64_p0,2,80,1,4.720322163781246,0.26160699119083525,0.2162900203345977,1577.3633287910206,1.1730116877828323e-11,1e-05,1,cost,1.1725329041034627e-11,4.120329247243738,0.06080036003598005,0.26234637432696306,0.14561771172506857,3.302721086454474,0.1755555193416364,f8f01f808993cae8e88f928fd934147a31bfd95382d6d7d9119d1d783fca5bbf
series_std_int64_p0,2,81,1,3.5122550011557205,0.007897760055259377,0.5671850738088805,1558.3222478883922,0.00019676309768451583,1e-05,0,cost,0.02465258133391649,4.2987771643799375,0.07661895058315665,0.4781109708063665,0.18296416239981264,0.8969215840839829,0.18630424408016513,f8f01f808993cae8e88f928fd934147a31bfd95382d6d7d9119d1d783fca5bbf
series_std_int64_p0,2,82,1,5.663468348634343,0.09040142507640839,0.31756192665945837,1643.1947416336568,6.972478150402139e-12,1e-05,1,cost,6.665473728517668e-12,7.297137205367871,0.1326341961491499,0.24484334366313157,0.22387805118036977,0.31841540340961455,0.29700044897433225,f8f01f808993cae8e88f928fd934147a31bfd95382d6d7d9119d1d783fca5bbf
series_std_int64_p0,2,83,1,2.2619426038579076,0.0001,0.28621739012023384,2669.7293136531607,0.0065634784363081695,1e-05,0,cost,0.0065634784363081695,2.0048344718429023,0.025003378984462622,0.2825060099314001,0.12824406983518394,0.9960005405644516,0.013137349501820982,f8f01f808993cae8e88f928fd934147a31bfd95382d6d7d9119d1d783fca5bbf
series_std_int64_p0,2,84,1,2.323695061641075,0.04671252776503826,0.325311573111622,1571.7532374909345,2.3632104675930243e-09,1e-05,1,cost,1.9113882004928584e-09,2.18459219795674,0.034195329948470965,0.34678401588261654,0.06367452186931666,0.3660499207181066,0.06191877880052801,f8f01f808993cae8e88f928fd934147a31bfd95382d6d7d9119d1d783fca5bbf
series_std_int64_p0,2,85,1,6.752212637600157,0.10451693240447367,0.5332655047363983,1602.271047598319,1.1056766613393165e-11,1e-05,1,cost,1.0801970429241692e-11,6.758238014203197,0.08053032273380695,0.5372921318982486,0.0008915602839641739,0.29785810929821405,0.007494297650747789,f8f01f808993cae8e88f928fd934147a31bfd95382d6d7d9119d1d783fca5bbf
series_std_int64_p0,2,86,1,4.9993355565104824,0.07405055510686145,0.4920917894612075,1597.6882133290537,3.6204816922236205e-11,1e-05,1,cost,3.620287403194311e-11,4.977864183715684,0.06792156164271182,0.49410833496124434,0.0043133705545922475,0.09023634492372266,0.004081180901744948,f8f01f808993cae8e88f928fd934147a31bfd95382d6d7d9119d1d783fca5bbf
series_std_int64_p0,2,87,1,0.2981461631155284,0.0004935711479488782,1.5457297105694001,3797.321564473874,0.02692868566719927,1e-05,0,cost,0.021724521506329093,2.0436555763278843,0.03232738281035807,0.39542561525755704,0.8541113450969813,0.9847321030952516,2.90902776888291,f8f01f808993cae8e88f928fd934147a31bfd95382d6d7d9119d1d783fca5bbf
series_std_int64_p0,2,88,1,6.38232035312647,0.07197820983396847,0.4276843989068853,1573.2370548812341,4.58183491147679e-11,1e-05,1,cost,3.3765990004042123e-11,6.556237870739479,0.1096260246672722,0.42053822586084577,0.026527029836608505,0.34342041451899086,0.016992921467272694,f8f01f808993cae8e88f928fd934147a31bfd95382d6d7d9119d1d783fca5bbf
series_std_int64_p0,2,89,1,3.437719420236209,0.690075239993803,0.2008881607736993,1522.989914411965,1.3170457086042475e-10,1e-05,1,cost,1.3170279450358535e-10,3.179887016316008,0.05040254349060129,0.2189759228820353,0.08108225311064897,12.691278102314092,0.0826016023600917,f8f01f808993cae8e88f928fd934147a31bfd95382d6d7d9119d1d783fca5bbf
series_std_int64_p0,2,90,1,6.785195260411746,0.013728793919964956,0.21277772608138734,1552.0691490543943,9.777628059981502e-08,1e-05,1,cost,2.1514793026589096e-06,7.024097145121941,0.09808284877634033,0.20929773514846606,0.03401175692396374,0.8600285973415096,0.016626988010418463,f8f01f808993cae8e88f928fd934147a31bfd95382d6d7d9119d1d783fca5bbf
series_std_int64_p0,2,91,1,3.264850141095165,0.11504854960314002,0.4658245036148061,1639.249881208092,5.027163962889603e-10,1e-05,1,cost,5.02724140094557e-10,3.3089077635513595,0.051096641027234026,0.46596508857819763,0.013314853602600506,1.2515873311871955,0.0003017070738507475,f8f01f808993cae8e88f928fd934147a31bfd95382d6d7d9119d1d783fca5bbf
series_std_int64_p0,2,92,1,5.820864102343769,0.05389061147265909,0.5795241380634576,1613.0338475729202,5.1279147594840424e-11,1e-05,1,cost,5.132469449442567e-11,6.465762049666184,0.07194816726220786,0.537722915434959,0.0997404393122864,0.2509800662988374,0.07773747673499463,f8f01f808993cae8e88f928fd934147a31bfd95382d6d7d9119d1d783fca5bbf
series_std_int64_p0,2,93,1,3.2893784601036735,0.044896602098605756,0.16631769676463282,1565.8617855925906,1.6049142570473407e-10,1e-05,1,cost,0.003102574148420768,2.689240135630288,0.04467020986058792,0.2093673522102363,0.2231627873323884,0.00506808091397791,0.20561780521719147,f8f01f808993cae8e88f928fd934147a31bfd95382d6d7d9119d1d783fca5bbf
series_std_int64_p0,2,94,1,3.5389534649954815,0.042541064728422485,0.38287998503009735,1654.2952648352466,3.652641245022181e-10,1e-05,1,cost,3.6541941694778757e-10,3.603592833085251,0.059533884825332756,0.3707900263510714,0.017937478256784028,0.2854310641203027,0.032605943579450396,f8f01f808993cae8e88f928fd934147a31bfd95382d6d7d9119d1d783fca5bbf
series_std_int64_p0,2,95,1,4.620676857059195,0.22541801610981357,0.4350068518961714,1737.0119265176422,4.606634518289354e-11,1e-05,1,cost,4.6074893900183156e-11,4.205518776284162,0.07086674766082877,0.4755993518971609,0.09871744792014717,2.180871474286836,0.08535020041357595,f8f01f808993cae8e88f928fd934147a31bfd95382d6d7d9119d1d783fca5bbf
series_std_int64_p0,2,96,1,7.4982509130571104,0.06694219639029242,0.2229618645652768,1628.4312582494977,2.032790602513046e-11,1e-05,1,cost,5.330128005631707e-11,7.300581750315821,0.11729542339653341,0.230879937588238,0.02707580977813694,0.42928552153322247,0.03429519734660811,f8f01f808993cae8e88f928fd934147a31bfd95382d6d7d9119d1d783fca5bbf
series_std_int64_p0,2,97,1,5.757766800715947,0.07626388173572626,0.5189684002378462,1564.037511279547,6.95669077899197e-11,1e-05,1,cost,4.714589829646343e-11,5.502566541404262,0.10732570423591183,0.5416916139421768,0.04637840494820403,0.28941643310263127,0.041948616370413694,f8f01f808993cae8e88f928fd934147a31bfd95382d6d7d9119d1d783fca5bbf
series_std_int64_p0,2,98,0,4.632493065216741,0.04966600875922704,0.29806629753363245,1684.7664838117416,4.440980916342596e-11,1e-05,1,cost,2.0710128056933286e-11,4.96076752074282,0.06496530279343189,0.2778631535794055,0.06617412611121998,0.23549946473506836,0.0727089709231759,f8f01f808993cae8e88f928fd934147a31bfd95382d6d7d9119d1d783fca5bbf
series_std_int64_p0,2,99,1,6.426237482823901,0.05916889451441821,0.4871205802643727,1630.7425127625952,2.184929459581042e-10,1e-05,1,cost,7.17100823166561e-11,5.689548746736849,0.09080661170656715,0.5410919621310958,0.12948104830098678,0.34840763902063854,0.0997453032829323,f8f01f808993cae8e88f928fd934147a31bfd95382d6d7d9119d1d783fca5bbf
series_std_int64_p0,2,100,1,4.082966285318686,0.006446722855536883,0.6032912633139024,1589.3090556240256,0.0007118436136296438,1e-05,0,cost,0.00145940295307102,4.509400713433751,0.07123051135205746,0.5552830397428754,0.09456565411113128,0.9094949238301282,0.08645721215122515,f8f01f808993cae8e88f928fd934147a31bfd95382d6d7d9119d1d783fca5bbf
series_std_int64_p0,2,101,1,2.433392674358235,0.27374582679263526,0.35553048373581725,1653.1829462380956,2.5477743803570263e-09,1e-05,1,cost,2.706557554466027e-09,2.6431933362204036,0.0390608948833079,0.35003265876306755,0.07937393719453381,6.008181138973765,0.015706605755524954,f8f01f808993cae8e88f928fd934147a31bfd95382d6d7d9119d1d783fca5bbf
series_std_int64_p0,2,102,1,7.102073099167721,0.07126437363010099,0.4369261408600593,1722.797795469922,3.7902181393434375e-11,1e-05,1,cost,1.6621759524326762e-11,7.094404883718467,0.1195485133432284,0.43894317154887624,0.001080882128232094,0.403887412422284,0.004595197783119693,f8f01f808993cae8e88f928fd934147a31bfd95382d6d7d9119d1d783fca5bbf
series_std_int64_p0,2,103,1,4.548821907568659,0.008364866297733912,0.24789917987080845,1642.0348163080419,4.811458945291891e-07,1e-05,1,cost,0.006708793233259809,4.667109458702844,0.07298968460196487,0.2397068399921524,0.02534492755759393,0.8853965961991739,0.034176496085486174,f8f01f808993cae8e88f928fd934147a31bfd95382d6d7d9119d1d783fca5bbf
series_std_int64_p0,2,104,1,7.988187329668036,0.06575229406446317,0.43435412583024013,1521.1686969690181,6.048872513986225e-11,1e-05,1,cost,1.2529977055919517e-11,7.923060203441778,0.1167498441691765,0.44173274679668617,0.008219945898930194,0.4368104340320597,0.016703812474745398,f8f01f808993cae8e88f928fd934147a31bfd95382d6d7d9119d1d783fca5bbf
series_std_int64_p0,2,105,1,3.249220185063116,0.1308405111658705,0.42508428613514515,1547.4536055603526,4.871079650747845e-10,1e-05,1,cost,5.077964992938888e-10,2.6679620930701304,0.02861401843329752,0.5139779183114304,0.21786594850907678,3.5726017640924628,0.1729522397933497,f8f01f808993cae8e88f928fd934147a31bfd95382d6d7d9119d1d783fca5bbf
series_std_int64_p0,2,106,1,2.1018329774449183,0.16121705118460788,0.5436018901006201,1635.8604936659328,3.2158134738446975e-08,1e-05,1,cost,4.565770977960071e-08,2.0726381744995432,0.029752945992968224,0.5631850147739523,0.014085817440096298,4.418523974826214,0.03477209826186938,f8f01f808993cae8e88f928fd934147a31bfd95382d6d7d9119d1d783fca5bbf
series_std_int64_p0,2,107,1,8.048707182726293,0.01506188445552522,0.20575890253313164,1530.7213544742135,6.591964210600487e-08,1e-05,1,cost,0.007886435763728694,7.792544338949571,0.10792446978417775,0.21746806224387352,0.03287281183583905,0.86044050542342,0.05384312339901648,f8f01f808993cae8e88f928fd934147a31bfd95382d6d7d9119d1d783fca5bbf
series_std_int64_p0,2,108,1,7.660151552266356,0.03427283337678115,0.21078772151677463,1448.4624233121954,4.415700027848857e-09,1e-05,1,cost,0.005830127434570763,7.312819377415955,0.12910119319141405,0.22060188814428594,0.04749634264495319,0.7345273693484308,0.0444881352107571,f8f01f808993cae8e88f928fd934147a31bfd95382d6d7d9119d1d783fca5bbf
series_std_int64_p0,2,109,0,3.081436811513556,0.0001,0.2954041219017043,3676.3038885883534,0.008306403628091397,1e-05,0,cost,0.004299841828593503,2.765834186081775,0.044318505882354364,0.2841061639041478,0.11410757268818068,0.997743606242831,0.03976667680243724,f8f01f808993cae8e88f928fd934147a31bfd95382d6d7d9119d1d783fca5bbf
series_std_int64_p0,2,110,1,6.203745289127357,0.04348564777907909,0.4617118481982369,1572.7921720716977,5.72835057166543e-10,1e-05,1,cost,9.354828023333539e-11,6.766974318948115,0.09625628553592346,0.4256444363657461,0.08323203299939648,0.5482305645084344,0.08473601144758985,f8f01f808993cae8e88f928fd934147a31bfd95382d6d7d9119d1d783fca5bbf
series_std_int64_p0,2,111,1,6.248228597163973,0.03222337496452419,0.23557641824300568,1610.268358236533,1.8654526534600535e-09,1e-05,1,cost,1.8466900786329177e-09,6.468202162720069,0.09161355505511073,0.22843735995870046,0.0340084555216795,0.6482684800831056,0.03125171069038753,f8f01f808993cae8e88f928fd934147a31bfd95382d6d7d9119d1d783fca5bbf
series_std_int64_p0,2,112,1,3.1715706251839753,0.016209750713977733,0.45233843587491324,1642.0319342940143,5.431090949192807e-08,1e-05,1,cost,5.687284972133444e-08,3.532123822320552,0.056959339160370194,0.4043686097457172,0.10207830055620722,0.7154154006538095,0.1186289562865954,f8f01f808993cae8e88f928fd934147a31bfd95382d6d7d9119d1d783fca5bbf
series_std_int64_p0,2,113,1,5.051009151834879,0.23850344311410732,0.3711328625746148,1565.5754226285671,1.9207690993283677e-11,1e-05,1,cost,1.919853165333052e-11,5.298736146451533,0.10148602641770942,0.3501443949160487,0.04675209102128088,1.3501111584805157,0.05994232083480398,f8f01f808993cae8e88f928fd934147a31bfd95382d6d7d9119d1d783fca5bbf
series_std_int64_p0,2,114,1,2.347607562025808,0.016741513928699846,0.5200478799599688,1525.5660870543675,4.5272027821008365e-08,1e-05,1,cost,7.25345855004389e-07,2.31445655889359,0.02951513391625971,0.5184987408832046,0.014323450144195319,0.4327820440795274,0.002987739322424301,f8f01f808993cae8e88f928fd934147a31bfd95382d6d7d9119d1d783fca5bbf
series_std_int64_p0,2,115,1,6.023783952551017,0.07077850755194645,0.5498030020651768,1627.1885829964672,4.777833684244115e-11,1e-05,1,cost,1.3349377159244113e-11,6.058601727440957,0.09256306730545974,0.5678940176841119,0.00574683342069532,0.2353482915775021,0.03185632363712984,f8f01f808993cae8e88f928fd934147a31bfd95382d6d7d9119d1d783fca5bbf
series_std_int64_p0,2,116,1,2.627775802521978,0.045752467186130366,0.35422153052317534,1613.246749185416,1.5382284196396867e-09,1e-05,1,cost,0.00938074541580828,2.1936616653699543,0.04063309900284778,0.4248898245856302,0.197894754694914,0.12599009942421055,0.16632145552408423,f8f01f808993cae8e88f928fd934147a31bfd95382d6d7d9119d1d783fca5bbf
series_std_int64_p0,2,117,1,4.645136013701273,0.06167539761231858,0.23319972854045135,1628.4960784741452,3.597486197826072e-11,1e-05,1,cost,3.59568902430496e-11,4.404988712572085,0.07642387246905477,0.2471344552601901,0.054517120655449995,0.19298256395876934,0.05638520417991849,f8f01f808993cae8e88f928fd934147a31bfd95382d6d7d9119d1d783fca5bbf
series_std_int64_p0,2,118,1,5.631076270901514,0.0748053715915591,0.3467251898699324,1555.975582703666,1.1796563725852138e-11,1e-05,1,cost,1.1781242648112311e-11,6.201589553715154,0.08668714829120873,0.31902863608594023,0.09199468585789682,0.13706503136699216,0.0868152593566279,f8f01f808993cae8e88f928fd934147a31bfd95382d6d7d9119d1d783fca5bbf
series_std_int64_p0,2,119,1,5.923331760470338,0.03040163704438705,0.3575692773144201,1633.3178892899386,3.022012778908234e-09,1e-05,1,cost,2.1711104025712302e-09,6.0227346560183275,0.09007548667244841,0.35198870976691643,0.016504611480543798,0.662487118665926,0.015854393600292147,f8f01f808993cae8e88f928fd934147a31bfd95382d6d7d9119d1d783fca5bbf
series_std_int64_p0,2,120,1,5.397228846516078,0.3264556672014828,0.39518788029402113,1643.417866751739,1.3908291185416033e-11,1e-05,1,cost,1.3901990669751285e-11,5.039796936447014,0.07071216342323781,0.4216405653581371,0.07092188724592705,3.6166833455162135,0.06273752394209825,f8f01f808993cae8e88f928fd934147a31bfd95382d6d7d9119d1d783fca5bbf
series_std_int64_p0,2,121,1,4.113909903296747,0.07560664527950765,0.4270099612069029,1594.6025196077655,8.79341044424109e-11,1e-05,1,cost,8.793932249062664e-11,4.368234665615803,0.07198330664624761,0.4006095374431297,0.05822140562203577,0.050335818151095245,0.0659006371447683,f8f01f808993cae8e88f928fd934147a31bfd95382d6d7d9119d1d783fca5bbf
series_std_int64_p0,2,122,1,2.631439832210482,0.011467392576279628,0.3777943990625191,1582.5151649963514,8.914081024713472e-08,1e-05,1,cost,1.3746844875206499e-06,2.6303477770796464,0.03953322325652485,0.3838528891139764,0.0004151751872325513,0.7099302401458761,0.015783364469241702,f8f01f808993cae8e88f928fd934147a31bfd95382d6d7d9119d1d783fca5bbf
series_std_int64_p0,2,123,1,5.324459134324292,0.4053471431922525,0.46437265518237,1590.3598291299836,2.477729132976947e-11,1e-05,1,cost,2.4766633188733067e-11,4.952751793906503,0.06971508201016255,0.502630472997827,0.07505066998816898,4.81433932951788,0.07611519768643725,f8f01f808993cae8e88f928fd934147a31bfd95382d6d7d9119d1d783fca5bbf
series_std_int64_p0,2,124,1,5.891919608346759,0.06428309415882115,0.5424732007450206,1694.070280322167,1.6668350033555157e-10,1e-05,1,cost,2.570650359245974e-10,5.952846842265256,0.09836865423370328,0.5577515603854013,0.010234974211987569,0.3465083500471806,0.02739276897732658,f8f01f808993cae8e88f928fd934147a31bfd95382d6d7d9119d1d783fca5bbf
series_std_int64_p0,2,125,0,4.413968284149443,0.03037434879486555,0.40772283970811957,1634.4713825839551,3.2455652054785844e-10,1e-05,1,cost,4.643205542276263e-10,4.439454984492341,0.050832701001735876,0.4134015859787176,0.0057409525340220745,0.402464394055545,0.013736633973364594,f8f01f808993cae8e88f928fd934147a31bfd95382d6d7d9119d1d783fca5bbf
series_std_int64_p0,2,126,1,6.049809085023233,0.05116928788588766,0.3905427435559908,1624.7599853735858,1.4326023700661494e-10,1e-05,1,cost,1.4589234820228114e-09,6.127274485029768,0.08537688278313814,0.3849646777429629,0.012642717442445247,0.4006657748812357,0.014489812015304707,f8f01f808993cae8e88f928fd934147a31bfd95382d6d7d9119d1d783fca5bbf
series_std_int64_p0,2,127,1,3.5841521157556517,0.0029427446630826623,0.3615533065368954,1661.9160790615315,0.002098926235050362,1e-05,0,cost,0.007354796913550819,3.436516165974801,0.05361325698768471,0.3671292771614686,0.04296093562503939,0.9451116229749178,0.01518803040630514,f8f01f808993cae8e88f928fd934147a31bfd95382d6d7d9119d1d783fca5bbf
series_std_int64_p0,3,0,1,9.67531675563945,0.004896200669607772,0.27381245417327515,5054.326514918462,0.020014471769410007,1e-05,0,cost,0.02269622866167789,7.66193324607077,0.12488383317490416,0.43349673090252455,0.26277747990054506,0.9607939591127822,0.3683632778424707,4e746550280c46a29e2fe1f87b4cb166ced2924c2efa66d38f4a023e6ee72403
series_std_int64_p0,3,1,1,7.769189543010116,0.25223620891215115,0.5054123572703986,1429.0693606118157,2.212452443473012e-12,1e-05,1,cost,2.1945223416253157e-12,7.107985503602176,0.11549221983094739,0.5423598261986978,0.09302270510721435,1.184010397248956,0.06812353560044702,4e746550280c46a29e2fe1f87b4cb166ced2924c2efa66d38f4a023e6ee72403
series_std_int64_p0,3,2,1,1.8862482721292577,0.03583855677266243,0.5369924734433051,1650.9800663502936,1.6047222442527875e-07,1e-05,1,cost,3.4520622896327957e-07,2.4331970156836236,0.034169598356260614,0.43532943072441654,0.22478604898366472,0.048843372374496305,0.23353128813210416,4e746550280c46a29e2fe1f87b4cb166ced2924c2efa66d38f4a023e6ee72403
series_std_int64_p0,3,3,1,4.139844821275632,0.12236685759693647,0.28380566410143304,1497.4123262030803,4.137123976732937e-11,1e-05,1,cost,4.1370892822634175e-11,3.7467846984055893,0.05336747045507642,0.309522998672487,0.10490598059645796,1.2929109540603434,0.08308699089034748,4e746550280c46a29e2fe1f87b4cb166ced2924c2efa66d38f4a023e6ee72403
series_std_int64_p0,3,4,1,2.7584365202516197,0.18473157951424193,0.3688060411751098,1557.410282439742,1.7885450065424635e-09,1e-05,1,cost,1.794743215155492e-09,2.5205070814098667,0.03852175628215398,0.4129453129711349,0.09439744906753651,3.795512908631914,0.10688890371086612,4e746550280c46a29e2fe1f87b4cb166ced2924c2efa66d38f4a023e6ee72403
series_std_int64_p0,3,5,1,3.799959323147493,0.006144707985743148,0.33758567187841576,1615.7453901645135,5.353007259956133e-07,1e-05,1,cost,0.03069903380770485,4.099439817456933,0.050781524716599497,0.3158350441039742,0.07305400436277677,0.8789971742669128,0.06886705000120612,4e746550280c46a29e2fe1f87b4cb166ced2924c2efa66d38f4a023e6ee72403
series_std_int64_p0,3,6,0,3.704116120765397,0.04685784573950919,0.25103627222624936,1593.0459768356686,1.0030956620887821e-10,1e-05,1,cost,4.521029384196851e-11,3.6780588679031005,0.04318808870759348,0.25698606285261066,0.007084512183773764,0.08497150815730539,0.023152191836075146,4e746550280c46a29e2fe1f87b4cb166ced2924c2efa66d38f4a023e6ee72403
series_std_int64_p0,3,7,1,2.1071850695608085,2.0165695314840915,0.6115047167620805,1571.2520608909965,6.580580157178328e-08,1e-05,1,cost,6.431667558259857e-08,2.2748718879631347,0.03589734399470002,0.5904684822246389,0.07371264258422432,55.176009338791836,0.03562634614837676,4e746550280c46a29e2fe1f87b4cb166ced2924c2efa66d38f4a023e6ee72403
series_std_int64_p0,3,8,0,3.5593838200893186,0.0077950554402094925,0.3222339346272358,1576.5338745006131,2.4614448897175567e-07,1e-05,1,cost,0.012288724355973793,3.7427791582228913,0.052888921934059634,0.3046354389473463,0.04899977540236453,0.8526145900661741,0.05776903613282918,4e746550280c46a29e2fe1f87b4cb166ced2924c2efa66d38f4a023e6ee72403
series_std_int64_p0,3,9,1,4.022828973670102,0.008877030318041072,0.5223641035168501,1543.7248838590945,4.742391750411912e-07,1e-05,1,cost,0.013073898618387139,4.364955469123513,0.057929897248945726,0.4851151432907607,0.07838029456967394,0.8467625399041662,0.07678375070588907,4e746550280c46a29e2fe1f87b4cb166ced2924c2efa66d38f4a023e6ee72403
series_std_int64_p0,3,10,1,2.637226819585526,0.03548863749680052,0.47013341197134095,1593.7000498325685,1.2345400812741048e-09,1e-05,1,cost,0.020789828270914933,2.929401115705847,0.046731200462293905,0.42512215510687656,0.09973857610480245,0.24057937425692055,0.10587840770883482,4e746550280c46a29e2fe1f87b4cb166ced2924c2efa66d38f4a023e6ee72403
series_std_int64_p0,3,11,1,1.1304257855629434,0.0727979705181936,0.6806137977458336,1491.899264069068,1.6582130948211704e-07,1e-05,1,cost,2.0257612186325158e-07,2.1409405384403595,0.03492888069643343,0.4318337315367098,0.47199571157336284,1.0841770210411286,0.5761015132463668,4e746550280c46a29e2fe1f87b4cb166ced2924c2efa66d38f4a023e6ee72403
series_std_int64_p0,3,12,1,4.059946020950577,0.1482329814064261,0.2560510481994115,1600.8236199465234,3.686999316965256e-11,1e-05,1,cost,3.686170119143739e-11,3.475443148520294,0.045625172275191035,0.3009554993155038,0.16818081823008424,2.248929790606592,0.1492062820524079,4e746550280c46a29e2fe1f87b4cb166ced2924c2efa66d38f4a023e6ee72403
series_std_int64_p0,3,13,1,4.590129627264762,0.12008681723572161,0.41854982548917424,1580.2122043696838,7.196362949990487e-11,1e-05,1,cost,7.195680162830342e-11,4.383492317785077,0.0620392302928347,0.4316979388115358,0.04713988174253181,0.9356593669665689,0.030456743339007577,4e746550280c46a29e2fe1f87b4cb166ced2924c2efa66d38f4a023e6ee72403
series_std_int64_p0,3,14,1,4.569058670980082,0.5459882373826624,0.5789443369566794,1675.8723674343787,1.010756756070208e-10,1e-05,1,cost,1.010447836513606e-10,4.535533312461739,0.08338125294791263,0.5857839200417314,0.007391712552574456,5.548093463212113,0.011675948845719092,4e746550280c46a29e2fe1f87b4cb166ced2924c2efa66d38f4a023e6ee72403
series_std_int64_p0,3,15,1,7.849055486776024,0.286881271616098,0.5226099775441719,1509.1473730046378,9.45632461224477e-13,1e-05,1,cost,9.176548410039231e-13,7.585962161890749,0.1114323971417409,0.54394349399187,0.03468160257995546,1.5744871238046496,0.039220096725739964,4e746550280c46a29e2fe1f87b4cb166ced2924c2efa66d38f4a023e6ee72403
series_std_int64_p0,3,16,1,6.392879939928958,0.12263906207764172,0.46910818171495083,1424.0721659838152,9.14340825275417e-12,1e-05,1,cost,8.385903083052426e-12,5.998593002273881,0.09471812069613306,0.4953306142413841,0.06572990324658054,0.29477930069033303,0.05293925263754151,4e746550280c46a29e2fe1f87b4cb166ced2924c2efa66d38f4a023e6ee72403
series_std_int64_p0,3,17,1,5.574652019913722,0.03310464039397107,0.5606527647302907,1544.9119109359772,1.1979185365884604e-08,1e-05,1,cost,0.004655493552858714,5.398943265384813,0.09075599991377564,0.57682677328866,0.03254502703435709,0.6352346905392181,0.028039628719306077,4e746550280c46a29e2fe1f87b4cb166ced2924c2efa66d38f4a023e6ee72403
series_std_int64_p0,3,18,1,3.949326011763793,0.45439092829260364,0.4588296089091317,1564.7580844278568,1.0424103247252958e-10,1e-05,1,cost,1.0423462093456237e-10,3.6592076967429334,0.0606610821392251,0.49343191961710314,0.07928446239307337,6.490649890645161,0.07012580526777104,4e746550280c46a29e2fe1f87b4cb166ced2924c2efa66d38f4a023e6ee72403
series_std_int64_p0,3,19,1,1.7690285267576202,0.005805872154486225,0.48252330745904065,1629.4755700057187,5.422847772634798e-07,1e-05,1,cost,5.422847772634798e-07,2.1590212139213847,0.03237531783345167,0.4086344011008533,0.1806340227919433,0.8206698020895619,0.18081910421426106,4e746550280c46a29e2fe1f87b4cb166ced2924c2efa66d38f4a023e6ee72403
series_std_int64_p0,3,20,0,2.8100381440309823,0.10793563989104189,0.28263199294643504,1694.4615934834833,3.2130838267807604e-10,1e-05,1,cost,8.249123745196485e-10,3.6644685576993385,0.06136582590169716,0.209893140687058,0.23316625595630514,0.7588884090624906,0.3465518311902706,4e746550280c46a29e2fe1f87b4cb166ced2924c2efa66d38f4a023e6ee72403
series_std_int64_p0,3,21,1,3.6346178232626385,0.004453937690988604,0.2642912391731359,1644.5266245194744,8.959110088663236e-07,1e-05,1,cost,5.534882827028936e-05,3.675221613216589,0.046683339239795896,0.25811531087967005,0.011047984101947479,0.9045925642098931,0.023927012591457606,4e746550280c46a29e2fe1f87b4cb166ced2924c2efa66d38f4a023e6ee72403
series_std_int64_p0,3,22,1,4.9097836194147115,0.11778712124892125,0.5267470651153271,1558.290639434985,3.068051368515512e-11,1e-05,1,cost,3.067548992596869e-11,4.421338129135401,0.06852576236123241,0.5722617444775282,0.11047458394113531,0.7188735621503693,0.07953472305536648,4e746550280c46a29e2fe1f87b4cb166ced2924c2efa66d38f4a023e6ee72403
series_std_int64_p0,3,23,1,7.127674676873473,0.12738693979231572,0.537004803400337,1616.1723050924668,4.3188785880943215e-12,1e-05,1,cost,4.2962855495431995e-12,7.73023253893694,0.1192343056297217,0.5000887863655867,0.07794821941363375,0.06837490367840743,0.07381892584122653,4e746550280c46a29e2fe1f87b4cb166ced2924c2efa66d38f4a023e6ee72403
series_std_int64_p0,3,24,1,7.152751635194122,0.0903630228217984,0.29542682403647763,1644.6510852103784,1.4170886686315498e-12,1e-05,1,cost,1.1880774142269956e-12,7.237675172340762,0.10202938142017527,0.29023368046485143,0.011733538066364393,0.11434312779308857,0.017892973562918774,4e746550280c46a29e2fe1f87b4cb166ced2924c2efa66d38f4a023e6ee72403
series_std_int64_p0,3,25,1,4.249875710195169,0.032867889726176956,0.3612240333253919,1557.6273241628692,1.9197698153394782e-09,1e-05,1,cost,1.913101649320126e-09,4.533736892920887,0.06767662983472793,0.348564425746158,0.0626108637157457,0.514339147702196,0.03631927599075546,4e746550280c46a29e2fe1f87b4cb166ced2924c2efa66d38f4a023e6ee72403
series_std_int64_p0,3,26,1,3.5546424692558913,0.0057669029449144826,0.3593573174687142,1689.3607515136946,8.208711123336432e-07,1e-05,1,cost,3.8454220863130134e-05,3.708532750824764,0.04748422547072194,0.34752425592775865,0.041496271412096365,0.878551184361841,0.03404959895350535,4e746550280c46a29e2fe1f87b4cb166ced2924c2efa66d38f4a023e6ee72403
series_std_int64_p0,3,27,1,7.863762840687712,0.1898053035029321,0.35472202478547915,1654.211803366412,5.379585665821196e-13,1e-05,1,cost,5.127009927718973e-13,7.323464506618292,0.11019461782295727,0.3847915976505124,0.07377632998441473,0.7224553000209165,0.0781450869734011,4e746550280c46a29e2fe1f87b4cb166ced2924c2efa66d38f4a023e6ee72403
series_std_int64_p0,3,28,1,3.861574480022827,0.01575246514982627,0.3034624995787472,1504.7646422092887,1.1160093256468162e-07,1e-05,1,cost,1.0870686954767006e-07,3.9880361962916817,0.07454770539293268,0.29364715778878797,0.03171027293745393,0.7886928233834056,0.03342563184970153,4e746550280c46a29e2fe1f87b4cb166ced2924c2efa66d38f4a023e6ee72403
series_std_int64_p0,3,29,1,7.242810871275074,0.08435008200138994,0.4522141281836519,1517.0842309491572,8.05816524618308e-12,1e-05,1,cost,2.7436941607561494e-12,7.373075375987463,0.1073387507375635,0.44332073075073086,0.01766759433066877,0.21416933379800013,0.020060865229245533,4e746550280c46a29e2fe1f87b4cb166ced2924c2efa66d38f4a023e6ee72403
series_std_int64_p0,3,30,1,2.262771170758473,0.10344820503268545,0.3657804090671222,1671.5374439844818,8.208089097294646e-09,1e-05,1,cost,7.527843320920269e-09,2.2045877397946825,0.02777555113182486,0.3910682327649343,0.026391977925636682,2.724433929023135,0.06466345660198954,4e746550280c46a29e2fe1f87b4cb166ced2924c2efa66d38f4a023e6ee72403
series_std_int64_p0,3,31,1,5.178303415578061,0.031151013841491305,0.5144835568861855,1569.9538148804886,2.152363898222376e-09,1e-05,1,cost,4.1784961712920676e-08,5.228111988158105,0.06187673100973518,0.5052479143177404,0.009527066882435185,0.4965633553493597,0.018279427399351914,4e746550280c46a29e2fe1f87b4cb166ced2924c2efa66d38f4a023e6ee72403
series_std_int64_p0,3,32,1,4.408636632739644,0.02523906113340965,0.43417314305819005,1548.6643179139444,1.0582398596303833e-08,1e-05,1,cost,1.0685181184300063e-08,4.93955266031659,0.07141604015131113,0.3916600173438961,0.10748261312045972,0.6465911428310088,0.10854599354461397,4e746550280c46a29e2fe1f87b4cb166ced2924c2efa66d38f4a023e6ee72403
series_std_int64_p0,3,33,1,3.2878710327880643,5.0,0.17487165563274398,1607.485986391078,1.626264886644968e-10,1e-05,1,cost,1.6257294815913426e-10,2.872998302525655,0.042058649405336386,0.21922585914201234,0.14440409863719522,117.88161105253184,0.20232195089967075,4e746550280c46a29e2fe1f87b4cb166ced2924c2efa66d38f4a023e6ee72403
series_std_int64_p0,3,34,1,2.3909524321999127,0.1186198909035627,0.2677462288590844,1638.7898844449194,1.1614049444386154e-09,1e-05,1,cost,1.1617517572948266e-09,2.255131720202789,0.03253319788635471,0.27991482572253246,0.06022739637794208,2.6461183839943088,0.043472498578943704,4e746550280c46a29e2fe1f87b4cb166ced2924c2efa66d38f4a023e6ee72403
series_std_int64_p0,3,35,1,3.6857292942593527,0.019142669856247557,0.5173755063646196,1625.4909872914636,6.674998700995083e-08,1e-05,1,cost,7.319014072582064e-07,3.971425361147362,0.06718063850997594,0.4947296269094528,0.07193791671952024,0.715056744311756,0.045774253700216545,4e746550280c46a29e2fe1f87b4cb166ced2924c2efa66d38f4a023e6ee72403
series_std_int64_p0,3,36,1,2.5370473643018245,0.020396370592282616,0.2877772566058135,1653.7681641577717,5.1311505738782515e-09,1e-05,1,cost,2.018821591148745e-08,2.507316024312086,0.04027295060774383,0.2833794578627076,0.011857835111908443,0.4935466539081761,0.015519116227671576,4e746550280c46a29e2fe1f87b4cb166ced2924c2efa66d38f4a023e6ee72403
series_std_int64_p0,3,37,1,2.7968289707075744,0.023345243863180216,0.2595858809157268,1585.5120897981744,4.600067798898877e-09,1e-05,1,cost,1.7966472304342673e-07,2.7606918980411512,0.0431347658306865,0.2605392393613692,0.013089860803396513,0.4587835725174569,0.0036591741343040417,4e746550280c46a29e2fe1f87b4cb166ced2924c2efa66d38f4a023e6ee72403
series_std_int64_p0,3,38,1,6.704248560968284,0.09500259019461574,0.2614679089831921,1613.316618788704,8.835182585542611e-12,1e-05,1,cost,2.9930891098928214e-11,7.722349518094632,0.1541944812188371,0.231102854340336,0.13183823844553835,0.38387814243633395,0.13139194982913838,4e746550280c46a29e2fe1f87b4cb166ced2924c2efa66d38f4a023e6ee72403
series_std_int64_p0,3,39,0,5.1417887086306555,0.0588168072129783,0.3293945385993282,1604.7403243144265,1.3978485036147958e-11,1e-05,1,cost,1.4466677855651255e-11,5.509567699876662,0.06979918281220308,0.30562941494126494,0.06675278556868258,0.15734246672734284,0.07775797255192335,4e746550280c46a29e2fe1f87b4cb166ced2924c2efa66d38f4a023e6ee72403
series_std_int64_p0,3,40,1,5.157320612901526,0.014858888445435056,0.3171253049318954,1690.3610300926732,2.3197166576505168e-07,1e-05,1,cost,2.5070415324290884e-07,5.445956081392742,0.10296424252062854,0.2940665168354542,0.052999962573587356,0.8556888480730762,0.07841351114905679,4e746550280c46a29e2fe1f87b4cb166ced2924c2efa66d38f4a023e6ee72403
series_std_int64_p0,3,41,1,5.061678224138752,0.21229097359294183,0.41633593123966006,1614.1158599962587,2.764644069230826e-11,1e-05,1,cost,2.764510842467871e-11,4.4531909644451115,0.0675965068134128,0.4706783803103183,0.13664072898554902,2.1405613041355873,0.11545558781525134,4e746550280c46a29e2fe1f87b4cb166ced2924c2efa66d38f4a023e6ee72403
series_std_int64_p0,3,42,1,6.914939714766473,0.0712356688873813,0.2569044652579085,1634.842489201778,2.802647003363745e-12,1e-05,1,cost,5.562791893787278e-11,7.478484552592423,0.11540053832540341,0.24705852606476625,0.07535548597617908,0.3827093883521338,0.03985265900340206,4e746550280c46a29e2fe1f87b4cb166ced2924c2efa66d38f4a023e6ee72403
series_std_int64_p0,3,43,0,3.465097399542565,0.15193319438823652,0.36267852168155057,1573.62099248263,1.732512466823266e-10,1e-05,1,cost,1.7370910265768202e-10,3.578326899148464,0.0658223595917612,0.351469067370809,0.03164314015939801,1.3082307491032812,0.03189314608706457,4e746550280c46a29e2fe1f87b4cb166ced2924c2efa66d38f4a023e6ee72403
series_std_int64_p0,3,44,1,5.101862970567518,0.3602179199871109,0.572969488132753,1614.8656903253648,6.760603188382674e-11,1e-05,1,cost,6.7958472182994e-11,5.38911647441996,0.07194797850978223,0.553572687461874,0.053302522819078574,4.006644070453414,0.03503930217332987,4e746550280c46a29e2fe1f87b4cb166ced2924c2efa66d38f4a023e6ee72403
series_std_int64_p0,3,45,1,2.5729275960399853,0.005819567819524954,0.5281350245781246,1671.3666704032055,5.452913428016792e-07,1e-05,1,cost,0.014711913997954741,2.435977010148009,0.030401536746959706,0.5537136735337367,0.05621998291505031,0.8085765246683808,0.046194721528858305,4e746550280c46a29e2fe1f87b4cb166ced2924c2efa66d38f4a023e6ee72403
series_std_int64_p0,3,46,1,4.795215016599783,0.06279102262509578,0.5295433483610219,1523.600253025517,4.384315133165728e-11,1e-05,1,cost,4.383524099260683e-11,5.24745352459786,0.07518006364244334,0.4926213246166442,0.08618247038838427,0.16479157395064045,0.0749501125902543,4e746550280c46a29e2fe1f87b4cb166ced2924c2efa66d38f4a023e6ee72403
series_std_int64_p0,3,47,1,6.238444205007385,0.09362555780196946,0.2511010845790344,1615.2145217095278,2.9978519666684633e-12,1e-05,1,cost,2.987859959446837e-12,6.235435168539178,0.10931944820270544,0.255586898839165,0.0004825704039693617,0.14355991233724122,0.017551033642586807,4e746550280c46a29e2fe1f87b4cb166ced2924c2efa66d38f4a023e6ee72403
series_std_int64_p0,3,48,1,2.3680035195581626,0.0042842240668674566,0.3539289527226408,1584.577516163619,1.2592712959752506e-06,1e-05,1,cost,1.2592712959752506e-06,2.3616227262577034,0.039702016097373095,0.34673504295579477,0.0027018681813628822,0.8920905160997371,0.020747570552778483,4e746550280c46a29e2fe1f87b4cb166ced2924c2efa66d38f4a023e6ee72403
series_std_int64_p0,3,49,1,3.264480103207201,0.005349736293717313,0.41504977697518103,1590.893456344502,2.1121828176901003e-06,1e-05,1,cost,2.1121828176901003e-06,3.4912425921675503,0.06091226748328085,0.3878479994152928,0.06495179953094098,0.9121730890220807,0.07013514985483167,4e746550280c46a29e2fe1f87b4cb166ced2924c2efa66d38f4a023e6ee72403
series_std_int64_p0,3,50,1,7.721704445060501,0.07373443144188065,0.49506400885184826,1594.0025322782317,5.81712455982597e-12,1e-05,1,cost,2.4089064076804334e-12,7.59743837053228,0.09387293013391272,0.5005074887871079,0.016356312281545396,0.21452935008318016,0.010875921054550042,4e746550280c46a29e2fe1f87b4cb166ced2924c2efa66d38f4a023e6ee72403
series_std_int64_p0,3,51,1,6.527779801348805,0.06693819713608393,0.5345020784921697,1627.1073942770531,4.629946426248921e-11,1e-05,1,cost,3.169636775268714e-11,6.979097570643039,0.1051494637514872,0.5115988098844231,0.06466706687017282,0.3633995386387582,0.044768025580279903,4e746550280c46a29e2fe1f87b4cb166ced2924c2efa66d38f4a023e6ee72403
series_std_int64_p0,3,52,1,5.698648657182607,0.5799412235190804,0.3047007297517334,1627.1041495590441,6.693229304133297e-12,1e-05,1,cost,6.689315767971493e-12,5.509235420487406,0.09835789453803442,0.32164448690800906,0.034381038790033,4.896234626035234,0.05267852503600228,4e746550280c46a29e2fe1f87b4cb166ced2924c2efa66d38f4a023e6ee72403
series_std_int64_p0,3,53,1,4.0909893484012,0.023360452764738443,0.45460275719118937,1640.9862549630182,8.8609593551503e-09,1e-05,1,cost,8.530875950096828e-09,4.71383468287713,0.06165066926811518,0.3979664257371076,0.13213134875908955,0.6210835495857281,0.14231434561139364,4e746550280c46a29e2fe1f87b4cb166ced2924c2efa66d38f4a023e6ee72403
series_std_int64_p0,3,54,1,2.7176306346368766,0.10468295807990648,0.4268293163157254,1610.1147750879486,2.1170483699428644e-09,1e-05,1,cost,2.1168221897571726e-09,2.359210129402468,0.035993349575428414,0.47003555581010487,0.15192394300425802,1.9083972265634983,0.09192121523639554,4e746550280c46a29e2fe1f87b4cb166ced2924c2efa66d38f4a023e6ee72403
series_std_int64_p0,3,55,0,2.0726473543640256,0.0036457316729786686,0.42909735276222677,1596.1632182530955,1.5224501391398332e-06,1e-05,1,cost,2.457998288935004e-06,2.855986092254814,0.04331671577790046,0.33573590634691164,0.2742796052176637,0.9158354550314576,0.27808001661533915,4e746550280c46a29e2fe1f87b4cb166ced2924c2efa66d38f4a023e6ee72403
series_std_int64_p0,3,56,1,8.144740180156564,0.35333396412747586,0.548188706637018,1577.3899287217685,1.4123702207768929e-12,1e-05,1,cost,1.3927747843922589e-12,7.933316968748333,0.12499547659704575,0.5644347047626578,0.026650039604000378,1.8267740061229292,0.028782776800500117,4e746550280c46a29e2fe1f87b4cb166ced2924c2efa66d38f4a023e6ee72403
series_std_int64_p0,3,57,1,4.816327676970346,0.04436999997108371,0.22593090441621255,1681.31770526872,1.6880642716987637e-11,1e-05,1,cost,1.6885701170643586e-11,5.016845945286321,0.06632867624033945,0.21687067677481286,0.03996899057751143,0.3310585634136479,0.04177709857385355,4e746550280c46a29e2fe1f87b4cb166ced2924c2efa66d38f4a023e6ee72403
series_std_int64_p0,3,58,1,2.0133491103141115,0.027495326201758107,0.469049093839237,1664.6231713010186,3.220161157169166e-08,1e-05,1,cost,2.4185292026024374e-07,2.115273202214496,0.03613373197897098,0.4359017318188455,0.048184835790326945,0.23906763304272674,0.07604319873215609,4e746550280c46a29e2fe1f87b4cb166ced2924c2efa66d38f4a023e6ee72403
series_std_int64_p0,3,59,1,8.127528915922943,0.1230016508399933,0.5118710118222166,1622.5889791366887,1.8224310949221945e-12,1e-05,1,cost,1.8170465132527625e-12,7.89161531566454,0.0983212592498911,0.5238636652478534,0.029894209337614823,0.2510178549216408,0.022892699420111125,4e746550280c46a29e2fe1f87b4cb166ced2924c2efa66d38f4a023e6ee72403
series_std_int64_p0,3,60,1,6.788721592997655,0.21094851198115944,0.5657618158200016,1647.9873734700511,7.1789796329824185e-12,1e-05,1,cost,7.112144206899984e-12,6.603773514207141,0.10598162292546066,0.5838829777343715,0.028006423659536896,0.9904253790256111,0.03103560577272694,4e746550280c46a29e2fe1f87b4cb166ced2924c2efa66d38f4a023e6ee72403
series_std_int64_p0,3,61,1,3.696657049383716,0.012049699212727838,0.4554314654685281,1680.9061752348698,1.1679345679471709e-07,1e-05,1,cost,7.749141098245538e-08,3.918395316136757,0.053134138132709625,0.4339665732710274,0.05658904956319171,0.7732211411309222,0.04946208652825229,4e746550280c46a29e2fe1f87b4cb166ced2924c2efa66d38f4a023e6ee72403
series_std_int64_p0,3,62,1,2.1697716034115984,0.02865349406784014,0.39901581049806917,1590.1092656695964,8.751546050345116e-09,1e-05,1,cost,1.875774189308288e-07,2.078511023959135,0.04006140014157583,0.41301836929591507,0.04390670937055262,0.28476054340139084,0.03390299279355658,4e746550280c46a29e2fe1f87b4cb166ced2924c2efa66d38f4a023e6ee72403
series_std_int64_p0,3,63,1,2.7719635598358487,4.106140334434364,0.3815801721171618,1548.6839618808995,5.351680626430877e-10,1e-05,1,cost,7.200749996272293e-10,2.6137550277916004,0.04752445333866216,0.40444406575653136,0.06052921194298803,85.40058003768621,0.056531658083798585,4e746550280c46a29e2fe1f87b4cb166ced2924c2efa66d38f4a023e6ee72403
series_std_int64_p0,3,64,1,5.892036290571708,0.014481663953798712,0.25167768335562607,1632.9804038764905,6.346393771616832e-08,1e-05,1,cost,6.347855660560064e-08,5.860368252397157,0.0860479582779752,0.24783542849983065,0.005403762495914427,0.8317024105671844,0.015503251004317365,4e746550280c46a29e2fe1f87b4cb166ced2924c2efa66d38f4a023e6ee72403
series_std_int64_p0,3,65,1,4.25863004198514,0.011326916652914427,0.3941691242312599,1586.2352686109723,1.7448315237089673e-07,1e-05,1,cost,1.1862697904541086e-06,4.30400773568873,0.06013904754071456,0.3849879814744761,0.010543125498432344,0.8116545386714676,0.023847868501298834,4e746550280c46a29e2fe1f87b4cb166ced2924c2efa66d38f4a023e6ee72403
series_std_int64_p0,3,66,1,4.072944035720725,0.02125252893293339,0.5411866333126373,1550.1669971172485,5.381256817926783e-08,1e-05,1,cost,5.1730802863581005e-08,4.318348807741663,0.0696148764751192,0.5222439031398431,0.05682838115832428,0.694712825633912,0.03627180721288721,4e746550280c46a29e2fe1f87b4cb166ced2924c2efa66d38f4a023e6ee72403
series_std_int64_p0,3,67,1,4.064073710270552,0.03292258690816031,0.33080970287742945,1594.3233974538666,2.6909199868363487e-10,1e-05,1,cost,2.691685624389706e-10,3.960109834459873,0.05446496730124102,0.34712685755406425,0.026252775846268714,0.3955272803879909,0.047006315764816446,4e746550280c46a29e2fe1f87b4cb166ced2924c2efa66d38f4a023e6ee72403
series_std_int64_p0,3,68,1,3.874147376473049,0.00947751566585114,0.326040854827024,1703.7270938554088,3.3167840102210633e-07,1e-05,1,cost,3.3614230200706974e-07,4.125198537854926,0.06517888389637731,0.30870120331280154,0.06085795849050745,0.8545922375578157,0.0561696920133236,4e746550280c46a29e2fe1f87b4cb166ced2924c2efa66d38f4a023e6ee72403
series_std_int64_p0,3,69,1,3.9509401049344524,0.006696588978531195,0.5019657264875576,1621.9321126765922,1.5187801368082843e-06,1e-05,1,cost,6.0798658859939625e-06,3.98556651662461,0.06486902888517804,0.5008875673607459,0.008687952276225718,0.8967675469539624,0.002152497280961927,4e746550280c46a29e2fe1f87b4cb166ced2924c2efa66d38f4a023e6ee72403
series_std_int64_p0,3,70,1,7.704094236967844,0.05518890557505297,0.49733630764429804,1608.3951229082722,5.853256768162396e-11,1e-05,1,cost,5.604605668452223e-11,7.891559196280233,0.09356397053860316,0.48752392280374107,0.0237551229927734,0.41014788857979456,0.02012698122407229,4e746550280c46a29e2fe1f87b4cb166ced2924c2efa66d38f4a023e6ee72403
series_std_int64_p0,3,71,1,6.963895968221082,0.042484691733387536,0.4969308102101281,1546.4155701458556,1.2340273802813329e-09,1e-05,1,cost,6.643381567084106e-09,6.916515443621282,0.10275469519295186,0.49651413371788505,0.006850346100722727,0.5865425744915095,0.0008392036881668725,4e746550280c46a29e2fe1f87b4cb166ced2924c2efa66d38f4a023e6ee72403
series_std_int64_p0,3,72,1,5.953066693686377,0.2597266080073007,0.38049051726725563,1581.8617472459036,6.062123025785127e-12,1e-05,1,cost,6.064621027590533e-12,5.806770596147759,0.10944570523234433,0.395861478749134,0.025194054959855324,1.3731091819082553,0.038829141775674765,4e746550280c46a29e2fe1f87b4cb166ced2924c2efa66d38f4a023e6ee72403
series_std_int64_p0,3,73,0,5.374834695005943,0.08255799969970647,0.24550108911201005,1681.761766216976,8.185757627288126e-12,1e-05,1,cost,7.782940958378504e-12,5.499298916315833,0.09796057576842863,0.23441611969975687,0.022632743410367667,0.15723239627677046,0.047287573168820235,4e746550280c46a29e2fe1f87b4cb166ced2924c2efa66d38f4a023e6ee72403
series_std_int64_p0,3,74,1,6.50628638951149,0.05153536204292925,0.2796119827825471,1606.2295491142813,3.4218228250892935e-10,1e-05,1,cost,3.421818661752951e-10,6.778536214374777,0.11849103027356377,0.26247121425960335,0.04016351263063932,0.5650695084349588,0.06530532718148015,4e746550280c46a29e2fe1f87b4cb166ced2924c2efa66d38f4a023e6ee72403
series_std_int64_p0,3,75,1,3.7109542163868063,5.0,0.36044812288583333,1578.2381002044,1.2479889344163553e-10,1e-05,1,cost,1.2474085653302325e-10,3.8274040190471252,0.0693656600294252,0.3599723718133179,0.03042527051777261,71.08177645652012,0.0013216321856004323,4e746550280c46a29e2fe1f87b4cb166ced2924c2efa66d38f4a023e6ee72403
series_std_int64_p0,3,76,1,5.353986868322537,0.07475535982453446,0.2094394285783565,1608.8879482477475,2.2266008481430788e-11,1e-05,1,cost,2.2274071476147128e-11,5.517071424189092,0.10416267828701709,0.20492231292761673,0.029559986327442812,0.28232106687437175,0.022043063960220537,4e746550280c46a29e2fe1f87b4cb166ced2924c2efa66d38f4a023e6ee72403
series_std_int64_p0,3,77,1,3.9564495779187885,0.0023941377498579606,0.24074325675233574,1617.231920664575,2.3713824671145467e-06,1e-05,1,cost,0.021834607758312034,3.983292316771837,0.050699406944366594,0.23196580657460686,0.006738832282036078,0.9527777957543944,0.03783941395218437,4e746550280c46a29e2fe1f87b4cb166ced2924c2efa66d38f4a023e6ee72403
series_std_int64_p0,3,78,1,6.44672580733179,0.12919932554945102,0.5833531589838737,1610.7746935060381,1.778144298469897e-11,1e-05,1,cost,1.746497391152957e-11,6.3229683487339265,0.08029791300093413,0.5974137776629855,0.01957268355180737,0.6089997949006222,0.0235358125386986,4e746550280c46a29e2fe1f87b4cb166ced2924c2efa66d38f4a023e6ee72403
series_std_int64_p0,3,79,1,5.891040761953196,0.11607984967659075,0.3384236755951584,1557.7410858767137,9.098721776013008e-12,1e-05,1,cost,9.107992138268628e-12,5.919829092989421,0.07743150161903066,0.33786641829695924,0.004863034149130653,0.49912951769569364,0.0016493420713667314,4e746550280c46a29e2fe1f87b4cb166ced2924c2efa66d38f4a023e6ee72403
series_std_int64_p0,3,80,1,4.720095560732441,0.2624107944885466,0.21630269531516888,1577.3633113801168,1.173298957990454e-11,1e-05,1,cost,1.1723247372863455e-11,4.120329247243738,0.06080036003598005,0.26234637432696306,0.14556271538006613,3.315941457143655,0.17550720542609752,4e746550280c46a29e2fe1f87b4cb166ced2924c2efa66d38f4a023e6ee72403
series_std_int64_p0,3,81,1,3.4548912079783345,0.007823740343310986,0.5747521434268663,1558.0386813148364,1.0610380066680691e-05,1e-05,0,cost,1.0610380066680691e-05,4.2987771643799375,0.07661895058315665,0.4781109708063665,0.19630837424980285,0.89788765985747,0.20213125931310036,4e746550280c46a29e2fe1f87b4cb166ced2924c2efa66d38f4a023e6ee72403
series_std_int64_p0,3,82,1,6.78056001273933,0.08822164842981974,0.25530374848465487,1630.2905660691831,7.107509025772174e-12,1e-05,1,cost,1.3376355578742505e-11,7.297137205367871,0.1326341961491499,0.24484334366313157,0.07079176094544863,0.33484990303245277,0.042722847454310535,4e746550280c46a29e2fe1f87b4cb166ced2924c2efa66d38f4a023e6ee72403
series_std_int64_p0,3,83,1,1.8173003170474908,0.0001,0.24118471836562339,2659.2576960768392,0.0042548868903963515,1e-05,0,cost,0.0042548868903963515,2.0048344718429023,0.025003378984462622,0.2825060099314001,0.09354096681259905,0.9960005405644516,0.14626694694321948,4e746550280c46a29e2fe1f87b4cb166ced2924c2efa66d38f4a023e6ee72403
series_std_int64_p0,3,84,1,2.348872360837851,0.05829983372189332,0.32312098876145084,1571.686506286976,1.8646791957732667e-09,1e-05,1,cost,1.86215058650685e-09,2.18459219795674,0.034195329948470965,0.34678401588261654,0.07519946424543794,0.7049063076667339,0.0682356338164543,4e746550280c46a29e2fe1f87b4cb166ced2924c2efa66d38f4a023e6ee72403
series_std_int64_p0,3,85,1,6.790945932582027,0.1380371896858246,0.5303420494088639,1601.981469926731,1.07286401984652e-11,1e-05,1,cost,1.0797140959084572e-11,6.758238014203197,0.08053032273380695,0.5372921318982486,0.004839710929104711,0.7141020301397109,0.012935388547065068,4e746550280c46a29e2fe1f87b4cb166ced2924c2efa66d38f4a023e6ee72403
series_std_int64_p0,3,86,1,4.9983479762394865,0.07372643675865186,0.49218553790749087,1597.688197850362,3.627881328682747e-11,1e-05,1,cost,3.6273706260914196e-11,4.977864183715684,0.06792156164271182,0.49410833496124434,0.0041149761760901765,0.08546439415623944,0.003891448327631011,4e746550280c46a29e2fe1f87b4cb166ced2924c2efa66d38f4a023e6ee72403
series_std_int64_p0,3,87,1,0.396632509518203,0.0005410654935993845,0.39650478210840867,3415.729368584836,0.00554935418375176,1e-05,0,cost,0.0025342521746707335,2.0436555763278843,0.03232738281035807,0.39542561525755704,0.8059200806082564,0.9832629354261855,0.002729127323096471,4e746550280c46a29e2fe1f87b4cb166ced2924c2efa66d38f4a023e6ee72403
series_std_int64_p0,3,88,1,6.384840373853427,0.075117028243653,0.42757308043292563,1573.2295951956812,3.343092469521025e-11,1e-05,1,cost,2.18032258914036e-11,6.556237870739479,0.1096260246672722,0.42053822586084577,0.026142659901191193,0.314788359136054,0.016728216698207274,4e746550280c46a29e2fe1f87b4cb166ced2924c2efa66d38f4a023e6ee72403
series_std_int64_p0,3,89,1,3.441795616673186,0.7770941840507779,0.20052170504837935,1522.9880098669908,1.3112512464719117e-10,1e-05,1,cost,1.3112421565208976e-10,3.179887016316008,0.05040254349060129,0.2189759228820353,0.0823641214336623,14.417757324006574,0.08427510016065753,4e746550280c46a29e2fe1f87b4cb166ced2924c2efa66d38f4a023e6ee72403
series_std_int64_p0,3,90,1,6.827467126025316,0.007714442147602872,0.21182730144443768,1551.9333376756626,5.200268494987004e-07,1e-05,1,cost,2.606901358864766e-06,7.024097145121941,0.09808284877634033,0.20929773514846606,0.02799363605515907,0.9213476948941989,0.012085970706645549,4e746550280c46a29e2fe1f87b4cb166ced2924c2efa66d38f4a023e6ee72403
series_std_int64_p0,3,91,1,3.2329953380541876,0.11092899821732767,0.46963823963678625,1639.2352595645777,5.32108274109433e-10,1e-05,1,cost,5.321036389283051e-10,3.3089077635513595,0.051096641027234026,0.46596508857819763,0.022941837887828342,1.1709645876370536,0.007882888973069914,4e746550280c46a29e2fe1f87b4cb166ced2924c2efa66d38f4a023e6ee72403
series_std_int64_p0,3,92,1,5.8438607633095305,0.059844391702764836,0.577950693594048,1612.9993576180793,3.6060876507093553e-11,1e-05,1,cost,3.60359242446151e-11,6.465762049666184,0.07194816726220786,0.537722915434959,0.09618375708533243,0.168229101866237,0.0748113517285184,4e746550280c46a29e2fe1f87b4cb166ced2924c2efa66d38f4a023e6ee72403
series_std_int64_p0,3,93,1,3.168903360082544,0.006132022958774484,0.17513475698670533,1565.4670429530274,4.4554790475104245e-07,1e-05,1,cost,0.0042143915250845146,2.689240135630288,0.04467020986058792,0.2093673522102363,0.1783638501066158,0.862726793137708,0.16350493456666684,4e746550280c46a29e2fe1f87b4cb166ced2924c2efa66d38f4a023e6ee72403
series_std_int64_p0,3,94,1,3.538956969731736,0.04244591467231384,0.38288411365205866,1654.2952637968222,3.743183540905193e-10,1e-05,1,cost,3.743237386721887e-10,3.603592833085251,0.059533884825332756,0.3707900263510714,0.017936505689566565,0.2870293145349667,0.032617078242380616,4e746550280c46a29e2fe1f87b4cb166ced2924c2efa66d38f4a023e6ee72403
series_std_int64_p0,3,95,1,4.620522459573854,0.22696020163517827,0.4350075485735935,1737.0118777646994,4.6177506263234136e-11,1e-05,1,cost,4.619868376742886e-11,4.205518776284162,0.07086674766082877,0.4755993518971609,0.0986807348548741,2.202633239519038,0.08534873557259297,4e746550280c46a29e2fe1f87b4cb166ced2924c2efa66d38f4a023e6ee72403
series_std_int64_p0,3,96,1,7.026739807393398,0.08184295987259435,0.23903899309479487,1623.984035264814,3.090333544619739e-12,1e-05,1,cost,2.1318780074608412e-12,7.300581750315821,0.11729542339653341,0.230879937588238,0.037509605711979935,0.3022493333272442,0.03533895405458796,4e746550280c46a29e2fe1f87b4cb166ced2924c2efa66d38f4a023e6ee72403
series_std_int64_p0,3,97,1,5.727795046129319,0.07843242308876575,0.5257927443934458,1562.2182259318815,5.570988115266573e-11,1e-05,1,cost,4.194550262681673e-11,5.502566541404262,0.10732570423591183,0.5416916139421768,0.040931536771126126,0.26921119551786005,0.029350407389596624,4e746550280c46a29e2fe1f87b4cb166ced2924c2efa66d38f4a023e6ee72403
series_std_int64_p0,3,98,1,4.737862835633919,0.05797071920789383,0.2912155754927602,1684.7521014467825,2.0858231808418282e-11,1e-05,1,cost,2.058919701397599e-11,4.96076752074282,0.06496530279343189,0.2778631535794055,0.044933507602775834,0.10766645093271583,0.04805394936806179,4e746550280c46a29e2fe1f87b4cb166ced2924c2efa66d38f4a023e6ee72403
series_std_int64_p0,3,99,1,6.410033548876907,0.06472418869899048,0.4955755867438719,1625.43056518291,1.0790773830038347e-10,1e-05,1,cost,4.50284254327471e-11,5.689548746736849,0.09080661170656715,0.5410919621310958,0.12663303088022246,0.28723043969374734,0.08411948166436846,4e746550280c46a29e2fe1f87b4cb166ced2924c2efa66d38f4a023e6ee72403
series_std_int64_p0,3,100,0,4.082966285318686,0.006446722855536883,0.6032912633139024,1589.3090556240256,0.0007118436136296438,1e-05,0,cost,0.0009963122720948025,4.509400713433751,0.07123051135205746,0.5552830397428754,0.09456565411113128,0.9094949238301282,0.08645721215122515,4e746550280c46a29e2fe1f87b4cb166ced2924c2efa66d38f4a023e6ee72403
series_std_int64_p0,3,101,1,2.5097888925902807,0.5293520750357962,0.3445294461683089,1653.071126725367,1.995105462782032e-09,1e-05,1,cost,2.2728650489467483e-09,2.6431933362204036,0.0390608948833079,0.35003265876306755,0.050470936727194805,12.551969984743158,0.015721997525047278,4e746550280c46a29e2fe1f87b4cb166ced2924c2efa66d38f4a023e6ee72403
series_std_int64_p0,3,102,1,7.086854603504908,0.07609503532399202,0.44077246463314396,1721.6783221913638,2.221056671913857e-11,1e-05,1,cost,1.4104051260233064e-11,7.094404883718467,0.1195485133432284,0.43894317154887624,0.00106425843144179,0.36347986941903465,0.004167494115041774,4e746550280c46a29e2fe1f87b4cb166ced2924c2efa66d38f4a023e6ee72403
series_std_int64_p0,3,103,0,4.548821907568659,0.008364866297733912,0.24789917987080845,1642.0348163080419,4.811458945291891e-07,1e-05,1,cost,4.796128414696899e-07,4.667109458702844,0.07298968460196487,0.2397068399921524,0.02534492755759393,0.8853965961991739,0.034176496085486174,4e746550280c46a29e2fe1f87b4cb166ced2924c2efa66d38f4a023e6ee72403
series_std_int64_p0,3,104,1,7.937046222146241,0.07440679231570285,0.4397526020712069,1519.7042900209576,2.1815382833523245e-11,1e-05,1,cost,7.805645019232088e-12,7.923060203441778,0.1167498441691765,0.44173274679668617,0.0017652293867951923,0.36268187041103367,0.004482675870961949,4e746550280c46a29e2fe1f87b4cb166ced2924c2efa66d38f4a023e6ee72403
series_std_int64_p0,3,105,1,3.249138443886634,0.1317490506007965,0.4250748679604185,1547.4535743830875,5.050177082077667e-10,1e-05,1,cost,5.055893204097828e-10,2.6679620930701304,0.02861401843329752,0.5139779183114304,0.21783531045140178,3.604353314020478,0.1729705638776948,4e746550280c46a29e2fe1f87b4cb166ced2924c2efa66d38f4a023e6ee72403
series_std_int64_p0,3,106,1,2.0867618790496096,0.23528981577682812,0.5457134663068044,1635.8242203535244,4.43051548643103e-08,1e-05,1,cost,4.482017051943288e-08,2.0726381744995432,0.029752945992968224,0.5631850147739523,0.0068143609067109305,6.908118269445863,0.031022750976711543,4e746550280c46a29e2fe1f87b4cb166ced2924c2efa66d38f4a023e6ee72403
series_std_int64_p0,3,107,1,7.423081454342216,0.020404727095726088,0.22972044425957183,1520.7502560843877,1.6294060101174068e-08,1e-05,1,cost,3.362373574011812e-09,7.792544338949571,0.10792446978417775,0.21746806224387352,0.047412355777132244,0.8109351184533915,0.056341064013152496,4e746550280c46a29e2fe1f87b4cb166ced2924c2efa66d38f4a023e6ee72403
series_std_int64_p0,3,108,1,7.480462608001615,0.02190129979234376,0.21615752919476985,1447.7626677974165,3.7610672687371505e-08,1e-05,1,cost,5.75032071542525e-07,7.312819377415955,0.12910119319141405,0.22060188814428594,0.02292456875160766,0.8303555586827813,0.02014651364456694,4e746550280c46a29e2fe1f87b4cb166ced2924c2efa66d38f4a023e6ee72403
series_std_int64_p0,3,109,1,2.399405564257114,0.0001,0.23505495465128903,3668.805133053908,0.005147815373974429,1e-05,0,cost,0.005458109403587095,2.765834186081775,0.044318505882354364,0.2841061639041478,0.13248394414553194,0.997743606242831,0.17265098573999163,4e746550280c46a29e2fe1f87b4cb166ced2924c2efa66d38f4a023e6ee72403
series_std_int64_p0,3,110,1,6.247686926404098,0.07214822301483792,0.45822466667999795,1572.6156833698365,2.0619950191758107e-11,1e-05,1,cost,1.597993959379096e-11,6.766974318948115,0.09625628553592346,0.4256444363657461,0.07673849021267413,0.2504570209296956,0.07654330124088929,4e746550280c46a29e2fe1f87b4cb166ced2924c2efa66d38f4a023e6ee72403
series_std_int64_p0,3,111,1,6.251669826398604,0.03259597752238913,0.23545980930576416,1610.2680293618814,1.7710460598063804e-09,1e-05,1,cost,1.7706750232715507e-09,6.468202162720069,0.09161355505511073,0.22843735995870046,0.033476432998563954,0.6442013684243472,0.03074124717749013,4e746550280c46a29e2fe1f87b4cb166ced2924c2efa66d38f4a023e6ee72403
series_std_int64_p0,3,112,1,3.1862827817134787,0.0186507332919929,0.450494218260076,1642.0299910806948,3.171293438963829e-08,1e-05,1,cost,2.9375481866433795e-08,3.532123822320552,0.056959339160370194,0.4043686097457172,0.09791305684744114,0.6725605744918954,0.11406822241559354,4e746550280c46a29e2fe1f87b4cb166ced2924c2efa66d38f4a023e6ee72403
series_std_int64_p0,3,113,1,5.051055623561661,0.23842345546195626,0.3711306506209033,1565.5754224393345,1.918537551048871e-11,1e-05,1,cost,1.9196588763037425e-11,5.298736146451533,0.10148602641770942,0.3501443949160487,0.04674332067954335,1.3493229942871339,0.05993600357328661,4e746550280c46a29e2fe1f87b4cb166ced2924c2efa66d38f4a023e6ee72403
series_std_int64_p0,3,114,1,2.3240617010573823,0.00656573262263065,0.5257412188547769,1524.985697878738,5.008162283770545e-07,1e-05,1,cost,0.011717221589351373,2.31445655889359,0.02951513391625971,0.5184987408832046,0.004150063705833412,0.7775469140252274,0.013968168870064258,4e746550280c46a29e2fe1f87b4cb166ced2924c2efa66d38f4a023e6ee72403
series_std_int64_p0,3,115,1,6.055015454693811,0.08947853396591532,0.5683668966387603,1584.7011565726987,1.2771367297048641e-11,1e-05,1,cost,1.0571710173934434e-11,6.058601727440957,0.09256306730545974,0.5678940176841119,0.0005919307636451695,0.03332358606230503,0.0008326887410732723,4e746550280c46a29e2fe1f87b4cb166ced2924c2efa66d38f4a023e6ee72403
series_std_int64_p0,3,116,1,2.605194013440255,0.03796194629292869,0.3615585771645961,1612.863069123592,1.5844946951726335e-09,1e-05,1,cost,6.167051663785728e-08,2.1936616653699543,0.04063309900284778,0.4248898245856302,0.18760064715854766,0.06573834571987441,0.14905333984591718,4e746550280c46a29e2fe1f87b4cb166ced2924c2efa66d38f4a023e6ee72403
series_std_int64_p0,3,117,0,4.645136013701273,0.06167539761231858,0.23319972854045135,1628.4960784741452,3.597486197826072e-11,1e-05,1,cost,1.265381549542255e-10,4.404988712572085,0.07642387246905477,0.2471344552601901,0.054517120655449995,0.19298256395876934,0.05638520417991849,4e746550280c46a29e2fe1f87b4cb166ced2924c2efa66d38f4a023e6ee72403
series_std_int64_p0,3,118,0,5.631076270901514,0.0748053715915591,0.3467251898699324,1555.975582703666,1.1796563725852138e-11,1e-05,1,cost,1.8650442301648695e-11,6.201589553715154,0.08668714829120873,0.31902863608594023,0.09199468585789682,0.13706503136699216,0.0868152593566279,4e746550280c46a29e2fe1f87b4cb166ced2924c2efa66d38f4a023e6ee72403
series_std_int64_p0,3,119,1,5.847054795095062,0.02846928917027118,0.36194215585177264,1633.3098651021737,4.430102062968899e-09,1e-05,1,cost,4.430102062968899e-09,6.0227346560183275,0.09007548667244841,0.35198870976691643,0.029169450583002923,0.6839396574808722,0.028277742463521875,4e746550280c46a29e2fe1f87b4cb166ced2924c2efa66d38f4a023e6ee72403
series_std_int64_p0,3,120,1,5.397265313806011,0.3276919211257261,0.39519601423648776,1643.417821801032,1.394195869863779e-11,1e-05,1,cost,1.3937850873446678e-11,5.039796936447014,0.07071216342323781,0.4216405653581371,0.07092912311086237,3.634166248943222,0.06271823276583366,4e746550280c46a29e2fe1f87b4cb166ced2924c2efa66d38f4a023e6ee72403
series_std_int64_p0,3,121,1,4.113812461582984,0.07548506169377367,0.4270222588336133,1594.6025189030436,8.798661799147567e-11,1e-05,1,cost,8.799055928321309e-11,4.368234665615803,0.07198330664624761,0.4006095374431297,0.05824371250827762,0.04864676562768881,0.06593133443367682,4e746550280c46a29e2fe1f87b4cb166ced2924c2efa66d38f4a023e6ee72403
series_std_int64_p0,3,122,1,2.614624517126176,0.004577242770982729,0.380613442962592,1582.268446110812,1.0059936339512632e-06,1e-05,1,cost,0.02048259095467701,2.6303477770796464,0.03953322325652485,0.3838528891139764,0.005977635387411411,0.8842178200021353,0.008439290788879695,4e746550280c46a29e2fe1f87b4cb166ced2924c2efa66d38f4a023e6ee72403
series_std_int64_p0,3,123,1,5.324955052911863,0.4301906093375594,0.4643341263830847,1590.3539097137557,2.4608926008085064e-11,1e-05,1,cost,2.461714165846729e-11,4.952751793906503,0.06971508201016255,0.502630472997827,0.07515079989740073,5.170696453815394,0.0761918520107473,4e746550280c46a29e2fe1f87b4cb166ced2924c2efa66d38f4a023e6ee72403
series_std_int64_p0,3,124,1,5.932154105755204,0.06554485035956131,0.5584877323519316,1661.8284231220237,1.3529266595924128e-10,1e-05,1,cost,8.724354572109405e-11,5.952846842265256,0.09836865423370328,0.5577515603854013,0.003476107660478171,0.33368153839087294,0.0013198922581617158,4e746550280c46a29e2fe1f87b4cb166ced2924c2efa66d38f4a023e6ee72403
series_std_int64_p0,3,125,1,4.356722400630499,0.0302844579503096,0.4120826077636839,1634.4611370826774,2.912980412439481e-10,1e-05,1,cost,3.514284419026126e-10,4.439454984492341,0.050832701001735876,0.4134015859787176,0.018635752395471817,0.404232760535872,0.003190549479656911,4e746550280c46a29e2fe1f87b4cb166ced2924c2efa66d38f4a023e6ee72403
series_std_int64_p0,3,126,1,5.950272266763577,0.03164154700968637,0.39894458324535664,1624.1031898816932,3.304505502566002e-09,1e-05,1,cost,3.1384197679562575e-07,6.127274485029768,0.08537688278313814,0.3849646777429629,0.028887594100549217,0.6293897601056999,0.03631477460310786,4e746550280c46a29e2fe1f87b4cb166ced2924c2efa66d38f4a023e6ee72403
series_std_int64_p0,3,127,0,3.5841521157556517,0.0029427446630826623,0.3615533065368954,1661.9160790615315,0.002098926235050362,1e-05,0,cost,0.012690853806750207,3.436516165974801,0.05361325698768471,0.3671292771614686,0.04296093562503939,0.9451116229749178,0.01518803040630514,4e746550280c46a29e2fe1f87b4cb166ced2924c2efa66d38f4a023e6ee72403
