run,it,env,accepted,m,I_zz,mu,cost,res_ncp,res_tol,res_pass,gate,last_cand_res,m_true,I_zz_true,mu_true,rel_m,rel_I,rel_mu,theta_sha256
series_win7_int64_p0,0,0,1,7.953090209443478,0.1143203376465739,0.3772123158389828,1633.5700283004999,7.424783010634428e-12,1e-05,1,cost,7.424783010634428e-12,7.66193324607077,0.12488383317490416,0.43349673090252455,0.03800045680664476,0.08458657345611514,0.1298381534420332,20c8cc6d76d924a0c2d1f63c266844d1d7f1e774fa2e523d439a7afc123b6c63
series_win7_int64_p0,0,1,1,7.72270316734981,0.11671481666494936,0.47761630081032846,1465.4595026263578,1.33845157179735e-11,1e-05,1,cost,1.33845157179735e-11,7.107985503602176,0.11549221983094739,0.5423598261986978,0.08648268393852346,0.0105859670529457,0.11937374831418664,20c8cc6d76d924a0c2d1f63c266844d1d7f1e774fa2e523d439a7afc123b6c63
series_win7_int64_p0,0,2,1,2.6018185250510535,0.03548652576357204,0.35580874979460364,1664.0002574657371,0.0006911307752390239,1e-05,0,cost,0.0006911307752390239,2.4331970156836236,0.034169598356260614,0.43532943072441654,0.06930039297292766,0.03854090977543297,0.18266782651815042,20c8cc6d76d924a0c2d1f63c266844d1d7f1e774fa2e523d439a7afc123b6c63
series_win7_int64_p0,0,3,1,3.682747953397599,0.047499198351848126,0.3385677758897202,1502.6229012321148,1.3709990721366694e-05,1e-05,0,cost,1.3709990721366694e-05,3.7467846984055893,0.05336747045507642,0.309522998672487,0.01709111949646865,0.10995971990405802,0.09383721837085879,20c8cc6d76d924a0c2d1f63c266844d1d7f1e774fa2e523d439a7afc123b6c63
series_win7_int64_p0,0,4,1,2.4888761685033742,0.0464652817773916,0.373519651125192,1559.5045790070847,3.939721747667213e-05,1e-05,0,cost,3.939721747667213e-05,2.5205070814098667,0.03852175628215398,0.4129453129711349,0.012549424335994895,0.20620880930389013,0.09547429310258039,20c8cc6d76d924a0c2d1f63c266844d1d7f1e774fa2e523d439a7afc123b6c63
series_win7_int64_p0,0,5,1,4.036694432289399,0.04786607476637911,0.3482964137456058,1619.9187672674175,9.139814062530949e-07,1e-05,1,cost,9.139814062530949e-07,4.099439817456933,0.050781524716599497,0.3158350441039742,0.015305843715607394,0.05741162689562539,0.10277950546534405,20c8cc6d76d924a0c2d1f63c266844d1d7f1e774fa2e523d439a7afc123b6c63
series_win7_int64_p0,0,6,1,3.5670464140590616,0.044033971261952666,0.3107833121090532,1604.034902114414,3.80740439731575e-08,1e-05,1,cost,3.80740439731575e-08,3.6780588679031005,0.04318808870759348,0.25698606285261066,0.030182348306819855,0.019586015025722978,0.20933917061213117,20c8cc6d76d924a0c2d1f63c266844d1d7f1e774fa2e523d439a7afc123b6c63
series_win7_int64_p0,0,7,1,2.216580143301723,0.032659635183959375,0.5127598105018567,1658.9784443343233,0.0004004324716966601,1e-05,0,cost,0.0004004324716966601,2.2748718879631347,0.03589734399470002,0.5904684822246389,0.02562418788057764,0.090193547779431,0.13160511367178876,20c8cc6d76d924a0c2d1f63c266844d1d7f1e774fa2e523d439a7afc123b6c63
series_win7_int64_p0,0,8,1,3.728331270945501,0.05100173074270616,0.33320014730580066,1579.0948976306966,1.9009612306497559e-06,1e-05,1,cost,1.9009612306497559e-06,3.7427791582228913,0.052888921934059634,0.3046354389473463,0.0038602029846319668,0.035682164096790744,0.0937668593554263,20c8cc6d76d924a0c2d1f63c266844d1d7f1e774fa2e523d439a7afc123b6c63
series_win7_int64_p0,0,9,1,4.501599511701803,0.058720174039397374,0.469659468635786,1542.2819829668697,6.808099362043407e-10,1e-05,1,cost,6.808099362043407e-10,4.364955469123513,0.057929897248945726,0.4851151432907607,0.03130479647384098,0.013641950495018882,0.0318598066226746,20c8cc6d76d924a0c2d1f63c266844d1d7f1e774fa2e523d439a7afc123b6c63
series_win7_int64_p0,0,10,1,2.942896629304185,0.05060936805892871,0.39240643718235874,1597.2520519278632,9.931127027809628e-06,1e-05,1,cost,9.931127027809628e-06,2.929401115705847,0.046731200462293905,0.42512215510687656,0.004606918979439971,0.08298882883960985,0.07695604082617861,20c8cc6d76d924a0c2d1f63c266844d1d7f1e774fa2e523d439a7afc123b6c63
series_win7_int64_p0,0,11,1,1.971908802795637,0.03879116292989445,0.42756984498847606,1526.4246929179492,4.0723849403789814e-08,1e-05,1,cost,4.0723849403789814e-08,2.1409405384403595,0.03492888069643343,0.4318337315367098,0.07895209260125426,0.11057560839203756,0.009873908027194633,20c8cc6d76d924a0c2d1f63c266844d1d7f1e774fa2e523d439a7afc123b6c63
series_win7_int64_p0,0,12,1,3.5556018335205906,0.04695959529602395,0.3093124478258312,1611.7698957445764,3.535150461253522e-08,1e-05,1,cost,3.535150461253522e-08,3.475443148520294,0.045625172275191035,0.3009554993155038,0.023064306212122857,0.029247517418329042,0.027768053846281424,20c8cc6d76d924a0c2d1f63c266844d1d7f1e774fa2e523d439a7afc123b6c63
series_win7_int64_p0,0,13,1,4.485544996697134,0.06617071367294451,0.412862357773151,1578.7223640489935,6.2315260174194975e-09,1e-05,1,cost,6.2315260174194975e-09,4.383492317785077,0.0620392302928347,0.4316979388115358,0.02328113556809488,0.0665946911431456,0.04363138978666225,20c8cc6d76d924a0c2d1f63c266844d1d7f1e774fa2e523d439a7afc123b6c63
series_win7_int64_p0,0,14,1,4.639164319205684,0.08758957462884114,0.5622033898777756,1681.5038361060542,1.0749384715680321e-09,1e-05,1,cost,1.0749384715680321e-09,4.535533312461739,0.08338125294791263,0.5857839200417314,0.02284869266844773,0.05047083765408757,0.040254655952788695,20c8cc6d76d924a0c2d1f63c266844d1d7f1e774fa2e523d439a7afc123b6c63
series_win7_int64_p0,0,15,1,7.964208913920337,0.1082395709545352,0.5131165039840553,1532.427384635131,2.9082680708114594e-11,1e-05,1,cost,2.9082680708114594e-11,7.585962161890749,0.1114323971417409,0.54394349399187,0.049861407684020455,0.02865258460826668,0.056673147759490436,20c8cc6d76d924a0c2d1f63c266844d1d7f1e774fa2e523d439a7afc123b6c63
series_win7_int64_p0,0,16,1,6.1327814090419155,0.09236621476132716,0.49446025045488345,1429.7957568234988,5.624251064872965e-11,1e-05,1,cost,5.624251064872965e-11,5.998593002273881,0.09471812069613306,0.4953306142413841,0.02236998021322128,0.02483058064835443,0.0017571370746660181,20c8cc6d76d924a0c2d1f63c266844d1d7f1e774fa2e523d439a7afc123b6c63
series_win7_int64_p0,0,17,1,5.560317486964576,0.09013369731570665,0.5655219209141181,1559.2559712976222,3.281340199556837e-10,1e-05,1,cost,3.281340199556837e-10,5.398943265384813,0.09075599991377564,0.57682677328866,0.029889964322168304,0.0068568755637116886,0.019598348929072106,20c8cc6d76d924a0c2d1f63c266844d1d7f1e774fa2e523d439a7afc123b6c63
series_win7_int64_p0,0,18,1,3.7196031889224077,0.05764155884687597,0.47089129099808413,1570.8801502131273,2.464537131513511e-06,1e-05,1,cost,2.464537131513511e-06,3.6592076967429334,0.0606610821392251,0.49343191961710314,0.016505073552734485,0.049776944061415425,0.04568133459325098,20c8cc6d76d924a0c2d1f63c266844d1d7f1e774fa2e523d439a7afc123b6c63
series_win7_int64_p0,0,19,1,2.176768762035859,0.03783001158955521,0.3691196695280282,1628.83317825788,8.814616254959606e-07,1e-05,1,cost,8.814616254959606e-07,2.1590212139213847,0.03237531783345167,0.4086344011008533,0.008220182367842376,0.168483095182698,0.09669947382396869,20c8cc6d76d924a0c2d1f63c266844d1d7f1e774fa2e523d439a7afc123b6c63
series_win7_int64_p0,0,20,1,3.732097613680698,0.05500320332809504,0.2508075935736439,1731.8427731754034,1.5306179252050356e-05,1e-05,0,cost,1.5306179252050356e-05,3.6644685576993385,0.06136582590169716,0.209893140687058,0.018455351687836224,0.10368348311313373,0.19492991887518452,20c8cc6d76d924a0c2d1f63c266844d1d7f1e774fa2e523d439a7afc123b6c63
series_win7_int64_p0,0,21,1,3.6644887010164515,0.044699813422994186,0.2818465521234382,1658.5823173030385,4.444285250509994e-07,1e-05,1,cost,4.444285250509994e-07,3.675221613216589,0.046683339239795896,0.25811531087967005,0.00292034422129556,0.04248894464496284,0.09194046320960526,20c8cc6d76d924a0c2d1f63c266844d1d7f1e774fa2e523d439a7afc123b6c63
series_win7_int64_p0,0,22,1,4.449575246492747,0.07006761596344223,0.5668781392619566,1562.4333925533124,2.494740442005039e-09,1e-05,1,cost,2.494740442005039e-09,4.421338129135401,0.06852576236123241,0.5722617444775282,0.006386554597865287,0.022500349490195585,0.009407592360532112,20c8cc6d76d924a0c2d1f63c266844d1d7f1e774fa2e523d439a7afc123b6c63
series_win7_int64_p0,0,23,1,8.03285216913929,0.11740783767671606,0.46438555136964926,1654.534302393794,2.009620247989119e-11,1e-05,1,cost,2.009620247989119e-11,7.73023253893694,0.1192343056297217,0.5000887863655867,0.03914754552053425,0.015318309133930652,0.07139379240116944,20c8cc6d76d924a0c2d1f63c266844d1d7f1e774fa2e523d439a7afc123b6c63
series_win7_int64_p0,0,24,1,7.416291223842168,0.10995315285804697,0.20414845977511537,1852.9157699714729,7.98336396989896e-12,1e-05,1,cost,7.98336396989896e-12,7.237675172340762,0.10202938142017527,0.29023368046485143,0.02467864987696579,0.077661663018814,0.2966065845695719,20c8cc6d76d924a0c2d1f63c266844d1d7f1e774fa2e523d439a7afc123b6c63
series_win7_int64_p0,0,25,1,4.545802663402029,0.06580183582393763,0.3537538666551397,1563.1273760842666,5.217738185958609e-10,1e-05,1,cost,5.217738185958609e-10,4.533736892920887,0.06767662983472793,0.348564425746158,0.0026613301049698127,0.027702236582535275,0.014888039414443638,20c8cc6d76d924a0c2d1f63c266844d1d7f1e774fa2e523d439a7afc123b6c63
series_win7_int64_p0,0,26,1,3.668570174365252,0.04728884927579341,0.3663874462565265,1690.1897925916614,6.654779018594459e-06,1e-05,1,cost,6.654779018594459e-06,3.708532750824764,0.04748422547072194,0.34752425592775865,0.010775845636154796,0.004114549473887803,0.054278773371977375,20c8cc6d76d924a0c2d1f63c266844d1d7f1e774fa2e523d439a7afc123b6c63
series_win7_int64_p0,0,27,1,7.609204645581839,0.09869612642283519,0.3398851777702028,1779.4944418479868,4.6455062019390425e-12,1e-05,1,cost,4.6455062019390425e-12,7.323464506618292,0.11019461782295727,0.3847915976505124,0.03901707159300365,0.1043471235464147,0.11670322365275752,20c8cc6d76d924a0c2d1f63c266844d1d7f1e774fa2e523d439a7afc123b6c63
series_win7_int64_p0,0,28,1,4.031709462208765,0.07084187665734101,0.3138610860803085,1509.0665960819824,5.051839169212258e-09,1e-05,1,cost,5.051839169212258e-09,3.9880361962916817,0.07454770539293268,0.29364715778878797,0.010951070594016461,0.04971083571330135,0.06883747298538413,20c8cc6d76d924a0c2d1f63c266844d1d7f1e774fa2e523d439a7afc123b6c63
series_win7_int64_p0,0,29,1,7.64849731390435,0.09987800071582613,0.390275636442346,1595.9495188993315,1.729866250244072e-11,1e-05,1,cost,1.729866250244072e-11,7.373075375987463,0.1073387507375635,0.44332073075073086,0.03735509592291401,0.06950658518449168,0.1196539900549134,20c8cc6d76d924a0c2d1f63c266844d1d7f1e774fa2e523d439a7afc123b6c63
series_win7_int64_p0,0,30,1,2.112495481154677,0.031249219213872317,0.3593339980137653,1668.2263438790992,0.0004264888527330535,1e-05,0,cost,0.0004264888527330535,2.2045877397946825,0.02777555113182486,0.3910682327649343,0.04177300679744423,0.1250620758364494,0.08114756477866102,20c8cc6d76d924a0c2d1f63c266844d1d7f1e774fa2e523d439a7afc123b6c63
series_win7_int64_p0,0,31,1,5.242205136740998,0.05930168050075157,0.5166254903293451,1574.3102919245248,3.8915998201716206e-10,1e-05,1,cost,3.8915998201716206e-10,5.228111988158105,0.06187673100973518,0.5052479143177404,0.0026956478007385907,0.04161581368250493,0.02251879857231748,20c8cc6d76d924a0c2d1f63c266844d1d7f1e774fa2e523d439a7afc123b6c63
series_win7_int64_p0,0,32,1,4.964530433698347,0.07461321233991432,0.38259160639981504,1551.6666104057797,2.516859776147129e-09,1e-05,1,cost,2.516859776147129e-09,4.93955266031659,0.07141604015131113,0.3916600173438961,0.005056687335763044,0.04476826468996671,0.02315378272609983,20c8cc6d76d924a0c2d1f63c266844d1d7f1e774fa2e523d439a7afc123b6c63
series_win7_int64_p0,0,33,1,2.7003616711630354,0.04034854608728486,0.3002526504475473,1635.1806430604897,2.267095790486895e-05,1e-05,0,cost,2.267095790486895e-05,2.872998302525655,0.042058649405336386,0.21922585914201234,0.06008936072494535,0.04065996750324916,0.36960416815174435,20c8cc6d76d924a0c2d1f63c266844d1d7f1e774fa2e523d439a7afc123b6c63
series_win7_int64_p0,0,34,1,1.9565085628658325,0.03439128042700317,0.3530415942260474,1640.4007497852058,5.420586191365317e-07,1e-05,1,cost,5.420586191365317e-07,2.255131720202789,0.03253319788635471,0.27991482572253246,0.1324193858219968,0.057113430629817975,0.2612464999478176,20c8cc6d76d924a0c2d1f63c266844d1d7f1e774fa2e523d439a7afc123b6c63
series_win7_int64_p0,0,35,1,4.037351868722905,0.07132168222480735,0.46349376262223485,1631.2350671995127,1.1325175006127175e-08,1e-05,1,cost,1.1325175006127175e-08,3.971425361147362,0.06718063850997594,0.4947296269094528,0.016600213167923324,0.06164043401011278,0.06313724221924326,20c8cc6d76d924a0c2d1f63c266844d1d7f1e774fa2e523d439a7afc123b6c63
series_win7_int64_p0,0,36,1,2.299887439478451,0.04496226838894456,0.34795122934214956,1653.0442812389174,3.8064728520838254e-05,1e-05,0,cost,3.8064728520838254e-05,2.507316024312086,0.04027295060774383,0.2833794578627076,0.0827293340058901,0.1164383962544589,0.2278632755050505,20c8cc6d76d924a0c2d1f63c266844d1d7f1e774fa2e523d439a7afc123b6c63
series_win7_int64_p0,0,37,1,2.6127504525451264,0.03948789615531784,0.32207378475014137,1599.550349173267,3.529370315430436e-05,1e-05,0,cost,3.529370315430436e-05,2.7606918980411512,0.0431347658306865,0.2605392393613692,0.05358853901842385,0.08454594814965322,0.23618148859114255,20c8cc6d76d924a0c2d1f63c266844d1d7f1e774fa2e523d439a7afc123b6c63
series_win7_int64_p0,0,38,1,7.762372162119662,0.1368767135038863,0.1509867466340742,2030.1752842544981,2.5089708088898988e-11,1e-05,1,cost,2.5089708088898988e-11,7.722349518094632,0.1541944812188371,0.231102854340336,0.005182703001366385,0.11231120321597597,0.3466686204934449,20c8cc6d76d924a0c2d1f63c266844d1d7f1e774fa2e523d439a7afc123b6c63
series_win7_int64_p0,0,39,1,5.639049004670042,0.07047107767694948,0.28986738760465774,1604.907806208279,2.651362462913198e-10,1e-05,1,cost,2.651362462913198e-10,5.509567699876662,0.06979918281220308,0.30562941494126494,0.02350117320389377,0.0096261136259166,0.05157235058554918,20c8cc6d76d924a0c2d1f63c266844d1d7f1e774fa2e523d439a7afc123b6c63
series_win7_int64_p0,0,40,1,5.350628994309396,0.09810929201347246,0.30683402384916614,1691.0067697270006,6.399006602375579e-10,1e-05,1,cost,6.399006602375579e-10,5.445956081392742,0.10296424252062854,0.2940665168354542,0.01750419681294367,0.04715181103948203,0.04341707159015329,20c8cc6d76d924a0c2d1f63c266844d1d7f1e774fa2e523d439a7afc123b6c63
series_win7_int64_p0,0,41,1,4.590301980379713,0.06321914159495917,0.4554993094982556,1615.596605964826,7.2734270273322466e-09,1e-05,1,cost,7.2734270273322466e-09,4.4531909644451115,0.0675965068134128,0.4706783803103183,0.030789386089506238,0.06475726964022716,0.032249347849916316,20c8cc6d76d924a0c2d1f63c266844d1d7f1e774fa2e523d439a7afc123b6c63
series_win7_int64_p0,0,42,1,7.608053018224021,0.11504113420400071,0.15437299147258204,1936.6058576807575,3.3730045666258146e-12,1e-05,1,cost,3.3730045666258146e-12,7.478484552592423,0.11540053832540341,0.24705852606476625,0.01732549752833053,0.003114405934478943,0.37515618695096864,20c8cc6d76d924a0c2d1f63c266844d1d7f1e774fa2e523d439a7afc123b6c63
series_win7_int64_p0,0,43,1,3.644001592214961,0.07105418235915474,0.3333451852083283,1576.7970474084557,6.63196512706854e-08,1e-05,1,cost,6.63196512706854e-08,3.578326899148464,0.0658223595917612,0.351469067370809,0.01835346376043109,0.07948397474417472,0.051566080332638674,20c8cc6d76d924a0c2d1f63c266844d1d7f1e774fa2e523d439a7afc123b6c63
series_win7_int64_p0,0,44,1,5.4944760085362025,0.06751066027805418,0.5644484786379891,1633.9275645225316,8.964306796865884e-10,1e-05,1,cost,8.964306796865884e-10,5.38911647441996,0.07194797850978223,0.553572687461874,0.019550428092683377,0.0616739806125997,0.019646545832997006,20c8cc6d76d924a0c2d1f63c266844d1d7f1e774fa2e523d439a7afc123b6c63
series_win7_int64_p0,0,45,1,2.5069837017052414,0.02894163172218934,0.48320625483657953,1709.6772822917746,0.0008849006038319368,1e-05,0,cost,0.0008849006038319368,2.435977010148009,0.030401536746959706,0.5537136735337367,0.029149163256232107,0.04802076411207616,0.12733552026480935,20c8cc6d76d924a0c2d1f63c266844d1d7f1e774fa2e523d439a7afc123b6c63
series_win7_int64_p0,0,46,1,5.300322447807749,0.07891070843812109,0.4808804593586755,1526.0993795627292,1.605074684274399e-10,1e-05,1,cost,1.605074684274399e-10,5.24745352459786,0.07518006364244334,0.4926213246166442,0.010075157971778293,0.04962279379571573,0.02383344908405129,20c8cc6d76d924a0c2d1f63c266844d1d7f1e774fa2e523d439a7afc123b6c63
series_win7_int64_p0,0,47,1,6.175357473132728,0.10182821915161115,0.25214126725843555,1634.9519220774248,2.8326235801401367e-10,1e-05,1,cost,2.8326235801401367e-10,6.235435168539178,0.10931944820270544,0.255586898839165,0.009634884139213207,0.06852604156219012,0.013481252741744505,20c8cc6d76d924a0c2d1f63c266844d1d7f1e774fa2e523d439a7afc123b6c63
series_win7_int64_p0,0,48,1,2.6118636206458827,0.03859327535969024,0.2857880417806521,1591.9305627694177,0.0030203081560582906,1e-05,0,cost,0.0030203081560582906,2.3616227262577034,0.039702016097373095,0.34673504295579477,0.10596141864908218,0.027926560076031417,0.17577398769847674,20c8cc6d76d924a0c2d1f63c266844d1d7f1e774fa2e523d439a7afc123b6c63
series_win7_int64_p0,0,49,1,3.504899166465966,0.060283811298615236,0.3744032611210146,1592.9949986502068,4.09160756234539e-06,1e-05,1,cost,4.09160756234539e-06,3.4912425921675503,0.06091226748328085,0.3878479994152928,0.003911665814645344,0.010317399279843157,0.034664967498986926,20c8cc6d76d924a0c2d1f63c266844d1d7f1e774fa2e523d439a7afc123b6c63
series_win7_int64_p0,0,50,1,8.089975943594686,0.09468892056447499,0.4443178421795799,1624.5102616214062,1.1355361095866101e-11,1e-05,1,cost,1.1355361095866101e-11,7.59743837053228,0.09387293013391272,0.5005074887871079,0.06482942658314694,0.00869249984418546,0.11226534640609226,20c8cc6d76d924a0c2d1f63c266844d1d7f1e774fa2e523d439a7afc123b6c63
series_win7_int64_p0,0,51,1,7.381146922772306,0.1032203017037005,0.4600785501371127,1656.3308888583792,1.637490143480136e-11,1e-05,1,cost,1.637490143480136e-11,6.979097570643039,0.1051494637514872,0.5115988098844231,0.05760764168428484,0.018346855789451593,0.10070441672635927,20c8cc6d76d924a0c2d1f63c266844d1d7f1e774fa2e523d439a7afc123b6c63
series_win7_int64_p0,0,52,1,5.397854297606123,0.0934867616727957,0.3366119676027391,1628.4626052346787,4.4801312659714654e-10,1e-05,1,cost,4.4801312659714654e-10,5.509235420487406,0.09835789453803442,0.32164448690800906,0.02021716524712055,0.049524574393518456,0.04653423672394782,20c8cc6d76d924a0c2d1f63c266844d1d7f1e774fa2e523d439a7afc123b6c63
series_win7_int64_p0,0,53,1,4.509691839687674,0.06415203092369441,0.41365775802591276,1640.388054969647,4.1066004763390396e-08,1e-05,1,cost,4.1066004763390396e-08,4.71383468287713,0.06165066926811518,0.3979664257371076,0.04330717068441096,0.04057314681696242,0.0394287841235398,20c8cc6d76d924a0c2d1f63c266844d1d7f1e774fa2e523d439a7afc123b6c63
series_win7_int64_p0,0,54,1,2.4559675771079252,0.023229750929847803,0.4087992920523282,1664.88232273326,0.01175901075825278,1e-05,0,cost,0.01175901075825278,2.359210129402468,0.035993349575428414,0.47003555581010487,0.04101264507963253,0.3546099153354135,0.13028006711585077,20c8cc6d76d924a0c2d1f63c266844d1d7f1e774fa2e523d439a7afc123b6c63
series_win7_int64_p0,0,55,1,2.6826679338792188,0.04105359159949402,0.36534476576859076,1596.702292629157,1.0525700616381695e-06,1e-05,1,cost,1.0525700616381695e-06,2.855986092254814,0.04331671577790046,0.33573590634691164,0.060685925203074045,0.05224597797326668,0.08819092287103979,20c8cc6d76d924a0c2d1f63c266844d1d7f1e774fa2e523d439a7afc123b6c63
series_win7_int64_p0,0,56,1,8.410669556528791,0.13328123555954505,0.5219685576107415,1610.1825527938902,1.46264111933192e-11,1e-05,1,cost,1.46264111933192e-11,7.933316968748333,0.12499547659704575,0.5644347047626578,0.06017061837575517,0.06628847049570052,0.07523659830550841,20c8cc6d76d924a0c2d1f63c266844d1d7f1e774fa2e523d439a7afc123b6c63
series_win7_int64_p0,0,57,1,4.906621370083148,0.06486947776918407,0.24367476187984471,1685.7590855460987,7.936911697314919e-09,1e-05,1,cost,7.936911697314919e-09,5.016845945286321,0.06632867624033945,0.21687067677481286,0.021970890955249952,0.02199951143104414,0.12359478701154147,20c8cc6d76d924a0c2d1f63c266844d1d7f1e774fa2e523d439a7afc123b6c63
series_win7_int64_p0,0,58,1,1.9514344851404664,0.028814090941329244,0.4148821852120646,1700.6848497309263,0.013889899741689596,1e-05,0,cost,0.013889899741689596,2.115273202214496,0.03613373197897098,0.4359017318188455,0.07745510929865022,0.202570856558675,0.048220837570602554,20c8cc6d76d924a0c2d1f63c266844d1d7f1e774fa2e523d439a7afc123b6c63
series_win7_int64_p0,0,59,1,8.348472522220497,0.11174846307938972,0.4570819444096502,1671.108071551189,3.849198737526649e-12,1e-05,1,cost,3.849198737526649e-12,7.89161531566454,0.0983212592498911,0.5238636652478534,0.05789146939906134,0.13656460395174905,0.12747919977730668,20c8cc6d76d924a0c2d1f63c266844d1d7f1e774fa2e523d439a7afc123b6c63
series_win7_int64_p0,0,60,1,6.963623830836185,0.09191990081670331,0.5658116161166911,1691.9855745188852,1.1797315901951322e-10,1e-05,1,cost,1.1797315901951322e-10,6.603773514207141,0.10598162292546066,0.5838829777343715,0.05449161995863024,0.13268075842400795,0.03095031420131878,20c8cc6d76d924a0c2d1f63c266844d1d7f1e774fa2e523d439a7afc123b6c63
series_win7_int64_p0,0,61,1,3.880058455713553,0.054713668826884825,0.439448761349877,1680.8658199316897,3.695222442479107e-07,1e-05,1,cost,3.695222442479107e-07,3.918395316136757,0.053134138132709625,0.4339665732710274,0.00978381641722694,0.029727229041150712,0.01263274274220603,20c8cc6d76d924a0c2d1f63c266844d1d7f1e774fa2e523d439a7afc123b6c63
series_win7_int64_p0,0,62,1,1.8802756562294585,0.04193247253342491,0.402770215121165,1616.0919035666122,2.2032972644969728e-07,1e-05,1,cost,2.2032972644969728e-07,2.078511023959135,0.04006140014157583,0.41301836929591507,0.09537373891434982,0.04670511727590048,0.024812829008599293,20c8cc6d76d924a0c2d1f63c266844d1d7f1e774fa2e523d439a7afc123b6c63
series_win7_int64_p0,0,63,1,2.475661905101036,0.04955598212186173,0.4026618789068597,1563.0397362205758,1.2938358454062104e-08,1e-05,1,cost,1.2938358454062104e-08,2.6137550277916004,0.04752445333866216,0.40444406575653136,0.05283323082012061,0.042747020543777055,0.004406510072877363,20c8cc6d76d924a0c2d1f63c266844d1d7f1e774fa2e523d439a7afc123b6c63
series_win7_int64_p0,0,64,1,5.938102592825082,0.08158721845856873,0.23566224864394675,1642.7331960657928,3.0507352200004334e-10,1e-05,1,cost,3.0507352200004334e-10,5.860368252397157,0.0860479582779752,0.24783542849983065,0.013264412248518428,0.0518401587751356,0.04911799709012231,20c8cc6d76d924a0c2d1f63c266844d1d7f1e774fa2e523d439a7afc123b6c63
series_win7_int64_p0,0,65,1,4.418696462136489,0.0628781763161466,0.361492386664896,1583.9545926108945,8.154904046486777e-08,1e-05,1,cost,8.154904046486777e-08,4.30400773568873,0.06013904754071456,0.3849879814744761,0.0266469610397683,0.045546593892722295,0.061029424138368295,20c8cc6d76d924a0c2d1f63c266844d1d7f1e774fa2e523d439a7afc123b6c63
series_win7_int64_p0,0,66,1,4.343728361816998,0.06123376024540312,0.520915733909669,1557.599580704752,2.491976958118869e-08,1e-05,1,cost,2.491976958118869e-08,4.318348807741663,0.0696148764751192,0.5222439031398431,0.0058771431408773936,0.12039260362275504,0.0025431971961546165,20c8cc6d76d924a0c2d1f63c266844d1d7f1e774fa2e523d439a7afc123b6c63
series_win7_int64_p0,0,67,1,3.894203474332979,0.0538202449939153,0.35749781524459456,1597.6711676134867,1.814376166253684e-07,1e-05,1,cost,1.814376166253684e-07,3.960109834459873,0.05446496730124102,0.34712685755406425,0.016642558636478514,0.011837376193761717,0.029876563754261103,20c8cc6d76d924a0c2d1f63c266844d1d7f1e774fa2e523d439a7afc123b6c63
series_win7_int64_p0,0,68,1,4.182516838068657,0.0612787591893178,0.3205382643055523,1707.818519981848,2.630084192101201e-09,1e-05,1,cost,2.630084192101201e-09,4.125198537854926,0.06517888389637731,0.30870120331280154,0.01389467675016094,0.059837242890811215,0.03834471931344075,20c8cc6d76d924a0c2d1f63c266844d1d7f1e774fa2e523d439a7afc123b6c63
series_win7_int64_p0,0,69,1,3.8161465297617774,0.06810519466392394,0.5054599209039738,1627.9768919017715,1.617341356674462e-08,1e-05,1,cost,1.617341356674462e-08,3.98556651662461,0.06486902888517804,0.5008875673607459,0.04250838272455057,0.04988768653333939,0.009128502764243828,20c8cc6d76d924a0c2d1f63c266844d1d7f1e774fa2e523d439a7afc123b6c63
series_win7_int64_p0,0,70,1,8.187165253714404,0.10123394224248708,0.4238602164570244,1662.8751060240193,6.3779259651397524e-12,1e-05,1,cost,6.3779259651397524e-12,7.891559196280233,0.09356397053860316,0.48752392280374107,0.03745851105995738,0.08197569705231139,0.13058580998566777,20c8cc6d76d924a0c2d1f63c266844d1d7f1e774fa2e523d439a7afc123b6c63
series_win7_int64_p0,0,71,1,7.073996622056662,0.10889360087893588,0.45834137708048445,1556.8074539455158,3.06003833383528e-11,1e-05,1,cost,3.06003833383528e-11,6.916515443621282,0.10275469519295186,0.49651413371788505,0.022768860955933546,0.059743310750486264,0.0768815106058794,20c8cc6d76d924a0c2d1f63c266844d1d7f1e774fa2e523d439a7afc123b6c63
series_win7_int64_p0,0,72,1,5.928498699688248,0.10534841071957148,0.38204261449822163,1585.0169797731833,5.466305186274667e-11,1e-05,1,cost,5.466305186274667e-11,5.806770596147759,0.10944570523234433,0.395861478749134,0.020963132867904955,0.037436777478610336,0.0349083328203038,20c8cc6d76d924a0c2d1f63c266844d1d7f1e774fa2e523d439a7afc123b6c63
series_win7_int64_p0,0,73,1,5.619981209853091,0.09267402314061705,0.22474362857123295,1680.535732949503,7.040686367254523e-10,1e-05,1,cost,7.040686367254523e-10,5.499298916315833,0.09796057576842863,0.23441611969975687,0.021945032516637084,0.05396612449796732,0.04126205629933884,20c8cc6d76d924a0c2d1f63c266844d1d7f1e774fa2e523d439a7afc123b6c63
series_win7_int64_p0,0,74,1,6.7371317275438924,0.11230081307104237,0.24448445061877744,1663.1400551456532,1.0681114326338559e-10,1e-05,1,cost,1.0681114326338559e-10,6.778536214374777,0.11849103027356377,0.26247121425960335,0.006108175205006838,0.052242074258531314,0.06852851918090978,20c8cc6d76d924a0c2d1f63c266844d1d7f1e774fa2e523d439a7afc123b6c63
series_win7_int64_p0,0,75,1,4.022999647605102,0.0706633430135312,0.31292633662492075,1585.939943004296,6.954388037661019e-10,1e-05,1,cost,6.954388037661019e-10,3.8274040190471252,0.0693656600294252,0.3599723718133179,0.051103993094168534,0.018707858954351723,0.1306934611437216,20c8cc6d76d924a0c2d1f63c266844d1d7f1e774fa2e523d439a7afc123b6c63
series_win7_int64_p0,0,76,1,5.5267023516178995,0.1062038476524429,0.19826601164697275,1608.0006959644124,8.273263185643032e-10,1e-05,1,cost,8.273263185643032e-10,5.517071424189092,0.10416267828701709,0.20492231292761673,0.0017456593704009698,0.019595976207537887,0.03248207179369063,20c8cc6d76d924a0c2d1f63c266844d1d7f1e774fa2e523d439a7afc123b6c63
series_win7_int64_p0,0,77,1,3.8169423772138935,0.04811808242814747,0.29764291976647916,1633.203833768923,3.903591858089861e-08,1e-05,1,cost,3.903591858089861e-08,3.983292316771837,0.050699406944366594,0.23196580657460686,0.04176192112678228,0.05091429410706246,0.28313273478411854,20c8cc6d76d924a0c2d1f63c266844d1d7f1e774fa2e523d439a7afc123b6c63
series_win7_int64_p0,0,78,1,6.900355482965872,0.08329390256836136,0.54847575681844,1641.6629873157863,6.756903370153111e-11,1e-05,1,cost,6.756903370153111e-11,6.3229683487339265,0.08029791300093413,0.5974137776629855,0.09131583496658781,0.037310926965092875,0.08191645836489664,20c8cc6d76d924a0c2d1f63c266844d1d7f1e774fa2e523d439a7afc123b6c63
series_win7_int64_p0,0,79,1,5.882660846217982,0.07833308816517379,0.3305768105012272,1560.7744678372478,8.747487153029643e-11,1e-05,1,cost,8.747487153029643e-11,5.919829092989421,0.07743150161903066,0.33786641829695924,0.006278601322368393,0.011643666044073462,0.02157541383507666,20c8cc6d76d924a0c2d1f63c266844d1d7f1e774fa2e523d439a7afc123b6c63
series_win7_int64_p0,0,80,1,4.1831899429289185,0.05232498718766737,0.28336524580896666,1582.6513229624325,3.2345104947761882e-06,1e-05,1,cost,3.2345104947761882e-06,4.120329247243738,0.06080036003598005,0.26234637432696306,0.015256231216772406,0.13939675428397424,0.08011878012770901,20c8cc6d76d924a0c2d1f63c266844d1d7f1e774fa2e523d439a7afc123b6c63
series_win7_int64_p0,0,81,1,4.201961433776146,0.07139165002947132,0.4964698753988703,1563.7726916154759,2.2398108368015812e-09,1e-05,1,cost,2.2398108368015812e-09,4.2987771643799375,0.07661895058315665,0.4781109708063665,0.022521690913875497,0.06822464304065357,0.03839883565428386,20c8cc6d76d924a0c2d1f63c266844d1d7f1e774fa2e523d439a7afc123b6c63
series_win7_int64_p0,0,82,1,7.473412712579055,0.1243347561266732,0.16826411748459,1907.7878285807951,3.548153437726853e-11,1e-05,1,cost,3.548153437726853e-11,7.297137205367871,0.1326341961491499,0.24484334366313157,0.02415680317501952,0.06257390826377686,0.31276825840078104,20c8cc6d76d924a0c2d1f63c266844d1d7f1e774fa2e523d439a7afc123b6c63
series_win7_int64_p0,0,83,1,1.8500398911716296,0.027521983338477767,0.343196545049302,1731.0930544222565,4.205367300708085e-05,1e-05,0,cost,4.205367300708085e-05,2.0048344718429023,0.025003378984462622,0.2825060099314001,0.07721065396934293,0.10073055948078989,0.2148291823336401,20c8cc6d76d924a0c2d1f63c266844d1d7f1e774fa2e523d439a7afc123b6c63
series_win7_int64_p0,0,84,1,2.563226308289233,0.03473456619318919,0.27505651785971175,1587.2939409205665,0.007133498333275506,1e-05,0,cost,0.007133498333275506,2.18459219795674,0.034195329948470965,0.34678401588261654,0.17332027033998892,0.015769294974805035,0.2068362287124097,20c8cc6d76d924a0c2d1f63c266844d1d7f1e774fa2e523d439a7afc123b6c63
series_win7_int64_p0,0,85,1,7.084254294989551,0.0841830723828824,0.5156394363949499,1612.1800880672147,3.243888664627992e-11,1e-05,1,cost,3.243888664627992e-11,6.758238014203197,0.08053032273380695,0.5372921318982486,0.04823983412558029,0.045358686331726544,0.04029966980309193,20c8cc6d76d924a0c2d1f63c266844d1d7f1e774fa2e523d439a7afc123b6c63
series_win7_int64_p0,0,86,1,5.0294618720025115,0.06474253054854845,0.5009447553489275,1596.4476778480075,5.490553844911261e-10,1e-05,1,cost,5.490553844911261e-10,4.977864183715684,0.06792156164271182,0.49410833496124434,0.01036542709534373,0.046804446442000935,0.013835873439008746,20c8cc6d76d924a0c2d1f63c266844d1d7f1e774fa2e523d439a7afc123b6c63
series_win7_int64_p0,0,87,1,1.8247299876162772,0.03388807746188887,0.3993796713332266,1717.9068899165616,1.3698990515703668e-06,1e-05,1,cost,1.3698990515703668e-06,2.0436555763278843,0.03232738281035807,0.39542561525755704,0.10712450338866818,0.04827779163832398,0.009999494021382822,20c8cc6d76d924a0c2d1f63c266844d1d7f1e774fa2e523d439a7afc123b6c63
series_win7_int64_p0,0,88,1,6.821224864652762,0.11098060406936475,0.37301019878878894,1630.7976910641062,2.1954743578689317e-11,1e-05,1,cost,2.1954743578689317e-11,6.556237870739479,0.1096260246672722,0.42053822586084577,0.040417538096950534,0.012356367078016878,0.11301713886952014,20c8cc6d76d924a0c2d1f63c266844d1d7f1e774fa2e523d439a7afc123b6c63
series_win7_int64_p0,0,89,1,3.131707766005964,0.04512180510024347,0.28171032974207544,1548.7404143061294,0.0002703748813761564,1e-05,0,cost,0.0002703748813761564,3.179887016316008,0.05040254349060129,0.2189759228820353,0.015151245960260898,0.10477126796869958,0.2864899758583771,20c8cc6d76d924a0c2d1f63c266844d1d7f1e774fa2e523d439a7afc123b6c63
series_win7_int64_p0,0,90,1,6.992361298800657,0.09122508785560864,0.1622393194904527,1709.5896264797973,2.542831223362185e-10,1e-05,1,cost,2.542831223362185e-10,7.024097145121941,0.09808284877634033,0.20929773514846606,0.004518138867615777,0.0699180438403613,0.22483958378542562,20c8cc6d76d924a0c2d1f63c266844d1d7f1e774fa2e523d439a7afc123b6c63
series_win7_int64_p0,0,91,1,3.1674536390394907,0.050909824182510256,0.4656122897015916,1657.2143081742902,8.660978395302887e-07,1e-05,1,cost,8.660978395302887e-07,3.3089077635513595,0.051096641027234026,0.46596508857819763,0.0427494915603359,0.0036561472724635237,0.0007571358568568958,20c8cc6d76d924a0c2d1f63c266844d1d7f1e774fa2e523d439a7afc123b6c63
series_win7_int64_p0,0,92,1,6.72985301781161,0.0774911231227558,0.504957755913925,1628.082023477714,3.20076187776408e-11,1e-05,1,cost,3.20076187776408e-11,6.465762049666184,0.07194816726220786,0.537722915434959,0.040844523215799594,0.07704095978355079,0.06093316572631195,20c8cc6d76d924a0c2d1f63c266844d1d7f1e774fa2e523d439a7afc123b6c63
series_win7_int64_p0,0,93,1,2.5516373570821975,0.04848306918655233,0.2941716614752108,1593.9176926575822,5.185928948631124e-07,1e-05,1,cost,5.185928948631124e-07,2.689240135630288,0.04467020986058792,0.2093673522102363,0.05116790305371526,0.08535575135787435,0.4050503021111821,20c8cc6d76d924a0c2d1f63c266844d1d7f1e774fa2e523d439a7afc123b6c63
series_win7_int64_p0,0,94,1,3.781911463834833,0.060541455475039294,0.3432947923020927,1658.665470683971,3.405119020083447e-09,1e-05,1,cost,3.405119020083447e-09,3.603592833085251,0.059533884825332756,0.3707900263510714,0.04948356793042921,0.01692432221855944,0.07415311118143629,20c8cc6d76d924a0c2d1f63c266844d1d7f1e774fa2e523d439a7afc123b6c63
series_win7_int64_p0,0,95,1,4.1549756222471395,0.06871740775370874,0.4650146065126325,1736.7799408865335,1.5342865275491668e-07,1e-05,1,cost,1.5342865275491668e-07,4.205518776284162,0.07086674766082877,0.4755993518971609,0.012018292326275262,0.03032931491941556,0.022255592532466614,20c8cc6d76d924a0c2d1f63c266844d1d7f1e774fa2e523d439a7afc123b6c63
series_win7_int64_p0,0,96,1,7.386731481627455,0.1154371374234949,0.1612486076274848,1874.6772434749626,2.2820800804623786e-11,1e-05,1,cost,2.2820800804623786e-11,7.300581750315821,0.11729542339653341,0.230879937588238,0.011800392661572122,0.015842783283677823,0.30159108100997906,20c8cc6d76d924a0c2d1f63c266844d1d7f1e774fa2e523d439a7afc123b6c63
series_win7_int64_p0,0,97,1,5.746662482208475,0.0978784572302824,0.5206287380982226,1568.094819784494,2.8136742935558345e-10,1e-05,1,cost,2.8136742935558345e-10,5.502566541404262,0.10732570423591183,0.5416916139421768,0.04436037964602593,0.08802408586915486,0.038883518411275485,20c8cc6d76d924a0c2d1f63c266844d1d7f1e774fa2e523d439a7afc123b6c63
series_win7_int64_p0,0,98,1,4.984277347269217,0.059854624301312415,0.2883383530394613,1686.8494186102962,1.0877356515504033e-09,1e-05,1,cost,1.0877356515504033e-09,4.96076752074282,0.06496530279343189,0.2778631535794055,0.004739151034208533,0.07866781608591496,0.03769913111945697,20c8cc6d76d924a0c2d1f63c266844d1d7f1e774fa2e523d439a7afc123b6c63
series_win7_int64_p0,0,99,1,5.923156012738891,0.08910470682532531,0.5254429393213479,1639.498449947556,2.7942916036582943e-10,1e-05,1,cost,2.7942916036582943e-10,5.689548746736849,0.09080661170656715,0.5410919621310958,0.041059014765630494,0.018742081102435314,0.028921188827337352,20c8cc6d76d924a0c2d1f63c266844d1d7f1e774fa2e523d439a7afc123b6c63
series_win7_int64_p0,0,100,1,4.5751961615136105,0.07486026457746611,0.5321719102666804,1591.473218443882,1.2694937878698909e-09,1e-05,1,cost,1.2694937878698909e-09,4.509400713433751,0.07123051135205746,0.5552830397428754,0.014590729957497835,0.050957843156123936,0.04162044907205634,20c8cc6d76d924a0c2d1f63c266844d1d7f1e774fa2e523d439a7afc123b6c63
series_win7_int64_p0,0,101,1,2.587414518637619,0.04054362496034445,0.35330621659727773,1658.8899185037005,0.00019082447277976589,1e-05,0,cost,0.00019082447277976589,2.6431933362204036,0.0390608948833079,0.35003265876306755,0.021102814091739808,0.03795944976340456,0.009352149727337332,20c8cc6d76d924a0c2d1f63c266844d1d7f1e774fa2e523d439a7afc123b6c63
series_win7_int64_p0,0,102,1,7.340274812808025,0.1083932929125179,0.3957154726513863,1780.270615777938,2.0894702634777218e-11,1e-05,1,cost,2.0894702634777218e-11,7.094404883718467,0.1195485133432284,0.43894317154887624,0.034656878641621536,0.09331124343372998,0.098481310792362,20c8cc6d76d924a0c2d1f63c266844d1d7f1e774fa2e523d439a7afc123b6c63
series_win7_int64_p0,0,103,1,4.502994889966454,0.07811755167420943,0.27990452739116656,1641.8287512739496,3.153588085114123e-09,1e-05,1,cost,3.153588085114123e-09,4.667109458702844,0.07298968460196487,0.2397068399921524,0.035164071078376505,0.07025468188016426,0.16769520385955683,20c8cc6d76d924a0c2d1f63c266844d1d7f1e774fa2e523d439a7afc123b6c63
series_win7_int64_p0,0,104,1,8.235920910869623,0.11423643461802621,0.38157475257195295,1662.7465011544741,7.660566625489196e-12,1e-05,1,cost,7.660566625489196e-12,7.923060203441778,0.1167498441691765,0.44173274679668617,0.03948735708103531,0.021528161934916395,0.13618640379501185,20c8cc6d76d924a0c2d1f63c266844d1d7f1e774fa2e523d439a7afc123b6c63
series_win7_int64_p0,0,105,1,2.6758386473356968,0.023547310407955543,0.45403756403473466,1605.6195245182037,0.0009453762737630378,1e-05,0,cost,0.0009453762737630378,2.6679620930701304,0.02861401843329752,0.5139779183114304,0.0029522736796093164,0.17707083110864144,0.11662048531893647,20c8cc6d76d924a0c2d1f63c266844d1d7f1e774fa2e523d439a7afc123b6c63
series_win7_int64_p0,0,106,1,1.8729819125101956,0.03514932484210333,0.47899557154277794,1732.8751331688227,0.0005678307325981818,1e-05,0,cost,0.0005678307325981818,2.0726381744995432,0.029752945992968224,0.5631850147739523,0.09632953037621068,0.1813729252360582,0.14948807411888582,20c8cc6d76d924a0c2d1f63c266844d1d7f1e774fa2e523d439a7afc123b6c63
series_win7_int64_p0,0,107,1,7.681412159898358,0.10468645830942291,0.15529129830639976,1855.6187134679906,4.0307868154343396e-11,1e-05,1,cost,4.0307868154343396e-11,7.792544338949571,0.10792446978417775,0.21746806224387352,0.014261347028305001,0.030002570142156397,0.28591216243858075,20c8cc6d76d924a0c2d1f63c266844d1d7f1e774fa2e523d439a7afc123b6c63
series_win7_int64_p0,0,108,1,7.5239498099468864,0.11958007990870678,0.13336956521194304,1797.9602350765092,4.664429953393778e-11,1e-05,1,cost,4.664429953393778e-11,7.312819377415955,0.12910119319141405,0.22060188814428594,0.028871276813285173,0.07374922762015555,0.3954287230546644,20c8cc6d76d924a0c2d1f63c266844d1d7f1e774fa2e523d439a7afc123b6c63
series_win7_int64_p0,0,109,1,2.7344117331406754,0.03843947807441559,0.33356482820758665,1570.1620969934452,0.00010063675281461737,1e-05,0,cost,0.00010063675281461737,2.765834186081775,0.044318505882354364,0.2841061639041478,0.011360931576890386,0.13265401644055735,0.17408515050777046,20c8cc6d76d924a0c2d1f63c266844d1d7f1e774fa2e523d439a7afc123b6c63
series_win7_int64_p0,0,110,1,7.032471477899091,0.09106490232217841,0.3812356407478815,1626.4390870019488,2.949729349666086e-11,1e-05,1,cost,2.949729349666086e-11,6.766974318948115,0.09625628553592346,0.4256444363657461,0.039234249523832344,0.053932926923588656,0.10433308137899674,20c8cc6d76d924a0c2d1f63c266844d1d7f1e774fa2e523d439a7afc123b6c63
series_win7_int64_p0,0,111,1,6.450542912230079,0.08581916401335166,0.21040010350604513,1653.2580523792876,3.775428858432406e-10,1e-05,1,cost,3.775428858432406e-10,6.468202162720069,0.09161355505511073,0.22843735995870046,0.002730163659968906,0.06324818459750224,0.07895931057825355,20c8cc6d76d924a0c2d1f63c266844d1d7f1e774fa2e523d439a7afc123b6c63
series_win7_int64_p0,0,112,1,3.443576011582164,0.057381520608543776,0.4037247921532308,1646.7772108333456,4.5739945427336615e-06,1e-05,1,cost,4.5739945427336615e-06,3.532123822320552,0.056959339160370194,0.4043686097457172,0.025069282729792173,0.007411979394369756,0.0015921552191977561,20c8cc6d76d924a0c2d1f63c266844d1d7f1e774fa2e523d439a7afc123b6c63
series_win7_int64_p0,0,113,1,5.408848120677919,0.10868328733678737,0.3338022456457931,1565.7269892747913,2.0475203477143822e-10,1e-05,1,cost,2.0475203477143822e-10,5.298736146451533,0.10148602641770942,0.3501443949160487,0.02078079964410504,0.07091873800886168,0.046672599954581166,20c8cc6d76d924a0c2d1f63c266844d1d7f1e774fa2e523d439a7afc123b6c63
series_win7_int64_p0,0,114,1,2.333274604314996,0.02231947727473243,0.4492706186454958,1632.0045689560777,0.018282325680855215,1e-05,0,cost,0.018282325680855215,2.31445655889359,0.02951513391625971,0.5184987408832046,0.008130653975377282,0.24379549359128053,0.13351647126430133,20c8cc6d76d924a0c2d1f63c266844d1d7f1e774fa2e523d439a7afc123b6c63
series_win7_int64_p0,0,115,1,6.613451082776473,0.08450396342891259,0.5104337734006691,1610.7725604767957,2.3115032110609945e-10,1e-05,1,cost,2.3115032110609945e-10,6.058601727440957,0.09256306730545974,0.5678940176841119,0.09158043064994054,0.08706608489919601,0.10118128117948362,20c8cc6d76d924a0c2d1f63c266844d1d7f1e774fa2e523d439a7afc123b6c63
series_win7_int64_p0,0,116,1,2.1428051127091976,0.03220788553116344,0.394055078468102,1645.5806899254044,0.01490279137280491,1e-05,0,cost,0.01490279137280491,2.1936616653699543,0.04063309900284778,0.4248898245856302,0.023183407661992363,0.20734853305414538,0.07257115688190338,20c8cc6d76d924a0c2d1f63c266844d1d7f1e774fa2e523d439a7afc123b6c63
series_win7_int64_p0,0,117,1,4.479914119359914,0.07551130135526696,0.2551928357162072,1638.7184083125876,1.6237326004153035e-09,1e-05,1,cost,1.6237326004153035e-09,4.404988712572085,0.07642387246905477,0.2471344552601901,0.01700921652171034,0.011940916945255918,0.03260727221355285,20c8cc6d76d924a0c2d1f63c266844d1d7f1e774fa2e523d439a7afc123b6c63
series_win7_int64_p0,0,118,1,6.2563179674349945,0.08849987939744088,0.29510000342266846,1574.0175604988315,6.763214988048105e-11,1e-05,1,cost,6.763214988048105e-11,6.201589553715154,0.08668714829120873,0.31902863608594023,0.008824900978339437,0.020911186282684326,0.07500465461923568,20c8cc6d76d924a0c2d1f63c266844d1d7f1e774fa2e523d439a7afc123b6c63
series_win7_int64_p0,0,119,1,5.895171032413623,0.08686173465446462,0.3543709681970159,1632.2281795497665,6.147630234737411e-11,1e-05,1,cost,6.147630234737411e-11,6.0227346560183275,0.09007548667244841,0.35198870976691643,0.021180349274931762,0.035678430799606135,0.006767996711249604,20c8cc6d76d924a0c2d1f63c266844d1d7f1e774fa2e523d439a7afc123b6c63
series_win7_int64_p0,0,120,1,5.199080488911805,0.0740756901448965,0.40144586871424326,1641.649571888859,5.824112025987205e-10,1e-05,1,cost,5.824112025987205e-10,5.039796936447014,0.07071216342323781,0.4216405653581371,0.03160515284115461,0.0475664519203968,0.04789552595998602,20c8cc6d76d924a0c2d1f63c266844d1d7f1e774fa2e523d439a7afc123b6c63
series_win7_int64_p0,0,121,1,4.202945286486632,0.07281434658496976,0.4229958768370419,1591.4216646515947,2.511138392502499e-07,1e-05,1,cost,2.511138392502499e-07,4.368234665615803,0.07198330664624761,0.4006095374431297,0.037838942223098034,0.01154489808041443,0.055880695044835546,20c8cc6d76d924a0c2d1f63c266844d1d7f1e774fa2e523d439a7afc123b6c63
series_win7_int64_p0,0,122,1,2.7850047816173364,0.03848028411738214,0.3536010171004381,1583.3169249356577,1.3596604857779582e-05,1e-05,0,cost,1.3596604857779582e-05,2.6303477770796464,0.03953322325652485,0.3838528891139764,0.05879716966909926,0.026634285100163756,0.07881110933766006,20c8cc6d76d924a0c2d1f63c266844d1d7f1e774fa2e523d439a7afc123b6c63
series_win7_int64_p0,0,123,1,5.10941131409116,0.07190458132569624,0.48640385257441726,1591.337248774025,2.8478414071386737e-10,1e-05,1,cost,2.8478414071386737e-10,4.952751793906503,0.06971508201016255,0.502630472997827,0.03163080378415061,0.031406393744391276,0.032283399624837165,20c8cc6d76d924a0c2d1f63c266844d1d7f1e774fa2e523d439a7afc123b6c63
series_win7_int64_p0,0,124,1,6.497076081052748,0.09339608565345452,0.48838415222734055,1692.839465482038,8.212605595581124e-11,1e-05,1,cost,8.212605595581124e-11,5.952846842265256,0.09836865423370328,0.5577515603854013,0.09142335645584915,0.050550336578103254,0.12436972495447345,20c8cc6d76d924a0c2d1f63c266844d1d7f1e774fa2e523d439a7afc123b6c63
series_win7_int64_p0,0,125,1,4.425722308023592,0.05078975399237249,0.42306205197262137,1636.129823252415,1.568011553931825e-08,1e-05,1,cost,1.568011553931825e-08,4.439454984492341,0.050832701001735876,0.4134015859787176,0.0030933248600829976,0.0008448697101875423,0.023368236411171087,20c8cc6d76d924a0c2d1f63c266844d1d7f1e774fa2e523d439a7afc123b6c63
series_win7_int64_p0,0,126,1,6.070022590666614,0.08215931477378019,0.3852049157046045,1627.8992578178445,7.12355591181435e-11,1e-05,1,cost,7.12355591181435e-11,6.127274485029768,0.08537688278313814,0.3849646777429629,0.00934377829865998,0.03768664191606461,0.0006240519599100367,20c8cc6d76d924a0c2d1f63c266844d1d7f1e774fa2e523d439a7afc123b6c63
series_win7_int64_p0,0,127,1,3.620176717404373,0.05570274639675897,0.32899929718134685,1666.8570623189453,1.4814953125386054e-08,1e-05,1,cost,1.4814953125386054e-08,3.436516165974801,0.05361325698768471,0.3671292771614686,0.053443820008184026,0.03897337200674506,0.10385981819519026,20c8cc6d76d924a0c2d1f63c266844d1d7f1e774fa2e523d439a7afc123b6c63
series_win7_int64_p0,1,0,1,7.699699822176029,0.1144046936101252,0.4350239236955211,1510.4957896391538,1.9399093442729054e-11,1e-05,1,cost,1.9399093442729054e-11,7.66193324607077,0.12488383317490416,0.43349673090252455,0.0049291183951030455,0.08391109800499603,0.0035229626526064165,0ebb7940fe6d6e77d7c2353599d50e36fbf7029744c07811abe8457fd2c9e1e8
series_win7_int64_p0,1,1,1,7.24590099567904,0.11646791749277488,0.528496505749174,1435.0176583757413,3.51564888312339e-11,1e-05,1,cost,3.51564888312339e-11,7.107985503602176,0.11549221983094739,0.5423598261986978,0.01940289439349187,0.008448167878803248,0.02556111234618793,0ebb7940fe6d6e77d7c2353599d50e36fbf7029744c07811abe8457fd2c9e1e8
series_win7_int64_p0,1,2,1,2.4629241648098272,0.03481147306260233,0.4179715507713185,1653.7379285415955,0.0006371328497952466,1e-05,0,cost,0.0006371328497952466,2.4331970156836236,0.034169598356260614,0.43532943072441654,0.012217321053162486,0.018784964916747682,0.0398729760223503,0ebb7940fe6d6e77d7c2353599d50e36fbf7029744c07811abe8457fd2c9e1e8
series_win7_int64_p0,1,3,1,3.7213309778014008,0.04965217090355933,0.31680773141506213,1499.6554506110945,1.469145050295162e-06,1e-05,1,cost,1.469145050295162e-06,3.7467846984055893,0.05336747045507642,0.309522998672487,0.006793483654136864,0.06961730656963688,0.02353535205402705,0ebb7940fe6d6e77d7c2353599d50e36fbf7029744c07811abe8457fd2c9e1e8
series_win7_int64_p0,1,4,1,2.4370976574300376,0.047273103127618676,0.4149939272683128,1552.8915841732762,1.7605149213187343e-05,1e-05,0,cost,1.7605149213187343e-05,2.5205070814098667,0.03852175628215398,0.4129453129711349,0.03309231884132352,0.22717933163184842,0.0049609820788088154,0ebb7940fe6d6e77d7c2353599d50e36fbf7029744c07811abe8457fd2c9e1e8
series_win7_int64_p0,1,5,1,4.06749142925346,0.04838935929235274,0.3342361197004655,1618.4266580909266,9.048945532608155e-07,1e-05,1,cost,9.048945532608155e-07,4.099439817456933,0.050781524716599497,0.3158350441039742,0.0077933546108970115,0.0471070027455242,0.05826166519518201,0ebb7940fe6d6e77d7c2353599d50e36fbf7029744c07811abe8457fd2c9e1e8
series_win7_int64_p0,1,6,1,3.6492729721685437,0.04571117671055387,0.2646700478070058,1591.2241961603927,4.285982646567987e-08,1e-05,1,cost,4.285982646567987e-08,3.6780588679031005,0.04318808870759348,0.25698606285261066,0.007826382548077037,0.058420922955008434,0.029900395644421193,0ebb7940fe6d6e77d7c2353599d50e36fbf7029744c07811abe8457fd2c9e1e8
series_win7_int64_p0,1,7,1,2.351900810361914,0.03440064304523698,0.5732040338611257,1574.600111089308,0.000747397728837848,1e-05,0,cost,0.000747397728837848,2.2748718879631347,0.03589734399470002,0.5904684822246389,0.03386077378966131,0.04169391890620143,0.02923856036899364,0ebb7940fe6d6e77d7c2353599d50e36fbf7029744c07811abe8457fd2c9e1e8
series_win7_int64_p0,1,8,1,3.7500363821920786,0.05127354343122084,0.3157060197718324,1576.3512938093465,2.255738548229136e-06,1e-05,1,cost,2.255738548229136e-06,3.7427791582228913,0.052888921934059634,0.3046354389473463,0.0019389933689363246,0.030542851768708745,0.0363404233687977,0ebb7940fe6d6e77d7c2353599d50e36fbf7029744c07811abe8457fd2c9e1e8
series_win7_int64_p0,1,9,1,4.481169689814435,0.05875797947697377,0.4767312300975834,1541.8093750424023,7.497729936911668e-10,1e-05,1,cost,7.497729936911668e-10,4.364955469123513,0.057929897248945726,0.4851151432907607,0.026624377158710997,0.01429455716915003,0.01728231598029565,0ebb7940fe6d6e77d7c2353599d50e36fbf7029744c07811abe8457fd2c9e1e8
series_win7_int64_p0,1,10,1,2.9713840259439728,0.04976783253191731,0.40573877534379715,1593.2556803471075,2.49700253917573e-05,1e-05,0,cost,2.49700253917573e-05,2.929401115705847,0.046731200462293905,0.42512215510687656,0.014331567641261662,0.06498082736123106,0.04559484734030479,0ebb7940fe6d6e77d7c2353599d50e36fbf7029744c07811abe8457fd2c9e1e8
series_win7_int64_p0,1,11,1,2.1446385004071264,0.03731904355577164,0.4419611911681617,1488.55927008318,2.4173999192689255e-07,1e-05,1,cost,2.4173999192689255e-07,2.1409405384403595,0.03492888069643343,0.4318337315367098,0.0017272604728484787,0.06842941461855294,0.02345221989818313,0ebb7940fe6d6e77d7c2353599d50e36fbf7029744c07811abe8457fd2c9e1e8
series_win7_int64_p0,1,12,1,3.606233375006308,0.048596879888625044,0.2707583945376415,1601.8419446169783,3.041261124880901e-08,1e-05,1,cost,3.041261124880901e-08,3.475443148520294,0.045625172275191035,0.3009554993155038,0.03763267615000377,0.06513307161910473,0.10033744140427041,0ebb7940fe6d6e77d7c2353599d50e36fbf7029744c07811abe8457fd2c9e1e8
series_win7_int64_p0,1,13,1,4.487751379418662,0.06611372631986792,0.41444115024300343,1578.6326784039904,6.048028855509813e-09,1e-05,1,cost,6.048028855509813e-09,4.383492317785077,0.0620392302928347,0.4316979388115358,0.023784474586752785,0.06567612150893834,0.039974220437652044,0ebb7940fe6d6e77d7c2353599d50e36fbf7029744c07811abe8457fd2c9e1e8
series_win7_int64_p0,1,14,1,4.4939089111850015,0.08949958912464545,0.5899647239543276,1676.7157572909155,1.462553675390943e-09,1e-05,1,cost,1.462553675390943e-09,4.535533312461739,0.08338125294791263,0.5857839200417314,0.009177399527057019,0.0733778392674776,0.007137109383778219,0ebb7940fe6d6e77d7c2353599d50e36fbf7029744c07811abe8457fd2c9e1e8
series_win7_int64_p0,1,15,1,7.545072977650886,0.10929357971113722,0.5452814899224502,1512.7933634680753,6.589748191565548e-11,1e-05,1,cost,6.589748191565548e-11,7.585962161890749,0.1114323971417409,0.54394349399187,0.005390111810111108,0.019193856413975592,0.00245980684640774,0ebb7940fe6d6e77d7c2353599d50e36fbf7029744c07811abe8457fd2c9e1e8
series_win7_int64_p0,1,16,1,6.051136018758758,0.09054190194306616,0.4966902348268135,1425.224523856817,6.344880176811785e-11,1e-05,1,cost,6.344880176811785e-11,5.998593002273881,0.09471812069613306,0.4953306142413841,0.008759223448725251,0.044091022101934434,0.0027448749306798626,0ebb7940fe6d6e77d7c2353599d50e36fbf7029744c07811abe8457fd2c9e1e8
series_win7_int64_p0,1,17,1,5.410123905554487,0.09372901916805701,0.5690679791492422,1548.3650501489553,3.7153508047893524e-10,1e-05,1,cost,3.7153508047893524e-10,5.398943265384813,0.09075599991377564,0.57682677328866,0.002070894176895415,0.03275837693492372,0.01345082180423534,0ebb7940fe6d6e77d7c2353599d50e36fbf7029744c07811abe8457fd2c9e1e8
series_win7_int64_p0,1,18,1,3.734283045493942,0.058064088456260335,0.4850518555855955,1565.0683391574448,1.6672428698738528e-06,1e-05,1,cost,1.6672428698738528e-06,3.6592076967429334,0.0606610821392251,0.49343191961710314,0.020516831776953577,0.04281152909544751,0.016983222402819975,0ebb7940fe6d6e77d7c2353599d50e36fbf7029744c07811abe8457fd2c9e1e8
series_win7_int64_p0,1,19,1,2.255616178308485,0.03645686254613059,0.37304735371573366,1623.6269521683612,3.576830989823754e-06,1e-05,1,cost,3.576830989823754e-06,2.1590212139213847,0.03237531783345167,0.4086344011008533,0.04474016455431536,0.12606964149898423,0.08708774221957039,0ebb7940fe6d6e77d7c2353599d50e36fbf7029744c07811abe8457fd2c9e1e8
series_win7_int64_p0,1,20,1,3.7897406099920397,0.06000162114475475,0.19129643163230745,1700.6611642296095,3.0558074268771662e-06,1e-05,1,cost,3.0558074268771662e-06,3.6644685576993385,0.06136582590169716,0.209893140687058,0.034185598899325965,0.022230691706614566,0.08860084228515823,0ebb7940fe6d6e77d7c2353599d50e36fbf7029744c07811abe8457fd2c9e1e8
series_win7_int64_p0,1,21,1,3.723093586650204,0.04716561247472422,0.23131061711639817,1640.8528359481988,4.91817322867405e-07,1e-05,1,cost,4.91817322867405e-07,3.675221613216589,0.046683339239795896,0.25811531087967005,0.013025601847099721,0.010330735606788048,0.10384774801587758,0ebb7940fe6d6e77d7c2353599d50e36fbf7029744c07811abe8457fd2c9e1e8
series_win7_int64_p0,1,22,1,4.36049336246883,0.07196540127288324,0.5879239553212606,1558.969814724945,3.425373068521864e-09,1e-05,1,cost,3.425373068521864e-09,4.421338129135401,0.06852576236123241,0.5722617444775282,0.013761618064363889,0.050194828822462914,0.02736896358157217,0ebb7940fe6d6e77d7c2353599d50e36fbf7029744c07811abe8457fd2c9e1e8
series_win7_int64_p0,1,23,1,7.65033280160895,0.12068142069315342,0.5085279426995376,1622.1366472218292,5.380454415337965e-11,1e-05,1,cost,5.380454415337965e-11,7.73023253893694,0.1192343056297217,0.5000887863655867,0.010336006960403628,0.012136734103402139,0.01687531607193743,0ebb7940fe6d6e77d7c2353599d50e36fbf7029744c07811abe8457fd2c9e1e8
series_win7_int64_p0,1,24,1,7.238516906250439,0.11400163428967897,0.27602687586695684,1635.2015245616503,1.1417478074093879e-11,1e-05,1,cost,1.1417478074093879e-11,7.237675172340762,0.10202938142017527,0.29023368046485143,0.00011629893434471835,0.11734122762344125,0.0489495380933747,0ebb7940fe6d6e77d7c2353599d50e36fbf7029744c07811abe8457fd2c9e1e8
series_win7_int64_p0,1,25,1,4.550469040755983,0.06621150775272798,0.34912949483961264,1562.7639858321468,5.005433290072858e-10,1e-05,1,cost,5.005433290072858e-10,4.533736892920887,0.06767662983472793,0.348564425746158,0.003690586425785412,0.021648862917345326,0.0016211324269395568,0ebb7940fe6d6e77d7c2353599d50e36fbf7029744c07811abe8457fd2c9e1e8
series_win7_int64_p0,1,26,1,3.683672725127855,0.0473228184055328,0.36090429855693784,1690.0090641889694,6.419834177789907e-06,1e-05,1,cost,6.419834177789907e-06,3.708532750824764,0.04748422547072194,0.34752425592775865,0.006703466671928446,0.0033991723270007275,0.03850103237674597,0ebb7940fe6d6e77d7c2353599d50e36fbf7029744c07811abe8457fd2c9e1e8
series_win7_int64_p0,1,27,1,7.363227944856981,0.09899955040027711,0.4010904325014102,1649.4880518571329,4.908779112355877e-12,1e-05,1,cost,4.908779112355877e-12,7.323464506618292,0.11019461782295727,0.3847915976505124,0.005429593903644227,0.10159359543917622,0.042357564329409354,0ebb7940fe6d6e77d7c2353599d50e36fbf7029744c07811abe8457fd2c9e1e8
series_win7_int64_p0,1,28,1,4.05168172257419,0.07337208516411423,0.2926225689801107,1503.4765572520319,2.4332063447429775e-09,1e-05,1,cost,2.4332063447429775e-09,3.9880361962916817,0.07454770539293268,0.29364715778878797,0.015959114498933055,0.015770039099418137,0.003489183469006168,0ebb7940fe6d6e77d7c2353599d50e36fbf7029744c07811abe8457fd2c9e1e8
series_win7_int64_p0,1,29,1,7.471513719662398,0.10345149197702946,0.4331088049194356,1514.5415950910565,3.174518981019503e-11,1e-05,1,cost,3.174518981019503e-11,7.373075375987463,0.1073387507375635,0.44332073075073086,0.013351056195021044,0.03621486866414298,0.023035073983574204,0ebb7940fe6d6e77d7c2353599d50e36fbf7029744c07811abe8457fd2c9e1e8
series_win7_int64_p0,1,30,1,2.190764016910431,0.03091608499216132,0.3475252025416064,1666.3107813856418,0.00015457248693527548,1e-05,0,cost,0.00015457248693527548,2.2045877397946825,0.02777555113182486,0.3910682327649343,0.006270434437569229,0.11306828244131858,0.11134381822698702,0ebb7940fe6d6e77d7c2353599d50e36fbf7029744c07811abe8457fd2c9e1e8
series_win7_int64_p0,1,31,1,5.211133422929642,0.06142476429443043,0.5099664361477125,1571.4698492863688,2.92893750919454e-10,1e-05,1,cost,2.92893750919454e-10,5.228111988158105,0.06187673100973518,0.5052479143177404,0.0032475519397672146,0.007304308225876416,0.009339022876212681,0ebb7940fe6d6e77d7c2353599d50e36fbf7029744c07811abe8457fd2c9e1e8
series_win7_int64_p0,1,32,1,4.964813238559169,0.07472059044264746,0.3821332393651963,1551.6625954914687,2.4692126676661985e-09,1e-05,1,cost,2.4692126676661985e-09,4.93955266031659,0.07141604015131113,0.3916600173438961,0.005113940467831841,0.04627182190912422,0.024324101406386002,0ebb7940fe6d6e77d7c2353599d50e36fbf7029744c07811abe8457fd2c9e1e8
series_win7_int64_p0,1,33,1,2.8342060454864364,0.04278462744993978,0.21528803725619072,1609.734154313568,5.738967039504994e-05,1e-05,0,cost,5.738967039504994e-05,2.872998302525655,0.042058649405336386,0.21922585914201234,0.013502359888314738,0.017261087906243627,0.01796239686884172,0ebb7940fe6d6e77d7c2353599d50e36fbf7029744c07811abe8457fd2c9e1e8
series_win7_int64_p0,1,34,1,2.106689847052392,0.03547034831063978,0.29997050969949546,1634.533457346492,5.847725881510946e-06,1e-05,1,cost,5.847725881510946e-06,2.255131720202789,0.03253319788635471,0.27991482572253246,0.06582403671615622,0.09028163891373814,0.07164923803229822,0ebb7940fe6d6e77d7c2353599d50e36fbf7029744c07811abe8457fd2c9e1e8
series_win7_int64_p0,1,35,1,4.029337912295775,0.07134996843166137,0.47581632621891634,1628.6517737864879,7.047819453043225e-09,1e-05,1,cost,7.047819453043225e-09,3.971425361147362,0.06718063850997594,0.4947296269094528,0.014582308839283199,0.0620614810183192,0.03822956957052839,0ebb7940fe6d6e77d7c2353599d50e36fbf7029744c07811abe8457fd2c9e1e8
series_win7_int64_p0,1,36,1,2.407255538890005,0.04509833965200439,0.3076506146216408,1650.2241395118717,3.556384485896291e-05,1e-05,0,cost,3.556384485896291e-05,2.507316024312086,0.04027295060774383,0.2833794578627076,0.03990740873980322,0.11981712219845934,0.08564896320287324,0ebb7940fe6d6e77d7c2353599d50e36fbf7029744c07811abe8457fd2c9e1e8
series_win7_int64_p0,1,37,1,2.7612724019088053,0.04179372510602752,0.2485879918633246,1583.8952012445566,0.00023489708156992917,1e-05,0,cost,0.00023489708156992917,2.7606918980411512,0.0431347658306865,0.2605392393613692,0.0002102747749815784,0.03108955615808515,0.045871199775279016,0ebb7940fe6d6e77d7c2353599d50e36fbf7029744c07811abe8457fd2c9e1e8
series_win7_int64_p0,1,38,1,7.683341994340974,0.14580568808904523,0.23694268488022113,1581.3204388971349,3.343486598694767e-11,1e-05,1,cost,3.343486598694767e-11,7.722349518094632,0.1541944812188371,0.231102854340336,0.005051250744641574,0.0544039777784671,0.025269400313355887,0ebb7940fe6d6e77d7c2353599d50e36fbf7029744c07811abe8457fd2c9e1e8
series_win7_int64_p0,1,39,1,5.660392789632296,0.0710942982916978,0.29168136326281974,1603.9790294026407,2.590244130296071e-10,1e-05,1,cost,2.590244130296071e-10,5.509567699876662,0.06979918281220308,0.30562941494126494,0.027375122327476006,0.01855488026241325,0.04563713764634109,0ebb7940fe6d6e77d7c2353599d50e36fbf7029744c07811abe8457fd2c9e1e8
series_win7_int64_p0,1,40,1,5.374067094720219,0.09919989419747599,0.30404607491645297,1690.8243971915497,2.3771032364727773e-10,1e-05,1,cost,2.3771032364727773e-10,5.445956081392742,0.10296424252062854,0.2940665168354542,0.013200434523911538,0.036559763185732876,0.033936397072308826,0ebb7940fe6d6e77d7c2353599d50e36fbf7029744c07811abe8457fd2c9e1e8
series_win7_int64_p0,1,41,1,4.597561798170424,0.06366410156695405,0.45617368544098186,1615.4170420287562,6.843721256366564e-09,1e-05,1,cost,6.843721256366564e-09,4.4531909644451115,0.0675965068134128,0.4706783803103183,0.03241963681279083,0.058174681382773125,0.030816573431253578,0ebb7940fe6d6e77d7c2353599d50e36fbf7029744c07811abe8457fd2c9e1e8
series_win7_int64_p0,1,42,1,7.468730812665316,0.11876086712848087,0.23806818660658619,1612.6277294944007,7.545908342621033e-12,1e-05,1,cost,7.545908342621033e-12,7.478484552592423,0.11540053832540341,0.24705852606476625,0.0013042401650379687,0.02911883126231261,0.03638951304932197,0ebb7940fe6d6e77d7c2353599d50e36fbf7029744c07811abe8457fd2c9e1e8
series_win7_int64_p0,1,43,1,3.4888719942036364,0.07061010431972652,0.3622549322499843,1572.3471753183508,7.353924943720447e-07,1e-05,1,cost,7.353924943720447e-07,3.578326899148464,0.0658223595917612,0.351469067370809,0.02499908685428239,0.07273736094633378,0.03068794918386345,0ebb7940fe6d6e77d7c2353599d50e36fbf7029744c07811abe8457fd2c9e1e8
series_win7_int64_p0,1,44,1,5.401766471350274,0.07215342095776818,0.5572465900727488,1621.6600766926204,7.818884983912255e-10,1e-05,1,cost,7.818884983912255e-10,5.38911647441996,0.07194797850978223,0.553572687461874,0.002347322977775412,0.0028554304407318624,0.006636712204353069,0ebb7940fe6d6e77d7c2353599d50e36fbf7029744c07811abe8457fd2c9e1e8
series_win7_int64_p0,1,45,1,2.6416905086049396,0.02926765486794896,0.5138079951347734,1667.5732783773594,0.0011182845162002256,1e-05,0,cost,0.0011182845162002256,2.435977010148009,0.030401536746959706,0.5537136735337367,0.0844480459380163,0.03729686063070938,0.07206915831478367,0ebb7940fe6d6e77d7c2353599d50e36fbf7029744c07811abe8457fd2c9e1e8
series_win7_int64_p0,1,46,1,5.2494988795858335,0.07925742062673762,0.48405934873434064,1525.4499978766746,1.7710588551267392e-10,1e-05,1,cost,1.7710588551267392e-10,5.24745352459786,0.07518006364244334,0.4926213246166442,0.00038978048655130066,0.05423455084696656,0.0173804410293575,0ebb7940fe6d6e77d7c2353599d50e36fbf7029744c07811abe8457fd2c9e1e8
series_win7_int64_p0,1,47,1,6.2553124633869714,0.11075564668239321,0.253307816019176,1616.6383009266535,1.6692502935455877e-10,1e-05,1,cost,1.6692502935455877e-10,6.235435168539178,0.10931944820270544,0.255586898839165,0.0031877959293176708,0.013137630159134231,0.008917056509313428,0ebb7940fe6d6e77d7c2353599d50e36fbf7029744c07811abe8457fd2c9e1e8
series_win7_int64_p0,1,48,1,2.4365532216701955,0.0371020979297146,0.3181619402211072,1582.0993845037144,0.001036007668911959,1e-05,0,cost,0.001036007668911959,2.3616227262577034,0.039702016097373095,0.34673504295579477,0.031728393608080295,0.06548579702557027,0.08240615800212132,0ebb7940fe6d6e77d7c2353599d50e36fbf7029744c07811abe8457fd2c9e1e8
series_win7_int64_p0,1,49,1,3.445506510084245,0.059509732445425734,0.3941814386979129,1591.0784413943047,4.732853404604276e-06,1e-05,1,cost,4.732853404604276e-06,3.4912425921675503,0.06091226748328085,0.3878479994152928,0.013100230326564002,0.023025493809438056,0.016329694344609694,0ebb7940fe6d6e77d7c2353599d50e36fbf7029744c07811abe8457fd2c9e1e8
series_win7_int64_p0,1,50,1,7.797435813822631,0.09648262479685102,0.4809467912717366,1589.9780041190465,2.7432722760067918e-11,1e-05,1,cost,2.7432722760067918e-11,7.59743837053228,0.09387293013391272,0.5005074887871079,0.026324325849890237,0.027800289808952217,0.03908172795330842,0ebb7940fe6d6e77d7c2353599d50e36fbf7029744c07811abe8457fd2c9e1e8
series_win7_int64_p0,1,51,1,6.981090670892502,0.10235061410266667,0.5078174195286513,1630.0492781617986,2.7434943206117168e-11,1e-05,1,cost,2.7434943206117168e-11,6.979097570643039,0.1051494637514872,0.5115988098844231,0.00028558137055519094,0.026617821422612296,0.0073913196878350965,0ebb7940fe6d6e77d7c2353599d50e36fbf7029744c07811abe8457fd2c9e1e8
series_win7_int64_p0,1,52,1,5.408209668329238,0.09510649997304753,0.3376230945598063,1627.7855218974048,3.327414732634537e-10,1e-05,1,cost,3.327414732634537e-10,5.509235420487406,0.09835789453803442,0.32164448690800906,0.018337526797725743,0.03305677272025785,0.049677853351073206,0ebb7940fe6d6e77d7c2353599d50e36fbf7029744c07811abe8457fd2c9e1e8
series_win7_int64_p0,1,53,1,4.513800455092644,0.06422585537681721,0.4147969598060796,1640.292464547597,3.949043693440846e-08,1e-05,1,cost,3.949043693440846e-08,4.71383468287713,0.06165066926811518,0.3979664257371076,0.04243556281494228,0.04177061075367566,0.04229134163214581,0ebb7940fe6d6e77d7c2353599d50e36fbf7029744c07811abe8457fd2c9e1e8
series_win7_int64_p0,1,54,1,2.4349331205159404,0.03040531774660405,0.4582018337735173,1612.90657989385,0.0006549432214799505,1e-05,0,cost,0.0006549432214799505,2.359210129402468,0.035993349575428414,0.47003555581010487,0.03209675567671936,0.1552517866422509,0.025176227394525873,0ebb7940fe6d6e77d7c2353599d50e36fbf7029744c07811abe8457fd2c9e1e8
series_win7_int64_p0,1,55,1,2.7465075828602505,0.04100783087271501,0.35495695462006327,1595.6726208028535,2.5864322596019784e-06,1e-05,1,cost,2.5864322596019784e-06,2.855986092254814,0.04331671577790046,0.33573590634691164,0.03833299808127911,0.053302399863920505,0.05725049930551892,0ebb7940fe6d6e77d7c2353599d50e36fbf7029744c07811abe8457fd2c9e1e8
series_win7_int64_p0,1,56,1,7.837190608539484,0.13513554127427574,0.5659474593710594,1575.9069114643894,5.974598593638802e-11,1e-05,1,cost,5.974598593638802e-11,7.933316968748333,0.12499547659704575,0.5644347047626578,0.012116793087622547,0.08112345305037737,0.002680123308572456,0ebb7940fe6d6e77d7c2353599d50e36fbf7029744c07811abe8457fd2c9e1e8
series_win7_int64_p0,1,57,1,4.901565743054951,0.06714362689326969,0.2266256576639676,1681.1125718161618,4.508286688409413e-09,1e-05,1,cost,4.508286688409413e-09,5.016845945286321,0.06632867624033945,0.21687067677481286,0.022978621127420593,0.012286550842312963,0.04498063562223217,0ebb7940fe6d6e77d7c2353599d50e36fbf7029744c07811abe8457fd2c9e1e8
series_win7_int64_p0,1,58,1,2.082687956420107,0.031125019789733515,0.4413018373066429,1661.877526336262,0.011593755348969115,1e-05,0,cost,0.011593755348969115,2.115273202214496,0.03613373197897098,0.4359017318188455,0.015404745713355221,0.13861596671366316,0.012388355203969706,0ebb7940fe6d6e77d7c2353599d50e36fbf7029744c07811abe8457fd2c9e1e8
series_win7_int64_p0,1,59,1,7.941472871294679,0.10473398820749119,0.5119291423340357,1621.539058152026,1.0579148668199423e-11,1e-05,1,cost,1.0579148668199423e-11,7.89161531566454,0.0983212592498911,0.5238636652478534,0.0063177883913289904,0.06522220124644296,0.022781734457897856,0ebb7940fe6d6e77d7c2353599d50e36fbf7029744c07811abe8457fd2c9e1e8
series_win7_int64_p0,1,60,1,6.444699293943265,0.09562695588373968,0.5983283406762071,1641.641784315316,2.8148336439492994e-10,1e-05,1,cost,2.8148336439492994e-10,6.603773514207141,0.10598162292546066,0.5838829777343715,0.024088382183557463,0.09770247667374997,0.024740167966340886,0ebb7940fe6d6e77d7c2353599d50e36fbf7029744c07811abe8457fd2c9e1e8
series_win7_int64_p0,1,61,1,3.8934059395110507,0.054411826478116904,0.4488717060499421,1678.1577416343853,3.256085679137488e-07,1e-05,1,cost,3.256085679137488e-07,3.918395316136757,0.053134138132709625,0.4339665732710274,0.0063774516376116875,0.024046467869979944,0.03434626926808466,0ebb7940fe6d6e77d7c2353599d50e36fbf7029744c07811abe8457fd2c9e1e8
series_win7_int64_p0,1,62,1,2.0637668839452843,0.03945680161140337,0.39748718729735116,1589.6674813080783,8.317432660429058e-06,1e-05,1,cost,8.317432660429058e-06,2.078511023959135,0.04006140014157583,0.41301836929591507,0.007093606838690736,0.01509179729205234,0.03760409500681623,0ebb7940fe6d6e77d7c2353599d50e36fbf7029744c07811abe8457fd2c9e1e8
series_win7_int64_p0,1,63,1,2.588083703225374,0.048299525251365015,0.40675804941526067,1550.598889653797,3.760627700910568e-08,1e-05,1,cost,3.760627700910568e-08,2.6137550277916004,0.04752445333866216,0.40444406575653136,0.009821626087092184,0.016308907483472627,0.005721393524221697,0ebb7940fe6d6e77d7c2353599d50e36fbf7029744c07811abe8457fd2c9e1e8
series_win7_int64_p0,1,64,1,5.969726637392373,0.0839206834194408,0.24371390715704616,1634.2889130978044,2.384554775858305e-10,1e-05,1,cost,2.384554775858305e-10,5.860368252397157,0.0860479582779752,0.24783542849983065,0.018660667774671652,0.02472196785497588,0.016630073301998873,0ebb7940fe6d6e77d7c2353599d50e36fbf7029744c07811abe8457fd2c9e1e8
series_win7_int64_p0,1,65,1,4.414644569096999,0.06295123539430182,0.35893096660394275,1583.738268491155,8.54281534123924e-08,1e-05,1,cost,8.54281534123924e-08,4.30400773568873,0.06013904754071456,0.3849879814744761,0.02570553776910553,0.04676142986274256,0.06768267095179667,0ebb7940fe6d6e77d7c2353599d50e36fbf7029744c07811abe8457fd2c9e1e8
series_win7_int64_p0,1,66,1,4.288584797643396,0.06688835534378947,0.5313487373681782,1553.5607099034696,1.7812081254398038e-09,1e-05,1,cost,1.7812081254398038e-09,4.318348807741663,0.0696148764751192,0.5222439031398431,0.006892451588187642,0.03916578279506407,0.017434065143881718,0ebb7940fe6d6e77d7c2353599d50e36fbf7029744c07811abe8457fd2c9e1e8
series_win7_int64_p0,1,67,1,3.9091728726250192,0.05402713980121831,0.34855535681672284,1596.9893666919427,2.0772848383088238e-07,1e-05,1,cost,2.0772848383088238e-07,3.960109834459873,0.05446496730124102,0.34712685755406425,0.012862512395896974,0.008038699401050339,0.0041152081193720465,0ebb7940fe6d6e77d7c2353599d50e36fbf7029744c07811abe8457fd2c9e1e8
series_win7_int64_p0,1,68,1,4.2049508283014445,0.0629261944623264,0.3029481216157615,1704.3101925515157,2.812479832359216e-09,1e-05,1,cost,2.812479832359216e-09,4.125198537854926,0.06517888389637731,0.30870120331280154,0.01933295809030056,0.03456164480558273,0.01863640839524209,0ebb7940fe6d6e77d7c2353599d50e36fbf7029744c07811abe8457fd2c9e1e8
series_win7_int64_p0,1,69,1,3.838221631270891,0.06896462142705659,0.5200784431321761,1619.8787320098013,1.1375515973632844e-08,1e-05,1,cost,1.1375515973632844e-08,3.98556651662461,0.06486902888517804,0.5008875673607459,0.036969621442551164,0.06313633196402536,0.03831373949357515,0ebb7940fe6d6e77d7c2353599d50e36fbf7029744c07811abe8457fd2c9e1e8
series_win7_int64_p0,1,70,1,7.84763247505971,0.0997310084778758,0.47416444700249366,1596.9287823252255,1.5393575303335183e-11,1e-05,1,cost,1.5393575303335183e-11,7.891559196280233,0.09356397053860316,0.48752392280374107,0.0055662917970923315,0.06591252919015674,0.027402708208486084,0ebb7940fe6d6e77d7c2353599d50e36fbf7029744c07811abe8457fd2c9e1e8
series_win7_int64_p0,1,71,1,6.724200088033308,0.11085685619102749,0.4994722716679368,1535.682474749197,5.310873962827145e-11,1e-05,1,cost,5.310873962827145e-11,6.916515443621282,0.10275469519295186,0.49651413371788505,0.027805237645400722,0.07884954534546054,0.005957812173243228,0ebb7940fe6d6e77d7c2353599d50e36fbf7029744c07811abe8457fd2c9e1e8
series_win7_int64_p0,1,72,1,5.9075948493384045,0.11052015969397509,0.3880998842949206,1581.584866533836,4.933112252025751e-11,1e-05,1,cost,4.933112252025751e-11,5.806770596147759,0.10944570523234433,0.395861478749134,0.017363223072310262,0.00981723731735096,0.019606844492015142,0ebb7940fe6d6e77d7c2353599d50e36fbf7029744c07811abe8457fd2c9e1e8
series_win7_int64_p0,1,73,1,5.654402562739075,0.09547402261107502,0.2223914243191794,1679.2242567676617,5.941617475802019e-10,1e-05,1,cost,5.941617475802019e-10,5.499298916315833,0.09796057576842863,0.23441611969975687,0.02820425817608614,0.025383202761401092,0.05129636731458077,0ebb7940fe6d6e77d7c2353599d50e36fbf7029744c07811abe8457fd2c9e1e8
series_win7_int64_p0,1,74,1,6.81178595277007,0.11803583781083575,0.26631808860738987,1605.8154320498625,6.975184319024663e-11,1e-05,1,cost,6.975184319024663e-11,6.778536214374777,0.11849103027356377,0.26247121425960335,0.004905150218830807,0.0038415773892513157,0.014656366636768328,0ebb7940fe6d6e77d7c2353599d50e36fbf7029744c07811abe8457fd2c9e1e8
series_win7_int64_p0,1,75,1,3.8464249536022725,0.07017788097398991,0.33985032067824855,1580.2322901391049,9.274709333872977e-10,1e-05,1,cost,9.274709333872977e-10,3.8274040190471252,0.0693656600294252,0.3599723718133179,0.004969669901711286,0.01170926571188356,0.055898876443508536,0ebb7940fe6d6e77d7c2353599d50e36fbf7029744c07811abe8457fd2c9e1e8
series_win7_int64_p0,1,76,1,5.536698470383151,0.11092864292644286,0.19001659721320738,1606.6883322178135,7.117083034025029e-10,1e-05,1,cost,7.117083034025029e-10,5.517071424189092,0.10416267828701709,0.20492231292761673,0.0035575117095649885,0.06495574759303295,0.07273837339360108,0ebb7940fe6d6e77d7c2353599d50e36fbf7029744c07811abe8457fd2c9e1e8
series_win7_int64_p0,1,77,1,3.899439763562729,0.0506147511680542,0.24883710331954687,1618.4803639517033,4.0948043733557427e-08,1e-05,1,cost,4.0948043733557427e-08,3.983292316771837,0.050699406944366594,0.23196580657460686,0.021051066941796516,0.0016697587095108758,0.07273182627248001,0ebb7940fe6d6e77d7c2353599d50e36fbf7029744c07811abe8457fd2c9e1e8
series_win7_int64_p0,1,78,1,6.421493483597502,0.08389752917704928,0.5839570520422612,1610.4352908839812,1.7122320228324384e-10,1e-05,1,cost,1.7122320228324384e-10,6.3229683487339265,0.08029791300093413,0.5974137776629855,0.015582101543067809,0.04482826566206366,0.022524966989153617,0ebb7940fe6d6e77d7c2353599d50e36fbf7029744c07811abe8457fd2c9e1e8
series_win7_int64_p0,1,79,1,5.929855621198441,0.07902858756322656,0.33326706861200056,1557.7502482381947,8.403963245792734e-11,1e-05,1,cost,8.403963245792734e-11,5.919829092989421,0.07743150161903066,0.33786641829695924,0.0016937192022814212,0.020625790676948176,0.013612923439216123,0ebb7940fe6d6e77d7c2353599d50e36fbf7029744c07811abe8457fd2c9e1e8
series_win7_int64_p0,1,80,1,4.216461484865787,0.05488438339168837,0.2543597046309687,1575.7717718786525,1.1856496664047755e-06,1e-05,1,cost,1.1856496664047755e-06,4.120329247243738,0.06080036003598005,0.26234637432696306,0.023331202885389785,0.09730167125311034,0.030443224978747237,0ebb7940fe6d6e77d7c2353599d50e36fbf7029744c07811abe8457fd2c9e1e8
series_win7_int64_p0,1,81,1,4.222502900059113,0.0721545515885646,0.5007091499641918,1561.9046666925603,2.1880089129400204e-09,1e-05,1,cost,2.1880089129400204e-09,4.2987771643799375,0.07661895058315665,0.4781109708063665,0.017743246836063074,0.05826755601079032,0.04726555242962099,0ebb7940fe6d6e77d7c2353599d50e36fbf7029744c07811abe8457fd2c9e1e8
series_win7_int64_p0,1,82,1,7.410360922798354,0.13213660935811505,0.23933129792455865,1612.8257231538078,4.210631843193369e-11,1e-05,1,cost,4.210631843193369e-11,7.297137205367871,0.1326341961491499,0.24484334366313157,0.015516183161143492,0.003751572411049232,0.022512540696865677,0ebb7940fe6d6e77d7c2353599d50e36fbf7029744c07811abe8457fd2c9e1e8
series_win7_int64_p0,1,83,1,1.9728104273399054,0.027992977334651524,0.28420959886911523,1726.1298356995133,0.00020934668299615183,1e-05,0,cost,0.00020934668299615183,2.0048344718429023,0.025003378984462622,0.2825060099314001,0.015973410749247272,0.1195677733016274,0.006030275030710964,0ebb7940fe6d6e77d7c2353599d50e36fbf7029744c07811abe8457fd2c9e1e8
series_win7_int64_p0,1,84,1,2.2700276652833296,0.03474827853015727,0.340701767717394,1566.4306607767123,6.940822702601601e-05,1e-05,0,cost,6.940822702601601e-05,2.18459219795674,0.034195329948470965,0.34678401588261654,0.03910819941886525,0.016170295257263125,0.017539009546741348,0ebb7940fe6d6e77d7c2353599d50e36fbf7029744c07811abe8457fd2c9e1e8
series_win7_int64_p0,1,85,1,6.73773136118911,0.08232178937044726,0.5452880850300535,1598.7922940983099,7.107303634512618e-11,1e-05,1,cost,7.107303634512618e-11,6.758238014203197,0.08053032273380695,0.5372921318982486,0.0030343194440607666,0.02224586436294326,0.01488194718868349,0ebb7940fe6d6e77d7c2353599d50e36fbf7029744c07811abe8457fd2c9e1e8
series_win7_int64_p0,1,86,1,5.01499026615359,0.06549601438344227,0.4978335416825718,1595.7440224847091,5.56107965232755e-10,1e-05,1,cost,5.56107965232755e-10,4.977864183715684,0.06792156164271182,0.49410833496124434,0.0074582353129196075,0.03571100546875925,0.0075392509248395235,0ebb7940fe6d6e77d7c2353599d50e36fbf7029744c07811abe8457fd2c9e1e8
series_win7_int64_p0,1,87,1,1.964631079165733,0.031624833411319775,0.4180953090571954,1694.1934193947275,8.973111861151906e-05,1e-05,0,cost,8.973111861151906e-05,2.0436555763278843,0.03232738281035807,0.39542561525755704,0.03866820714679591,0.021732331477609973,0.0573298565518388,0ebb7940fe6d6e77d7c2353599d50e36fbf7029744c07811abe8457fd2c9e1e8
series_win7_int64_p0,1,88,1,6.606135239090499,0.11566292957867101,0.41874256045243463,1569.2728265250523,4.223024707705747e-11,1e-05,1,cost,4.223024707705747e-11,6.556237870739479,0.1096260246672722,0.42053822586084577,0.007610670835131186,0.055068173179877,0.004269921966630729,0ebb7940fe6d6e77d7c2353599d50e36fbf7029744c07811abe8457fd2c9e1e8
series_win7_int64_p0,1,89,1,3.200164432918381,0.04778696124268145,0.22043958854601803,1524.7470694650356,0.0001381343820264086,1e-05,0,cost,0.0001381343820264086,3.179887016316008,0.05040254349060129,0.2189759228820353,0.006376772664666911,0.05189385429343616,0.00668413972056291,0ebb7940fe6d6e77d7c2353599d50e36fbf7029744c07811abe8457fd2c9e1e8
series_win7_int64_p0,1,90,1,6.9990211765154955,0.09655159716042311,0.21075391925376735,1560.1031527389916,2.388265973873871e-10,1e-05,1,cost,2.388265973873871e-10,7.024097145121941,0.09808284877634033,0.20929773514846606,0.0035699917140042015,0.015611818325229843,0.00695747665051581,0ebb7940fe6d6e77d7c2353599d50e36fbf7029744c07811abe8457fd2c9e1e8
series_win7_int64_p0,1,91,1,3.244363790246206,0.051647196108629494,0.4831329614707054,1639.1241627445431,7.175339140491621e-07,1e-05,1,cost,7.175339140491621e-07,3.3089077635513595,0.051096641027234026,0.46596508857819763,0.019506126467508454,0.010774780305069903,0.0368436891804324,0ebb7940fe6d6e77d7c2353599d50e36fbf7029744c07811abe8457fd2c9e1e8
series_win7_int64_p0,1,92,1,6.420384786233997,0.07644728641020015,0.533283378110859,1617.4607545550666,7.372918942039064e-11,1e-05,1,cost,7.372918942039064e-11,6.465762049666184,0.07194816726220786,0.537722915434959,0.007018084346999633,0.0625327832409644,0.008256180268064014,0ebb7940fe6d6e77d7c2353599d50e36fbf7029744c07811abe8457fd2c9e1e8
series_win7_int64_p0,1,93,1,2.6914473082763437,0.05178845812592412,0.1920237148515843,1564.92285711904,1.3030971345029396e-06,1e-05,1,cost,1.3030971345029396e-06,2.689240135630288,0.04467020986058792,0.2093673522102363,0.0008207421184937126,0.15935112656850436,0.08283830872177435,0ebb7940fe6d6e77d7c2353599d50e36fbf7029744c07811abe8457fd2c9e1e8
series_win7_int64_p0,1,94,1,3.6284482315043354,0.0599513417474989,0.37242529037451,1654.1430357991783,1.7419635595095073e-09,1e-05,1,cost,1.7419635595095073e-09,3.603592833085251,0.059533884825332756,0.3707900263510714,0.006897393676356125,0.0070120893906206174,0.004410215775033574,0ebb7940fe6d6e77d7c2353599d50e36fbf7029744c07811abe8457fd2c9e1e8
series_win7_int64_p0,1,95,1,4.158006121238994,0.06868397008892999,0.4729963538864506,1734.9971377667903,1.233617340501425e-07,1e-05,1,cost,1.233617340501425e-07,4.205518776284162,0.07086674766082877,0.4755993518971609,0.011297691812268654,0.030801153488031568,0.005473089902933965,0ebb7940fe6d6e77d7c2353599d50e36fbf7029744c07811abe8457fd2c9e1e8
series_win7_int64_p0,1,96,1,7.336230418990928,0.12044300268918376,0.22912401842632152,1623.8354525085813,8.173055981997024e-12,1e-05,1,cost,8.173055981997024e-12,7.300581750315821,0.11729542339653341,0.230879937588238,0.004882990136171596,0.02683463004357398,0.0076053345312664744,0ebb7940fe6d6e77d7c2353599d50e36fbf7029744c07811abe8457fd2c9e1e8
series_win7_int64_p0,1,97,1,5.568838237298736,0.10299107679504531,0.5362251839597372,1562.1335982464616,5.356612930995652e-10,1e-05,1,cost,5.356612930995652e-10,5.502566541404262,0.10732570423591183,0.5416916139421768,0.012043779097592048,0.040387598401764084,0.010091405961885801,0ebb7940fe6d6e77d7c2353599d50e36fbf7029744c07811abe8457fd2c9e1e8
series_win7_int64_p0,1,98,1,5.015654401928455,0.06256694420767865,0.27360095197415946,1684.690915926954,7.566823573973425e-10,1e-05,1,cost,7.566823573973425e-10,4.96076752074282,0.06496530279343189,0.2778631535794055,0.011064191368801686,0.036917531091623254,0.015339211228047994,0ebb7940fe6d6e77d7c2353599d50e36fbf7029744c07811abe8457fd2c9e1e8
series_win7_int64_p0,1,99,1,5.832925923905665,0.0921340542554411,0.5245135488861599,1633.9074754197834,3.0264622752351755e-10,1e-05,1,cost,3.0264622752351755e-10,5.689548746736849,0.09080661170656715,0.5410919621310958,0.02520009644895798,0.014618346879448178,0.03063880893673172,0ebb7940fe6d6e77d7c2353599d50e36fbf7029744c07811abe8457fd2c9e1e8
series_win7_int64_p0,1,100,1,4.48475401670142,0.07529695724008355,0.5528975103644101,1588.3907962665755,1.5404107711614046e-09,1e-05,1,cost,1.5404107711614046e-09,4.509400713433751,0.07123051135205746,0.5552830397428754,0.0054656257668355725,0.057088539880440256,0.004296060221053896,0ebb7940fe6d6e77d7c2353599d50e36fbf7029744c07811abe8457fd2c9e1e8
series_win7_int64_p0,1,101,1,2.6669252696160126,0.04035609742764282,0.32947913695265063,1657.3972665087692,3.482570121247919e-05,1e-05,0,cost,3.482570121247919e-05,2.6431933362204036,0.0390608948833079,0.35003265876306755,0.00897850833323608,0.033158547652435005,0.05871886892796859,0ebb7940fe6d6e77d7c2353599d50e36fbf7029744c07811abe8457fd2c9e1e8
series_win7_int64_p0,1,102,1,7.096396316596106,0.11253229877441996,0.440297594395798,1720.0118515101522,4.687678023529429e-11,1e-05,1,cost,4.687678023529429e-11,7.094404883718467,0.1195485133432284,0.43894317154887624,0.00028070471171010047,0.05868926657970739,0.0030856451010332258,0ebb7940fe6d6e77d7c2353599d50e36fbf7029744c07811abe8457fd2c9e1e8
series_win7_int64_p0,1,103,1,4.519906555821959,0.08168430400798536,0.25402208696237444,1632.2696528049985,2.5498320677108666e-09,1e-05,1,cost,2.5498320677108666e-09,4.667109458702844,0.07298968460196487,0.2397068399921524,0.031540486500995356,0.11912120806433021,0.05971981012594677,0ebb7940fe6d6e77d7c2353599d50e36fbf7029744c07811abe8457fd2c9e1e8
series_win7_int64_p0,1,104,1,8.054826158424195,0.11804785194345542,0.4328947574667354,1518.945268181698,1.8106321997279906e-11,1e-05,1,cost,1.8106321997279906e-11,7.923060203441778,0.1167498441691765,0.44173274679668617,0.016630689607177052,0.011117854447823013,0.02000754844199629,0ebb7940fe6d6e77d7c2353599d50e36fbf7029744c07811abe8457fd2c9e1e8
series_win7_int64_p0,1,105,1,2.613844780491384,0.02786166012685972,0.5191599362037462,1550.5837516027707,0.0005529677004219857,1e-05,0,cost,0.0005529677004219857,2.6679620930701304,0.02861401843329752,0.5139779183114304,0.020284138488816265,0.026293346675219063,0.010082180007538718,0ebb7940fe6d6e77d7c2353599d50e36fbf7029744c07811abe8457fd2c9e1e8
series_win7_int64_p0,1,106,1,2.071507876463267,0.03795684400554469,0.5318325653830814,1631.7883523385576,0.00010549492722076309,1e-05,0,cost,0.00010549492722076309,2.0726381744995432,0.029752945992968224,0.5631850147739523,0.0005453426701210503,0.27573397318421405,0.05566989278550841,0ebb7940fe6d6e77d7c2353599d50e36fbf7029744c07811abe8457fd2c9e1e8
series_win7_int64_p0,1,107,1,7.611240918418466,0.11000035852023884,0.23164544082058752,1518.4673801266388,2.604635951364287e-11,1e-05,1,cost,2.604635951364287e-11,7.792544338949571,0.10792446978417775,0.21746806224387352,0.023266267427558118,0.019234643822780534,0.06519292272359135,0ebb7940fe6d6e77d7c2353599d50e36fbf7029744c07811abe8457fd2c9e1e8
series_win7_int64_p0,1,108,1,7.500754568358552,0.13025235174724473,0.20620601907626934,1448.561123574758,5.062089636354017e-11,1e-05,1,cost,5.062089636354017e-11,7.312819377415955,0.12910119319141405,0.22060188814428594,0.025699416496323433,0.00891671507732611,0.0652572341475196,0ebb7940fe6d6e77d7c2353599d50e36fbf7029744c07811abe8457fd2c9e1e8
series_win7_int64_p0,1,109,1,2.788377782494916,0.0408132453046852,0.3029481886512858,1567.1093047237791,5.170191278200398e-05,1e-05,0,cost,5.170191278200398e-05,2.765834186081775,0.044318505882354364,0.2841061639041478,0.008150740390217584,0.07909248084703151,0.06632036590904443,0ebb7940fe6d6e77d7c2353599d50e36fbf7029744c07811abe8457fd2c9e1e8
series_win7_int64_p0,1,110,1,6.8559275893057,0.09579154365653371,0.41906640626745806,1574.8100367005106,5.203976138901112e-11,1e-05,1,cost,5.203976138901112e-11,6.766974318948115,0.09625628553592346,0.4256444363657461,0.013145205843105906,0.004828171758365864,0.015454284224769504,0ebb7940fe6d6e77d7c2353599d50e36fbf7029744c07811abe8457fd2c9e1e8
series_win7_int64_p0,1,111,1,6.481821544955235,0.09056355958808472,0.23236610504932367,1611.5381555421277,3.448016594465031e-10,1e-05,1,cost,3.448016594465031e-10,6.468202162720069,0.09161355505511073,0.22843735995870046,0.002105590068545139,0.011461136579563816,0.017198347465289823,0ebb7940fe6d6e77d7c2353599d50e36fbf7029744c07811abe8457fd2c9e1e8
series_win7_int64_p0,1,112,1,3.425776423925393,0.055441198957835745,0.4266113013520257,1641.556784465794,4.532454698141786e-06,1e-05,1,cost,4.532454698141786e-06,3.532123822320552,0.056959339160370194,0.4043686097457172,0.030108626918206514,0.0266530515436651,0.055005979866477664,0ebb7940fe6d6e77d7c2353599d50e36fbf7029744c07811abe8457fd2c9e1e8
series_win7_int64_p0,1,113,1,5.41319823163031,0.10936303109171933,0.3346619712602927,1565.5742960714144,1.7933772522571445e-10,1e-05,1,cost,1.7933772522571445e-10,5.298736146451533,0.10148602641770942,0.3501443949160487,0.02160177106675346,0.07761664292174282,0.044217254025923004,0ebb7940fe6d6e77d7c2353599d50e36fbf7029744c07811abe8457fd2c9e1e8
series_win7_int64_p0,1,114,1,2.3822382285160817,0.02625934055423335,0.4988565998216576,1530.1597283294843,0.0007542691958521974,1e-05,0,cost,0.0007542691958521974,2.31445655889359,0.02951513391625971,0.5184987408832046,0.02928621380342275,0.11030928645838747,0.03788271699192326,0ebb7940fe6d6e77d7c2353599d50e36fbf7029744c07811abe8457fd2c9e1e8
series_win7_int64_p0,1,115,1,6.161962159657445,0.08925467255265085,0.5570626944645146,1582.9361425791049,2.418302225137836e-10,1e-05,1,cost,2.418302225137836e-10,6.058601727440957,0.09256306730545974,0.5678940176841119,0.01706011335063384,0.03574206051200886,0.019072789785262542,0ebb7940fe6d6e77d7c2353599d50e36fbf7029744c07811abe8457fd2c9e1e8
series_win7_int64_p0,1,116,1,2.23979723032565,0.03174869851777225,0.4130004066476986,1630.1351946057907,0.01618793842000779,1e-05,0,cost,0.01618793842000779,2.1936616653699543,0.04063309900284778,0.4248898245856302,0.021031303816814874,0.21864934506848394,0.02798235507175683,0ebb7940fe6d6e77d7c2353599d50e36fbf7029744c07811abe8457fd2c9e1e8
series_win7_int64_p0,1,117,1,4.4935556525323666,0.0796245229604779,0.2257285765772531,1627.1546435759396,1.6507471917170946e-09,1e-05,1,cost,1.6507471917170946e-09,4.404988712572085,0.07642387246905477,0.2471344552601901,0.020106053781138257,0.041880244850444046,0.08661632656765846,0ebb7940fe6d6e77d7c2353599d50e36fbf7029744c07811abe8457fd2c9e1e8
series_win7_int64_p0,1,118,1,6.328489694553415,0.09087565599837429,0.3020274495565119,1561.23565923945,6.505637695219946e-11,1e-05,1,cost,6.505637695219946e-11,6.201589553715154,0.08668714829120873,0.31902863608594023,0.02046251847838586,0.048317516376188474,0.05329047178338104,0ebb7940fe6d6e77d7c2353599d50e36fbf7029744c07811abe8457fd2c9e1e8
series_win7_int64_p0,1,119,1,5.910577328229168,0.08702896966244494,0.35901372478407706,1630.4335173659683,6.239811445318821e-11,1e-05,1,cost,6.239811445318821e-11,6.0227346560183275,0.09007548667244841,0.35198870976691643,0.018622325935791304,0.03382182125845026,0.019958069171629192,0ebb7940fe6d6e77d7c2353599d50e36fbf7029744c07811abe8457fd2c9e1e8
series_win7_int64_p0,1,120,1,5.1989772656401465,0.07405800653665183,0.40157165107635356,1641.649212140497,5.834824706729691e-10,1e-05,1,cost,5.834824706729691e-10,5.039796936447014,0.07071216342323781,0.4216405653581371,0.03158467120807298,0.04731637318728232,0.04759720940212953,0ebb7940fe6d6e77d7c2353599d50e36fbf7029744c07811abe8457fd2c9e1e8
series_win7_int64_p0,1,121,1,4.177101205764107,0.07223376536431447,0.4346134906000058,1589.801308469943,2.4883974761302774e-07,1e-05,1,cost,2.4883974761302774e-07,4.368234665615803,0.07198330664624761,0.4006095374431297,0.04375530952038526,0.0034794000128072888,0.08488053822658498,0ebb7940fe6d6e77d7c2353599d50e36fbf7029744c07811abe8457fd2c9e1e8
series_win7_int64_p0,1,122,1,2.7169423374387,0.03740982231716276,0.3837648819149172,1580.2135630661367,7.944323006367493e-06,1e-05,1,cost,7.944323006367493e-06,2.6303477770796464,0.03953322325652485,0.3838528891139764,0.03292133500886168,0.053711809067114986,0.0002292732490886186,0ebb7940fe6d6e77d7c2353599d50e36fbf7029744c07811abe8457fd2c9e1e8
series_win7_int64_p0,1,123,1,5.06646187711763,0.07206748342442779,0.4902134563835962,1590.989005422269,2.9287511305042813e-10,1e-05,1,cost,2.9287511305042813e-10,4.952751793906503,0.06971508201016255,0.502630472997827,0.022958970677882037,0.03374307748676709,0.024704066468895763,0ebb7940fe6d6e77d7c2353599d50e36fbf7029744c07811abe8457fd2c9e1e8
series_win7_int64_p0,1,124,1,6.054442007911653,0.09863872273264891,0.540974258031766,1660.6782323087048,2.877225679931428e-10,1e-05,1,cost,2.877225679931428e-10,5.952846842265256,0.09836865423370328,0.5577515603854013,0.017066652030264105,0.002745473149444609,0.030080242791328666,0ebb7940fe6d6e77d7c2353599d50e36fbf7029744c07811abe8457fd2c9e1e8
series_win7_int64_p0,1,125,1,4.4233047163345445,0.0507792415137203,0.42654110003456386,1635.8749561400396,1.4858940744488791e-08,1e-05,1,cost,1.4858940744488791e-08,4.439454984492341,0.050832701001735876,0.4134015859787176,0.003637894339330433,0.0010516751414360712,0.03178389851780267,0ebb7940fe6d6e77d7c2353599d50e36fbf7029744c07811abe8457fd2c9e1e8
series_win7_int64_p0,1,126,1,6.0614686256355235,0.085182529738585,0.3898878354942312,1624.8711443704053,7.08592490239468e-11,1e-05,1,cost,7.08592490239468e-11,6.127274485029768,0.08537688278313814,0.3849646777429629,0.010739825603540766,0.0022764129846108397,0.012788596034661343,0ebb7940fe6d6e77d7c2353599d50e36fbf7029744c07811abe8457fd2c9e1e8
series_win7_int64_p0,1,127,1,3.3956613192998435,0.054080132549294925,0.3746957423097192,1656.472841679802,3.540566811954804e-09,1e-05,1,cost,3.540566811954804e-09,3.436516165974801,0.05361325698768471,0.3671292771614686,0.011888448853948217,0.008708211137358422,0.020609811363321927,0ebb7940fe6d6e77d7c2353599d50e36fbf7029744c07811abe8457fd2c9e1e8
series_win7_int64_p0,2,0,1,7.6708820912788465,0.11463077714603903,0.4374699515633206,1510.4008860441727,2.0212748141901216e-11,1e-05,1,cost,2.022085276998098e-11,7.66193324607077,0.12488383317490416,0.43349673090252455,0.0011679617820561593,0.08210074729613213,0.009165514703015007,0abb005820767e071f39c4fa6f3d16ecda277c8d4716e808fd6d3d37d4cfa473
series_win7_int64_p0,2,1,1,7.2473774021971655,0.11679917526196464,0.5300300784391733,1434.774851602976,3.563849215737491e-11,1e-05,1,cost,3.564110118148278e-11,7.107985503602176,0.11549221983094739,0.5423598261986978,0.019610605357080216,0.01131639371838479,0.022733519637583657,0abb005820767e071f39c4fa6f3d16ecda277c8d4716e808fd6d3d37d4cfa473
series_win7_int64_p0,2,2,1,2.469133227452658,0.035122903264525766,0.41579742627315686,1653.7169211267337,0.0005831758695362121,1e-05,0,cost,0.0005831758070604376,2.4331970156836236,0.034169598356260614,0.43532943072441654,0.01476913358737527,0.02789921316387046,0.0448671812028816,0abb005820767e071f39c4fa6f3d16ecda277c8d4716e808fd6d3d37d4cfa473
series_win7_int64_p0,2,3,1,3.7204675667509743,0.0497560578800686,0.31647224494326015,1499.6528808980977,1.4163456618226933e-06,1e-05,1,cost,1.4163456758670145e-06,3.7467846984055893,0.05336747045507642,0.309522998672487,0.007023924183797893,0.06767067174465069,0.02245146984417237,0abb005820767e071f39c4fa6f3d16ecda277c8d4716e808fd6d3d37d4cfa473
series_win7_int64_p0,2,4,1,2.4365877475362967,0.047419496610334455,0.41516382898729426,1552.888731862712,1.6106204865765084e-05,1e-05,0,cost,1.6106201577853474e-05,2.5205070814098667,0.03852175628215398,0.4129453129711349,0.03329462332898069,0.2309796122224714,0.005372420866572303,0abb005820767e071f39c4fa6f3d16ecda277c8d4716e808fd6d3d37d4cfa473
series_win7_int64_p0,2,5,1,4.0697411195934725,0.04844094623298337,0.3336075446780564,1618.4247661235145,8.868411523615949e-07,1e-05,1,cost,8.868411217194394e-07,4.099439817456933,0.050781524716599497,0.3158350441039742,0.007244574670176174,0.04609114233332658,0.0562714648227301,0abb005820767e071f39c4fa6f3d16ecda277c8d4716e808fd6d3d37d4cfa473
series_win7_int64_p0,2,6,1,3.6666057463431514,0.045968882260986374,0.2599678889627916,1591.1442013505205,4.426025870807315e-08,1e-05,1,cost,4.426025827786173e-08,3.6780588679031005,0.04318808870759348,0.25698606285261066,0.0031139038202721036,0.06438797447648943,0.011603065462313062,0abb005820767e071f39c4fa6f3d16ecda277c8d4716e808fd6d3d37d4cfa473
series_win7_int64_p0,2,7,1,2.3562052451385775,0.034818207413835324,0.5669059954183898,1574.386581142543,0.0007320884452048371,1e-05,0,cost,0.0007320884227036834,2.2748718879631347,0.03589734399470002,0.5904684822246389,0.03575293958565148,0.030061738858006445,0.0399047324549406,0abb005820767e071f39c4fa6f3d16ecda277c8d4716e808fd6d3d37d4cfa473
series_win7_int64_p0,2,8,1,3.7506415584613872,0.0512347768449207,0.31573212927240357,1576.3510869924241,2.2750903104773457e-06,1e-05,1,cost,2.2750903280188695e-06,3.7427791582228913,0.052888921934059634,0.3046354389473463,0.0021006850541053783,0.031275832984481604,0.03642613073318515,0abb005820767e071f39c4fa6f3d16ecda277c8d4716e808fd6d3d37d4cfa473
series_win7_int64_p0,2,9,1,4.48137484100765,0.058783141417156105,0.4766413525331187,1541.80928744744,7.426710635360934e-10,1e-05,1,cost,7.426576020819198e-10,4.364955469123513,0.057929897248945726,0.4851151432907607,0.026671376766076022,0.014728908710879986,0.017467586561327263,0abb005820767e071f39c4fa6f3d16ecda277c8d4716e808fd6d3d37d4cfa473
series_win7_int64_p0,2,10,1,2.971917613431117,0.04976577626292961,0.40545047275838825,1593.2551398660667,2.4996960013623504e-05,1e-05,0,cost,2.4996960051371087e-05,2.929401115705847,0.046731200462293905,0.42512215510687656,0.014513716642394814,0.06493682530334786,0.0462730114443055,0abb005820767e071f39c4fa6f3d16ecda277c8d4716e808fd6d3d37d4cfa473
series_win7_int64_p0,2,11,1,2.138204847820458,0.03805672919558333,0.4461572124807715,1488.4346204404785,8.137210436021114e-08,1e-05,1,cost,8.137202422986434e-08,2.1409405384403595,0.03492888069643343,0.4318337315367098,0.0012777985052749522,0.08954906188761118,0.03316897198625646,0abb005820767e071f39c4fa6f3d16ecda277c8d4716e808fd6d3d37d4cfa473
series_win7_int64_p0,2,12,1,3.608064443157,0.048677249296776234,0.26982928245389126,1601.83827018811,3.0557916488871406e-08,1e-05,1,cost,3.0557923649809915e-08,3.475443148520294,0.045625172275191035,0.3009554993155038,0.03815953504898243,0.0668945862423578,0.10342464893449803,0abb005820767e071f39c4fa6f3d16ecda277c8d4716e808fd6d3d37d4cfa473
series_win7_int64_p0,2,13,1,4.487745725881067,0.06611539217883425,0.4144363461790883,1578.6326778297705,6.045681039124062e-09,1e-05,1,cost,6.04565433826032e-09,4.383492317785077,0.0620392302928347,0.4316979388115358,0.02378318485309169,0.06570297321161846,0.03998534873705589,0abb005820767e071f39c4fa6f3d16ecda277c8d4716e808fd6d3d37d4cfa473
series_win7_int64_p0,2,14,1,4.49057557391396,0.08961970602199032,0.5910052743549954,1676.7028999368395,1.5049095858366002e-09,1e-05,1,cost,1.5059093971814264e-09,4.535533312461739,0.08338125294791263,0.5857839200417314,0.009912337855452312,0.0748184136543833,0.008913447663247587,0abb005820767e071f39c4fa6f3d16ecda277c8d4716e808fd6d3d37d4cfa473
series_win7_int64_p0,2,15,1,7.527498952832467,0.1091204192660019,0.5483358608893442,1512.5685842158832,6.974565369688435e-11,1e-05,1,cost,6.97452096076745e-11,7.585962161890749,0.1114323971417409,0.54394349399187,0.007706762545162872,0.020747807056489945,0.00807504262113627,0abb005820767e071f39c4fa6f3d16ecda277c8d4716e808fd6d3d37d4cfa473
series_win7_int64_p0,2,16,1,6.052255729776194,0.09055184594996703,0.49657116151697156,1425.2243447405926,5.352224219379309e-11,1e-05,1,cost,5.378822387491766e-11,5.998593002273881,0.09471812069613306,0.4953306142413841,0.008945885723864051,0.04398603683799779,0.002504483348939413,0abb005820767e071f39c4fa6f3d16ecda277c8d4716e808fd6d3d37d4cfa473
series_win7_int64_p0,2,17,1,5.409679031714752,0.09382642823795541,0.5692421872721477,1548.3632109080427,3.797130387894754e-10,1e-05,1,cost,3.794684011459992e-10,5.398943265384813,0.09075599991377564,0.57682677328866,0.0019884940074794888,0.03383168415418134,0.013148810644260465,0abb005820767e071f39c4fa6f3d16ecda277c8d4716e808fd6d3d37d4cfa473
series_win7_int64_p0,2,18,1,3.7332245223142224,0.058122055852847423,0.48508590983100036,1565.067670769032,1.6631784177378872e-06,1e-05,1,cost,1.6631784293674734e-06,3.6592076967429334,0.0606610821392251,0.49343191961710314,0.020227555171894576,0.04185593459329132,0.016914207318770903,0abb005820767e071f39c4fa6f3d16ecda277c8d4716e808fd6d3d37d4cfa473
series_win7_int64_p0,2,19,1,2.2569128861985575,0.036563347800105526,0.37227763689999105,1623.623513405801,2.9668687872158594e-06,1e-05,1,cost,2.966869050283205e-06,2.1590212139213847,0.03237531783345167,0.4086344011008533,0.04534076443805487,0.12935872902308906,0.08897137417436668,0abb005820767e071f39c4fa6f3d16ecda277c8d4716e808fd6d3d37d4cfa473
series_win7_int64_p0,2,20,1,3.7929030770751893,0.060546917992613046,0.18843692061684447,1700.6024886425564,2.629834647202567e-06,1e-05,1,cost,2.6298338469538107e-06,3.6644685576993385,0.06136582590169716,0.209893140687058,0.03504860728194805,0.013344689769122233,0.10222449385425066,0abb005820767e071f39c4fa6f3d16ecda277c8d4716e808fd6d3d37d4cfa473
series_win7_int64_p0,2,21,1,3.720876857659811,0.047264057533763226,0.23085366911921976,1640.8475663235718,4.509581035677668e-07,1e-05,1,cost,4.5095808198780674e-07,3.675221613216589,0.046683339239795896,0.25811531087967005,0.012422446657104782,0.012439519182301526,0.10561807305247113,0abb005820767e071f39c4fa6f3d16ecda277c8d4716e808fd6d3d37d4cfa473
series_win7_int64_p0,2,22,1,4.36206722144523,0.07208656561686301,0.5877831320654393,1558.96712757731,3.4129408743588385e-09,1e-05,1,cost,3.41306266582464e-09,4.421338129135401,0.06852576236123241,0.5722617444775282,0.01340564914037942,0.051962986370875916,0.027122881684292992,0abb005820767e071f39c4fa6f3d16ecda277c8d4716e808fd6d3d37d4cfa473
series_win7_int64_p0,2,23,1,7.657818307294584,0.12113813862818666,0.5088694358274144,1622.0142666240947,5.3709287017866814e-11,1e-05,1,cost,5.371544875565348e-11,7.73023253893694,0.1192343056297217,0.5000887863655867,0.009367665368099593,0.01596715801220204,0.017558181069488376,0abb005820767e071f39c4fa6f3d16ecda277c8d4716e808fd6d3d37d4cfa473
series_win7_int64_p0,2,24,1,7.261620010270757,0.11430610751370557,0.2741482154335142,1635.1350109409489,1.1094680729684114e-11,1e-05,1,cost,1.1094319907201111e-11,7.237675172340762,0.10202938142017527,0.29023368046485143,0.003308360400243111,0.12032539963143106,0.05542246167148492,0abb005820767e071f39c4fa6f3d16ecda277c8d4716e808fd6d3d37d4cfa473
series_win7_int64_p0,2,25,1,4.550839296737176,0.06620772247940283,0.34906936383750603,1562.7639564056365,4.907134421028303e-10,1e-05,1,cost,4.833097949630272e-10,4.533736892920887,0.06767662983472793,0.348564425746158,0.0037722532692608286,0.02170479468189079,0.0014486219879356584,0abb005820767e071f39c4fa6f3d16ecda277c8d4716e808fd6d3d37d4cfa473
series_win7_int64_p0,2,26,1,3.6833239046205253,0.04731296514295164,0.3610313627376019,1690.0089989898274,6.458356461402914e-06,1e-05,1,cost,6.45835652146598e-06,3.708532750824764,0.04748422547072194,0.34752425592775865,0.006797525570896588,0.003606678345757014,0.03886665917400315,0abb005820767e071f39c4fa6f3d16ecda277c8d4716e808fd6d3d37d4cfa473
series_win7_int64_p0,2,27,1,7.386173321953324,0.09972691408624178,0.3984894851709073,1649.4053114428002,4.619492288693294e-12,1e-05,1,cost,4.618544262313673e-12,7.323464506618292,0.11019461782295727,0.3847915976505124,0.008562725371081067,0.09499287663516641,0.035598198100042826,0abb005820767e071f39c4fa6f3d16ecda277c8d4716e808fd6d3d37d4cfa473
series_win7_int64_p0,2,28,1,4.049663923315951,0.0735723471094655,0.29247998093619065,1503.4718767410534,2.42470456213173e-09,1e-05,1,cost,2.4247064772664473e-09,3.9880361962916817,0.07454770539293268,0.29364715778878797,0.015453151373494074,0.013083679481832079,0.003974759576719061,0abb005820767e071f39c4fa6f3d16ecda277c8d4716e808fd6d3d37d4cfa473
series_win7_int64_p0,2,29,1,7.460913032224407,0.10365368503589191,0.4339791869165464,1514.525281719908,3.32781024958706e-11,1e-05,1,cost,3.348368804445556e-11,7.373075375987463,0.1073387507375635,0.44332073075073086,0.01191329964196649,0.03433117747644884,0.021071750509761268,0abb005820767e071f39c4fa6f3d16ecda277c8d4716e808fd6d3d37d4cfa473
series_win7_int64_p0,2,30,0,2.190764016910431,0.03091608499216132,0.3475252025416064,1666.3107813856418,0.00015457248693527548,1e-05,0,cost,0.00016676636047091575,2.2045877397946825,0.02777555113182486,0.3910682327649343,0.006270434437569229,0.11306828244131858,0.11134381822698702,0abb005820767e071f39c4fa6f3d16ecda277c8d4716e808fd6d3d37d4cfa473
series_win7_int64_p0,2,31,1,5.211368491257132,0.061406504834558714,0.5099575411306645,1571.4698014552143,2.8618479808173447e-10,1e-05,1,cost,2.8620431025139226e-10,5.228111988158105,0.06187673100973518,0.5052479143177404,0.0032025895655826606,0.007599402352113369,0.009321417623828711,0abb005820767e071f39c4fa6f3d16ecda277c8d4716e808fd6d3d37d4cfa473
series_win7_int64_p0,2,32,1,4.964807213101958,0.07472133302015163,0.38213269908756897,1551.662595436564,2.4687703825687635e-09,1e-05,1,cost,2.468773740993413e-09,4.93955266031659,0.07141604015131113,0.3916600173438961,0.005112720629189405,0.04628221981836974,0.02432548086204494,0abb005820767e071f39c4fa6f3d16ecda277c8d4716e808fd6d3d37d4cfa473
series_win7_int64_p0,2,33,1,2.845125933555552,0.04312740542992645,0.2111285051039886,1609.685612162261,4.744526728654719e-05,1e-05,0,cost,4.744525702568558e-05,2.872998302525655,0.042058649405336386,0.21922585914201234,0.009701491624829932,0.02541108760507321,0.03693612637539427,0abb005820767e071f39c4fa6f3d16ecda277c8d4716e808fd6d3d37d4cfa473
series_win7_int64_p0,2,34,1,2.111421285857482,0.03595360284935253,0.2981654386944737,1634.4846913004221,2.8725204185842124e-06,1e-05,1,cost,2.872520017419e-06,2.255131720202789,0.03253319788635471,0.27991482572253246,0.06372596024341493,0.10513583616790478,0.06520059423373414,0abb005820767e071f39c4fa6f3d16ecda277c8d4716e808fd6d3d37d4cfa473
series_win7_int64_p0,2,35,1,4.028731074354086,0.07142037609444991,0.4757306982809317,1628.6510887758723,7.000484830710363e-09,1e-05,1,cost,7.000485663377631e-09,3.971425361147362,0.06718063850997594,0.4947296269094528,0.014429507795198238,0.06310951605267044,0.038402649841705154,0abb005820767e071f39c4fa6f3d16ecda277c8d4716e808fd6d3d37d4cfa473
series_win7_int64_p0,2,36,1,2.4034285781138682,0.04527894820883277,0.3097670596046709,1650.2076473996847,3.4798836040642045e-05,1e-05,0,cost,3.479883706968001e-05,2.507316024312086,0.04027295060774383,0.2833794578627076,0.04143372641935737,0.12430173418002229,0.09311755319522011,0abb005820767e071f39c4fa6f3d16ecda277c8d4716e808fd6d3d37d4cfa473
series_win7_int64_p0,2,37,1,2.7597679249871154,0.042104438675112786,0.24848955042241325,1583.8519256413674,0.00016126362768398295,1e-05,0,cost,0.00016126358487837666,2.7606918980411512,0.0431347658306865,0.2605392393613692,0.0003346889432650573,0.02388623505267128,0.046249037068243556,0abb005820767e071f39c4fa6f3d16ecda277c8d4716e808fd6d3d37d4cfa473
series_win7_int64_p0,2,38,1,7.661393305231263,0.1470348914652501,0.2372435317387199,1581.1722290688724,3.297076500707874e-11,1e-05,1,cost,3.2969404983873574e-11,7.722349518094632,0.1541944812188371,0.231102854340336,0.007893480179903796,0.04643220494659553,0.02657118803621854,0abb005820767e071f39c4fa6f3d16ecda277c8d4716e808fd6d3d37d4cfa473
series_win7_int64_p0,2,39,1,5.660169111359355,0.07108184175614148,0.2917322047662292,1603.9789976866912,2.5928126312635413e-10,1e-05,1,cost,2.5927350544296957e-10,5.509567699876662,0.06979918281220308,0.30562941494126494,0.0273345241743857,0.01837641777826291,0.04547078748197874,0abb005820767e071f39c4fa6f3d16ecda277c8d4716e808fd6d3d37d4cfa473
series_win7_int64_p0,2,40,1,5.3762528006738295,0.09926840448892414,0.30365680332035544,1690.8231573906608,2.360114603749963e-10,1e-05,1,cost,2.3599620868619553e-10,5.445956081392742,0.10296424252062854,0.2940665168354542,0.012799089760761861,0.0358943837319441,0.032612643520606964,0abb005820767e071f39c4fa6f3d16ecda277c8d4716e808fd6d3d37d4cfa473
series_win7_int64_p0,2,41,1,4.597595829564496,0.06366321945891233,0.45617116240413014,1615.4170419875131,6.845202626948321e-09,1e-05,1,cost,6.845174704839252e-09,4.4531909644451115,0.0675965068134128,0.4706783803103183,0.03242727883720529,0.05818773099263177,0.030821933857730053,0abb005820767e071f39c4fa6f3d16ecda277c8d4716e808fd6d3d37d4cfa473
series_win7_int64_p0,2,42,1,7.473292146133623,0.11960713805311161,0.23638619351197054,1612.5843913694894,6.822709064380206e-12,1e-05,1,cost,6.812495012553654e-12,7.478484552592423,0.11540053832540341,0.24705852606476625,0.0006943126541593355,0.03645216728406019,0.043197588534135266,0abb005820767e071f39c4fa6f3d16ecda277c8d4716e808fd6d3d37d4cfa473
series_win7_int64_p0,2,43,1,3.5120914138169708,0.06979341378080019,0.36004896297038097,1572.2162551622043,8.720290430030975e-07,1e-05,1,cost,8.72029232767968e-07,3.578326899148464,0.0658223595917612,0.351469067370809,0.01851018288666,0.06032986683655786,0.02441152407452101,0abb005820767e071f39c4fa6f3d16ecda277c8d4716e808fd6d3d37d4cfa473
series_win7_int64_p0,2,44,1,5.402001892977935,0.07229965861675093,0.5570522327668287,1621.6581206680826,7.743319041519925e-10,1e-05,1,cost,7.74323494212581e-10,5.38911647441996,0.07194797850978223,0.553572687461874,0.002391007620476885,0.004887977595102126,0.006285615934030869,0abb005820767e071f39c4fa6f3d16ecda277c8d4716e808fd6d3d37d4cfa473
series_win7_int64_p0,2,45,1,2.6174893380396265,0.029158642771259815,0.5207826685644509,1667.4308951127784,0.0011111690313489915,1e-05,0,cost,0.0011111690328493816,2.435977010148009,0.030401536746959706,0.5537136735337367,0.07451315309440827,0.04088260360141781,0.059472984943868074,0abb005820767e071f39c4fa6f3d16ecda277c8d4716e808fd6d3d37d4cfa473
series_win7_int64_p0,2,46,1,5.249044085035717,0.07921960601068585,0.4842206596245751,1525.449728518069,1.6036888483839107e-10,1e-05,1,cost,1.6105294875501386e-10,5.24745352459786,0.07518006364244334,0.4926213246166442,0.00030311091473234504,0.053731563562576794,0.017052986893343395,0abb005820767e071f39c4fa6f3d16ecda277c8d4716e808fd6d3d37d4cfa473
series_win7_int64_p0,2,47,1,6.255800720552164,0.11106098019131867,0.2531890977744297,1616.6314659794,1.6559123516834973e-10,1e-05,1,cost,1.655890702334517e-10,6.235435168539178,0.10931944820270544,0.255586898839165,0.00326609955240022,0.01593066940279468,0.0093815491937409,0abb005820767e071f39c4fa6f3d16ecda277c8d4716e808fd6d3d37d4cfa473
series_win7_int64_p0,2,48,1,2.4427187561725114,0.0373909436727215,0.3155346975119534,1581.9289964508464,0.0007909898024406475,1e-05,0,cost,0.0007909890127780067,2.3616227262577034,0.039702016097373095,0.34673504295579477,0.03433911310775501,0.058210455080756195,0.08998324824012409,0abb005820767e071f39c4fa6f3d16ecda277c8d4716e808fd6d3d37d4cfa473
series_win7_int64_p0,2,49,1,3.4446049698125383,0.059523812183401616,0.39448908655066073,1591.0778439041364,4.713807796860592e-06,1e-05,1,cost,4.713807793474412e-06,3.4912425921675503,0.06091226748328085,0.3878479994152928,0.013358459380520125,0.022794345987207556,0.017122911927816616,0abb005820767e071f39c4fa6f3d16ecda277c8d4716e808fd6d3d37d4cfa473
series_win7_int64_p0,2,50,1,7.7880189441408945,0.09678300511766416,0.48308337675088964,1589.7616905845052,2.870381710096126e-11,1e-05,1,cost,2.8703539545205103e-11,7.59743837053228,0.09387293013391272,0.5005074887871079,0.025084846275003403,0.031000150731420928,0.03481288977002637,0abb005820767e071f39c4fa6f3d16ecda277c8d4716e808fd6d3d37d4cfa473
series_win7_int64_p0,2,51,1,6.992145699795962,0.10273183924999385,0.5077656780988856,1629.928320835059,2.7142788017187058e-11,1e-05,1,cost,2.7130603319491797e-11,6.979097570643039,0.1051494637514872,0.5115988098844231,0.0018696011942588716,0.022992266581665376,0.007492456416001853,0abb005820767e071f39c4fa6f3d16ecda277c8d4716e808fd6d3d37d4cfa473
series_win7_int64_p0,2,52,1,5.408206347761809,0.09511380252466467,0.3376270314504181,1627.7855149544137,3.3213279349020297e-10,1e-05,1,cost,3.32162325422658e-10,5.509235420487406,0.09835789453803442,0.32164448690800906,0.018338129525178028,0.03298252802793864,0.049690093233216485,0abb005820767e071f39c4fa6f3d16ecda277c8d4716e808fd6d3d37d4cfa473
series_win7_int64_p0,2,53,1,4.513785837556051,0.06422588120818015,0.4147986948839226,1640.2924645166179,3.948931914798948e-08,1e-05,1,cost,3.948934071407173e-08,4.71383468287713,0.06165066926811518,0.3979664257371076,0.04243866380120442,0.04177102974933693,0.042295701492000314,0abb005820767e071f39c4fa6f3d16ecda277c8d4716e808fd6d3d37d4cfa473
series_win7_int64_p0,2,54,1,2.459839110417326,0.03234629237432455,0.4412590281519205,1612.655334024491,0.00047858983253364074,1e-05,0,cost,0.00047859052282664405,2.359210129402468,0.035993349575428414,0.47003555581010487,0.042653674533156195,0.10132586280865624,0.061222023105439616,0abb005820767e071f39c4fa6f3d16ecda277c8d4716e808fd6d3d37d4cfa473
series_win7_int64_p0,2,55,1,2.7477955391487154,0.041032089219081684,0.3547348036239888,1595.6720167932797,2.576758116434874e-06,1e-05,1,cost,2.576758129979595e-06,2.855986092254814,0.04331671577790046,0.33573590634691164,0.03788203079822485,0.052742377112171474,0.056588815547914124,0abb005820767e071f39c4fa6f3d16ecda277c8d4716e808fd6d3d37d4cfa473
series_win7_int64_p0,2,56,1,7.836011487951764,0.13539356180591783,0.5680400594612351,1575.5114376287033,6.104922123384426e-11,1e-05,1,cost,6.105510541587478e-11,7.933316968748333,0.12499547659704575,0.5644347047626578,0.012265422039719729,0.08318769200259069,0.00638754964596552,0abb005820767e071f39c4fa6f3d16ecda277c8d4716e808fd6d3d37d4cfa473
series_win7_int64_p0,2,57,1,4.913250491676227,0.06778490519059183,0.22289742774280902,1681.0343635932297,1.5363312427796316e-09,1e-05,1,cost,1.5363391253631065e-09,5.016845945286321,0.06632867624033945,0.21687067677481286,0.020649518589947735,0.021954741641093366,0.027789607417760837,0abb005820767e071f39c4fa6f3d16ecda277c8d4716e808fd6d3d37d4cfa473
series_win7_int64_p0,2,58,1,2.0915896522889295,0.031993820843391696,0.433894437484047,1661.7966326467035,0.010854330170765494,1e-05,0,cost,0.010854329580971364,2.115273202214496,0.03613373197897098,0.4359017318188455,0.011196449659917236,0.1145719223795821,0.0046049239731690665,0abb005820767e071f39c4fa6f3d16ecda277c8d4716e808fd6d3d37d4cfa473
series_win7_int64_p0,2,59,1,7.903035949394348,0.10477640799177793,0.516463253199151,1621.2160805377475,1.1776246644501498e-11,1e-05,1,cost,1.1780632025448767e-11,7.89161531566454,0.0983212592498911,0.5238636652478534,0.001447185813421353,0.06565364185868046,0.014126599227303019,0abb005820767e071f39c4fa6f3d16ecda277c8d4716e808fd6d3d37d4cfa473
series_win7_int64_p0,2,60,1,6.452008996513377,0.09570943197818664,0.5995653624739865,1641.3462497238074,2.8302205024033356e-10,1e-05,1,cost,2.830150558352784e-10,6.603773514207141,0.10598162292546066,0.5838829777343715,0.0229814843539475,0.09692426539362106,0.026858780505071494,0abb005820767e071f39c4fa6f3d16ecda277c8d4716e808fd6d3d37d4cfa473
series_win7_int64_p0,2,61,1,3.894013691135584,0.05442497852796983,0.4486464393654648,1678.1573697659705,3.2539021740940477e-07,1e-05,1,cost,3.2539020902722093e-07,3.918395316136757,0.053134138132709625,0.4339665732710274,0.006222349465548941,0.024293993289891354,0.033827181627810066,0abb005820767e071f39c4fa6f3d16ecda277c8d4716e808fd6d3d37d4cfa473
series_win7_int64_p0,2,62,1,2.0211046395218757,0.040389241843157314,0.4210964435081583,1588.7836487236953,5.651496252090382e-07,1e-05,1,cost,5.651485702126702e-07,2.078511023959135,0.04006140014157583,0.41301836929591507,0.027618994451091186,0.00818348086744097,0.019558631801326783,0abb005820767e071f39c4fa6f3d16ecda277c8d4716e808fd6d3d37d4cfa473
series_win7_int64_p0,2,63,1,2.593834651550141,0.04875977962275836,0.40221270482349347,1550.5569980342448,3.5276681673024335e-08,1e-05,1,cost,3.5276675275364155e-08,2.6137550277916004,0.04752445333866216,0.40444406575653136,0.007621363145990875,0.025993487506172648,0.005517106373817158,0abb005820767e071f39c4fa6f3d16ecda277c8d4716e808fd6d3d37d4cfa473
series_win7_int64_p0,2,64,1,5.970793448714803,0.08396007008175227,0.24352487167698206,1634.2885906813187,2.3729923581683465e-10,1e-05,1,cost,2.373113650033787e-10,5.860368252397157,0.0860479582779752,0.24783542849983065,0.018842706048801113,0.02426423866418864,0.017392819295210384,0abb005820767e071f39c4fa6f3d16ecda277c8d4716e808fd6d3d37d4cfa473
series_win7_int64_p0,2,65,1,4.414332792360506,0.06294429467808385,0.3590055196210138,1583.7382363050438,8.552369717973463e-08,1e-05,1,cost,8.552368876979521e-08,4.30400773568873,0.06013904754071456,0.3849879814744761,0.02563309906647319,0.046646018719703225,0.06748902070644222,0abb005820767e071f39c4fa6f3d16ecda277c8d4716e808fd6d3d37d4cfa473
series_win7_int64_p0,2,66,1,4.286160410745852,0.06733372732843244,0.5316983807660364,1553.5443789187298,1.6363309596201248e-09,1e-05,1,cost,1.792682696732939e-09,4.318348807741663,0.0696148764751192,0.5222439031398431,0.007453866843295676,0.032768127477782044,0.018103567259188404,0abb005820767e071f39c4fa6f3d16ecda277c8d4716e808fd6d3d37d4cfa473
series_win7_int64_p0,2,67,1,3.907542063207156,0.05402061866680383,0.34890074812769395,1596.9888355001083,2.0614886286907108e-07,1e-05,1,cost,2.0614887910608282e-07,3.960109834459873,0.05446496730124102,0.34712685755406425,0.013274321534035653,0.00815843020669673,0.005110208372031311,0abb005820767e071f39c4fa6f3d16ecda277c8d4716e808fd6d3d37d4cfa473
series_win7_int64_p0,2,68,1,4.2059721319093315,0.06299498946841987,0.3024941871778769,1704.3086084405652,2.79482510745499e-09,1e-05,1,cost,2.7948292569135447e-09,4.125198537854926,0.06517888389637731,0.30870120331280154,0.019580534927758197,0.03350616484058607,0.02010687379354066,0abb005820767e071f39c4fa6f3d16ecda277c8d4716e808fd6d3d37d4cfa473
series_win7_int64_p0,2,69,1,3.8392527127171023,0.06902686621051746,0.519623909291039,1619.877230731316,8.84935978662238e-09,1e-05,1,cost,8.849353458351139e-09,3.98556651662461,0.06486902888517804,0.5008875673607459,0.03671091758152903,0.06409587744405784,0.03740628266941769,0abb005820767e071f39c4fa6f3d16ecda277c8d4716e808fd6d3d37d4cfa473
series_win7_int64_p0,2,70,1,7.848549733815168,0.0996026712205844,0.4749843055059401,1596.8758087310414,1.5626860916384544e-11,1e-05,1,cost,1.562466822591091e-11,7.891559196280233,0.09356397053860316,0.48752392280374107,0.005450058904118458,0.06454087665603889,0.025721029699806004,0abb005820767e071f39c4fa6f3d16ecda277c8d4716e808fd6d3d37d4cfa473
series_win7_int64_p0,2,71,1,6.721429123877232,0.11124267313921701,0.5007700794749161,1535.5778659289401,5.3088450302496426e-11,1e-05,1,cost,5.309275241671685e-11,6.916515443621282,0.10275469519295186,0.49651413371788505,0.028205867728375845,0.08260428324298473,0.00857165077087066,0abb005820767e071f39c4fa6f3d16ecda277c8d4716e808fd6d3d37d4cfa473
series_win7_int64_p0,2,72,1,5.906399269509928,0.11056870689618335,0.3883218121090664,1581.5839932048882,4.934846975501728e-11,1e-05,1,cost,4.935293840269139e-11,5.806770596147759,0.10944570523234433,0.395861478749134,0.017157328968405074,0.010260810704768933,0.019046224613447828,0abb005820767e071f39c4fa6f3d16ecda277c8d4716e808fd6d3d37d4cfa473
series_win7_int64_p0,2,73,1,5.6544667770258865,0.09552813793799757,0.22235034986902655,1679.2240414843507,5.924214452335264e-10,1e-05,1,cost,5.924300494619672e-10,5.499298916315833,0.09796057576842863,0.23441611969975687,0.028215934989401555,0.024830783316149196,0.05147158756054964,0abb005820767e071f39c4fa6f3d16ecda277c8d4716e808fd6d3d37d4cfa473
series_win7_int64_p0,2,74,1,6.79486995255749,0.1175641487921659,0.2684720032622394,1605.7624608567003,7.279665759085674e-11,1e-05,1,cost,7.276579339077216e-11,6.778536214374777,0.11849103027356377,0.26247121425960335,0.00240962615912191,0.00782237675930365,0.022862655699458313,0abb005820767e071f39c4fa6f3d16ecda277c8d4716e808fd6d3d37d4cfa473
series_win7_int64_p0,2,75,1,3.850550169649746,0.0702369025425893,0.33972534397986914,1580.2213247781915,9.212197255026311e-10,1e-05,1,cost,9.21205070558706e-10,3.8274040190471252,0.0693656600294252,0.3599723718133179,0.006047480351547313,0.012560141614662328,0.056246060583640886,0abb005820767e071f39c4fa6f3d16ecda277c8d4716e808fd6d3d37d4cfa473
series_win7_int64_p0,2,76,1,5.5359389733385,0.1109989742901616,0.1900759702602643,1606.687934528212,7.110516619945884e-10,1e-05,1,cost,7.110547983746329e-10,5.517071424189092,0.10416267828701709,0.20492231292761673,0.0034198486295981016,0.06563095453735658,0.07244863897567126,0abb005820767e071f39c4fa6f3d16ecda277c8d4716e808fd6d3d37d4cfa473
series_win7_int64_p0,2,77,1,3.8909444730094207,0.05067060312485938,0.25017037475291876,1618.4705335209608,3.6862249835900585e-08,1e-05,1,cost,3.686226941745918e-08,3.983292316771837,0.050699406944366594,0.23196580657460686,0.02318379782813861,0.0005681293183334455,0.07847953302745414,0abb005820767e071f39c4fa6f3d16ecda277c8d4716e808fd6d3d37d4cfa473
series_win7_int64_p0,2,78,1,6.424331751932945,0.0841860990462288,0.5852997715723283,1610.2233445824932,1.4854212304626913e-10,1e-05,1,cost,1.7222584469678281e-10,6.3229683487339265,0.08029791300093413,0.5974137776629855,0.016030983805148204,0.04842200625126385,0.020277413316522223,0abb005820767e071f39c4fa6f3d16ecda277c8d4716e808fd6d3d37d4cfa473
series_win7_int64_p0,2,79,1,5.929317590857535,0.07902636690972138,0.3333240269792852,1557.7502092527227,8.414182935470582e-11,1e-05,1,cost,8.41402923897061e-11,5.919829092989421,0.07743150161903066,0.33786641829695924,0.0016028330749194768,0.020597111735448325,0.013444340933823176,0abb005820767e071f39c4fa6f3d16ecda277c8d4716e808fd6d3d37d4cfa473
series_win7_int64_p0,2,80,1,4.220367296174747,0.054997138084622414,0.25317707617673824,1575.7653663293868,1.1302719324091104e-06,1e-05,1,cost,1.130271826216278e-06,4.120329247243738,0.06080036003598005,0.26234637432696306,0.02427913958524765,0.09544716425895244,0.03495111443315432,0abb005820767e071f39c4fa6f3d16ecda277c8d4716e808fd6d3d37d4cfa473
series_win7_int64_p0,2,81,1,4.222726189473956,0.07216684409387819,0.5006357996865192,1561.9046282001043,2.1869145383490718e-09,1e-05,1,cost,2.1869362154536276e-09,4.2987771643799375,0.07661895058315665,0.4781109708063665,0.017691304293729528,0.05810711913166272,0.04711213558258875,0abb005820767e071f39c4fa6f3d16ecda277c8d4716e808fd6d3d37d4cfa473
series_win7_int64_p0,2,82,1,7.403866037937547,0.13272486563744387,0.2391472155864631,1612.8012013880207,4.167857725612123e-11,1e-05,1,cost,4.167563516510597e-11,7.297137205367871,0.1326341961491499,0.24484334366313157,0.014626123857334717,0.0006836056682698672,0.023264377913844808,0abb005820767e071f39c4fa6f3d16ecda277c8d4716e808fd6d3d37d4cfa473
series_win7_int64_p0,2,83,1,1.998079820925177,0.02783122339696033,0.2811064668161417,1725.9961816044638,0.00028337449544216936,1e-05,0,cost,0.0002833744936519972,2.0048344718429023,0.025003378984462622,0.2825060099314001,0.0033691813526710414,0.11309849017826602,0.0049540295287815745,0abb005820767e071f39c4fa6f3d16ecda277c8d4716e808fd6d3d37d4cfa473
series_win7_int64_p0,2,84,1,2.277433404003671,0.03588857475482768,0.3377724135505049,1566.1868603345429,4.9466823328458975e-05,1e-05,0,cost,4.94668128349085e-05,2.18459219795674,0.034195329948470965,0.34678401588261654,0.04249818622155907,0.04951684364234149,0.02598621020399618,0abb005820767e071f39c4fa6f3d16ecda277c8d4716e808fd6d3d37d4cfa473
series_win7_int64_p0,2,85,1,6.74187706931677,0.08248404963869668,0.5455757091217575,1598.746618737158,4.9904913534959405e-11,1e-05,1,cost,5.840045114169357e-11,6.758238014203197,0.08053032273380695,0.5372921318982486,0.0024208891211056948,0.02426076089807539,0.015417268803551988,0abb005820767e071f39c4fa6f3d16ecda277c8d4716e808fd6d3d37d4cfa473
series_win7_int64_p0,2,86,1,5.01460995625226,0.06551613972837822,0.4978524252316302,1595.7439598226738,5.072132713834776e-10,1e-05,1,cost,5.27189514265558e-10,4.977864183715684,0.06792156164271182,0.49410833496124434,0.007381835096422274,0.03541470272704939,0.007577468351509448,0abb005820767e071f39c4fa6f3d16ecda277c8d4716e808fd6d3d37d4cfa473
series_win7_int64_p0,2,87,1,1.9366428870022652,0.03298990420501332,0.42470391215552333,1693.8209958425266,5.232340290609039e-06,1e-05,1,cost,5.232327890528077e-06,2.0436555763278843,0.03232738281035807,0.39542561525755704,0.052363368155168045,0.020494124084891048,0.07404248932860895,0abb005820767e071f39c4fa6f3d16ecda277c8d4716e808fd6d3d37d4cfa473
series_win7_int64_p0,2,88,1,6.5717760264322225,0.11521740284630558,0.4248852150243996,1568.7765259562764,4.927555585787502e-11,1e-05,1,cost,4.925607144379285e-11,6.556237870739479,0.1096260246672722,0.42053822586084577,0.002369980467318045,0.05100411326602297,0.010336727784152027,0abb005820767e071f39c4fa6f3d16ecda277c8d4716e808fd6d3d37d4cfa473
series_win7_int64_p0,2,89,1,3.199049581579195,0.04782845381391925,0.220175675990897,1524.746308947092,0.00013645788772805034,1e-05,0,cost,0.0001364578856264398,3.179887016316008,0.05040254349060129,0.2189759228820353,0.0060261780260946,0.051070630535977546,0.005478927057693075,0abb005820767e071f39c4fa6f3d16ecda277c8d4716e808fd6d3d37d4cfa473
series_win7_int64_p0,2,90,1,6.996591504988357,0.0967962139958617,0.2104246019305603,1560.093324304066,2.367601115160767e-10,1e-05,1,cost,2.3675469917883163e-10,7.024097145121941,0.09808284877634033,0.20929773514846606,0.00391589688543616,0.01311783656908816,0.0053840371530772075,0abb005820767e071f39c4fa6f3d16ecda277c8d4716e808fd6d3d37d4cfa473
series_win7_int64_p0,2,91,1,3.238318751625953,0.05203898824652038,0.4818947978566016,1639.0611653374624,6.722579896506486e-07,1e-05,1,cost,6.722578758389108e-07,3.3089077635513595,0.051096641027234026,0.46596508857819763,0.021333024964601977,0.018442449451502967,0.03418648664647905,0abb005820767e071f39c4fa6f3d16ecda277c8d4716e808fd6d3d37d4cfa473
series_win7_int64_p0,2,92,1,6.424026205020519,0.07648305612405315,0.5337133684901137,1617.423289547928,8.404943407924748e-11,1e-05,1,cost,8.401440654282055e-11,6.465762049666184,0.07194816726220786,0.537722915434959,0.006454899565600214,0.06302994272694042,0.007456529803276001,0abb005820767e071f39c4fa6f3d16ecda277c8d4716e808fd6d3d37d4cfa473
series_win7_int64_p0,2,93,1,2.6990518803387338,0.05219178406656357,0.18839317023454175,1564.8953849379072,1.0513234144776673e-06,1e-05,1,cost,1.0513231034903203e-06,2.689240135630288,0.04467020986058792,0.2093673522102363,0.0036485193636848546,0.16838009558159384,0.10017885670461806,0abb005820767e071f39c4fa6f3d16ecda277c8d4716e808fd6d3d37d4cfa473
series_win7_int64_p0,2,94,1,3.635206929826472,0.05995899592822726,0.37165413323865804,1654.1315125408603,1.7345755665143514e-09,1e-05,1,cost,1.7345784530942154e-09,3.603592833085251,0.059533884825332756,0.3707900263510714,0.008772938066411445,0.007140657864705844,0.0023304480330560264,0abb005820767e071f39c4fa6f3d16ecda277c8d4716e808fd6d3d37d4cfa473
series_win7_int64_p0,2,95,1,4.156949216611369,0.06866019326908612,0.47320461878178555,1734.9968633259514,1.226179017488338e-07,1e-05,1,cost,1.2261785650724555e-07,4.205518776284162,0.07086674766082877,0.4755993518971609,0.011549005546399514,0.031136667965959344,0.005035190030900573,0abb005820767e071f39c4fa6f3d16ecda277c8d4716e808fd6d3d37d4cfa473
series_win7_int64_p0,2,96,1,7.338942756034797,0.120908457732256,0.22764985499630114,1623.7904390227961,8.451377401727522e-12,1e-05,1,cost,8.450605883461582e-12,7.300581750315821,0.11729542339653341,0.230879937588238,0.005254513548501271,0.03080285855235994,0.013990312998514125,0abb005820767e071f39c4fa6f3d16ecda277c8d4716e808fd6d3d37d4cfa473
series_win7_int64_p0,2,97,1,5.571582444946658,0.1031710330804173,0.5362432913790752,1562.1219312069845,5.340300979206347e-10,1e-05,1,cost,5.340272113407707e-10,5.502566541404262,0.10732570423591183,0.5416916139421768,0.012542493220769628,0.03871086786779597,0.010057978419586822,0abb005820767e071f39c4fa6f3d16ecda277c8d4716e808fd6d3d37d4cfa473
series_win7_int64_p0,2,98,1,5.015083219699311,0.06261879825503239,0.2734645245020495,1684.6902357309825,7.550342315341269e-10,1e-05,1,cost,7.550345943081738e-10,4.96076752074282,0.06496530279343189,0.2778631535794055,0.010949051478299799,0.03611935044558494,0.01583019922106726,0abb005820767e071f39c4fa6f3d16ecda277c8d4716e808fd6d3d37d4cfa473
series_win7_int64_p0,2,99,1,5.8347741712854715,0.09216571536245627,0.52430266377104,1633.9069002525027,3.01619507148132e-10,1e-05,1,cost,3.0162329578420355e-10,5.689548746736849,0.09080661170656715,0.5410919621310958,0.025524946004182602,0.014967012096882705,0.03102854881438456,0abb005820767e071f39c4fa6f3d16ecda277c8d4716e808fd6d3d37d4cfa473
series_win7_int64_p0,2,100,1,4.483026499739411,0.07529401302662668,0.5534486628108763,1588.3877007001024,1.5266399533420127e-09,1e-05,1,cost,1.5379568174545e-09,4.509400713433751,0.07123051135205746,0.5552830397428754,0.005848718126949555,0.057047206280540684,0.003303498937854235,0abb005820767e071f39c4fa6f3d16ecda277c8d4716e808fd6d3d37d4cfa473
series_win7_int64_p0,2,101,0,2.6669252696160126,0.04035609742764282,0.32947913695265063,1657.3972665087692,3.482570121247919e-05,1e-05,0,cost,3.5879696252204274e-05,2.6431933362204036,0.0390608948833079,0.35003265876306755,0.00897850833323608,0.033158547652435005,0.05871886892796859,0abb005820767e071f39c4fa6f3d16ecda277c8d4716e808fd6d3d37d4cfa473
series_win7_int64_p0,2,102,1,7.057097683766747,0.11265032311724303,0.44514227625320674,1719.712756720658,5.176412076757231e-11,1e-05,1,cost,5.1773169085223e-11,7.094404883718467,0.1195485133432284,0.43894317154887624,0.005258679277995485,0.05770201596886778,0.014122795628545789,0abb005820767e071f39c4fa6f3d16ecda277c8d4716e808fd6d3d37d4cfa473
series_win7_int64_p0,2,103,1,4.518194313241301,0.08180948323594503,0.2538082769869609,1632.266282948389,2.5419796267911465e-09,1e-05,1,cost,2.5419746585431113e-09,4.667109458702844,0.07298968460196487,0.2397068399921524,0.03190736081491686,0.12083623435389851,0.05882784569380734,0abb005820767e071f39c4fa6f3d16ecda277c8d4716e808fd6d3d37d4cfa473
series_win7_int64_p0,2,104,1,8.027314486644762,0.11860446121543664,0.43474370728801326,1518.8440318898272,1.8714141347686564e-11,1e-05,1,cost,1.8696350023716946e-11,7.923060203441778,0.1167498441691765,0.44173274679668617,0.013158335356040413,0.015885392048769698,0.01582187320128593,0abb005820767e071f39c4fa6f3d16ecda277c8d4716e808fd6d3d37d4cfa473
series_win7_int64_p0,2,105,1,2.591685378463491,0.028862401244310717,0.5244854066419505,1550.5112857249126,0.0002692972244332584,1e-05,0,cost,0.00026929712968210007,2.6679620930701304,0.02861401843329752,0.5139779183114304,0.02858987944572518,0.008680458901366967,0.020443462561660988,0abb005820767e071f39c4fa6f3d16ecda277c8d4716e808fd6d3d37d4cfa473
series_win7_int64_p0,2,106,1,2.0431439755756524,0.037704059892269506,0.5459931947687532,1631.5645737251307,9.01795585438736e-05,1e-05,0,cost,9.017955740416028e-05,2.0726381744995432,0.029752945992968224,0.5631850147739523,0.014230269077723833,0.26723786952661555,0.0305260608045466,0abb005820767e071f39c4fa6f3d16ecda277c8d4716e808fd6d3d37d4cfa473
series_win7_int64_p0,2,107,1,7.611056597959946,0.11053277801744,0.23036676781854362,1518.417490960408,2.7393670665176728e-11,1e-05,1,cost,2.7409241543097096e-11,7.792544338949571,0.10792446978417775,0.21746806224387352,0.023289920864805674,0.024167904076603127,0.059313102998109234,0abb005820767e071f39c4fa6f3d16ecda277c8d4716e808fd6d3d37d4cfa473
series_win7_int64_p0,2,108,1,7.4908512553347455,0.13088251110904148,0.20629820982019828,1448.5245297271304,4.986006052476455e-11,1e-05,1,cost,4.9847959093796135e-11,7.312819377415955,0.12910119319141405,0.22060188814428594,0.024345176426564478,0.0137978424024813,0.0648393286404342,0abb005820767e071f39c4fa6f3d16ecda277c8d4716e808fd6d3d37d4cfa473
series_win7_int64_p0,2,109,1,2.7904328787861297,0.04081960545554422,0.302449906542749,1567.107705943501,5.3243033288005726e-05,1e-05,0,cost,5.324303400180974e-05,2.765834186081775,0.044318505882354364,0.2841061639041478,0.008893769853645015,0.07894897080010196,0.0645665070638526,0abb005820767e071f39c4fa6f3d16ecda277c8d4716e808fd6d3d37d4cfa473
series_win7_int64_p0,2,110,1,6.8586378257037595,0.09632501724460059,0.41874118803048554,1574.784242185794,5.0558002229195154e-11,1e-05,1,cost,5.0326159906077805e-11,6.766974318948115,0.09625628553592346,0.4256444363657461,0.013545715180118002,0.0007140490441165236,0.01621834504452156,0abb005820767e071f39c4fa6f3d16ecda277c8d4716e808fd6d3d37d4cfa473
series_win7_int64_p0,2,111,1,6.481071629527617,0.0906292743534626,0.23244913506151932,1611.5373077399533,3.443842988559709e-10,1e-05,1,cost,3.443896556820647e-10,6.468202162720069,0.09161355505511073,0.22843735995870046,0.001989651294717037,0.010743832624506625,0.017561816961744588,0abb005820767e071f39c4fa6f3d16ecda277c8d4716e808fd6d3d37d4cfa473
series_win7_int64_p0,2,112,1,3.427946363989062,0.05544544302503626,0.4258709531203361,1641.5540915619565,4.561264319427605e-06,1e-05,1,cost,4.561264337801796e-06,3.532123822320552,0.056959339160370194,0.4043686097457172,0.02949428263900642,0.026578541072457433,0.05317510522921263,0abb005820767e071f39c4fa6f3d16ecda277c8d4716e808fd6d3d37d4cfa473
series_win7_int64_p0,2,113,1,5.413206792421236,0.10937429147966853,0.3346505563925528,1565.5742901526444,1.79090436924767e-10,1e-05,1,cost,1.7909178307018436e-10,5.298736146451533,0.10148602641770942,0.3501443949160487,0.02160338669559198,0.07772759797976088,0.04424985448420709,0abb005820767e071f39c4fa6f3d16ecda277c8d4716e808fd6d3d37d4cfa473
series_win7_int64_p0,2,114,1,2.3226222466814104,0.029855265481146913,0.5136931978478866,1527.5424479302842,0.0014687566110270361,1e-05,0,cost,0.0014687551490284029,2.31445655889359,0.02951513391625971,0.5184987408832046,0.0035281231598159714,0.011523971595460964,0.00926818650925225,0abb005820767e071f39c4fa6f3d16ecda277c8d4716e808fd6d3d37d4cfa473
series_win7_int64_p0,2,115,1,6.16705622335949,0.08968807242263661,0.5586553247293032,1582.5941549169934,2.4381027752262696e-10,1e-05,1,cost,2.4382051933002913e-10,6.058601727440957,0.09256306730545974,0.5678940176841119,0.0179009119261487,0.031059848884821335,0.01626833998442926,0abb005820767e071f39c4fa6f3d16ecda277c8d4716e808fd6d3d37d4cfa473
series_win7_int64_p0,2,116,1,2.2356064825693265,0.03174966063105006,0.4127527809647318,1630.0005667101668,0.016129508963921027,1e-05,0,cost,0.016129508945984264,2.1936616653699543,0.04063309900284778,0.4248898245856302,0.019120914524573363,0.21862566700056835,0.028565154820393592,0abb005820767e071f39c4fa6f3d16ecda277c8d4716e808fd6d3d37d4cfa473
series_win7_int64_p0,2,117,1,4.493083871781166,0.07979877028621157,0.22519560277196096,1627.1501788200276,1.6451492390601175e-09,1e-05,1,cost,1.6451441320342042e-09,4.404988712572085,0.07642387246905477,0.2471344552601901,0.019998952314600055,0.044160256581127204,0.08877294129275212,0abb005820767e071f39c4fa6f3d16ecda277c8d4716e808fd6d3d37d4cfa473
series_win7_int64_p0,2,118,1,6.326222572330402,0.09081824216435148,0.30234182875078747,1561.2346305836988,6.540706865010293e-11,1e-05,1,cost,6.540962216305957e-11,6.201589553715154,0.08668714829120873,0.31902863608594023,0.020096947328703006,0.04765520558209094,0.05230504552781794,0abb005820767e071f39c4fa6f3d16ecda277c8d4716e808fd6d3d37d4cfa473
series_win7_int64_p0,2,119,1,5.910607701693204,0.08702767279675701,0.3589912403437684,1630.4334979832329,6.23875480356556e-11,1e-05,1,cost,6.23859319238973e-11,6.0227346560183275,0.09007548667244841,0.35198870976691643,0.01861728280077537,0.033836218801398345,0.01989419087188612,0abb005820767e071f39c4fa6f3d16ecda277c8d4716e808fd6d3d37d4cfa473
series_win7_int64_p0,2,120,1,5.198969679202002,0.07405798359804935,0.4015728899087689,1641.6492121286894,5.835016081423561e-10,1e-05,1,cost,5.835067706794206e-10,5.039796936447014,0.07071216342323781,0.4216405653581371,0.03158316590176004,0.04731604879326911,0.04759427127777172,0abb005820767e071f39c4fa6f3d16ecda277c8d4716e808fd6d3d37d4cfa473
series_win7_int64_p0,2,121,1,4.176693672555177,0.07222148765974276,0.43472967266409956,1589.8012056532968,2.4926828573468285e-07,1e-05,1,cost,2.4926828379179256e-07,4.368234665615803,0.07198330664624761,0.4006095374431297,0.04384860423555644,0.003308836792753386,0.0851705514520196,0abb005820767e071f39c4fa6f3d16ecda277c8d4716e808fd6d3d37d4cfa473
series_win7_int64_p0,2,122,1,2.7159640283922344,0.03744389946683722,0.38405591901945857,1580.213091542564,7.523441697201982e-06,1e-05,1,cost,7.523441346218851e-06,2.6303477770796464,0.03953322325652485,0.3838528891139764,0.032549403565046355,0.052849821430707516,0.0005289263445451619,0abb005820767e071f39c4fa6f3d16ecda277c8d4716e808fd6d3d37d4cfa473
series_win7_int64_p0,2,123,1,5.066712292131782,0.07207927066027671,0.4901812528240036,1590.9889763092808,2.926516251555711e-10,1e-05,1,cost,2.92657120759543e-10,4.952751793906503,0.06971508201016255,0.502630472997827,0.02300953146198179,0.03391215475827061,0.024768136519007392,0abb005820767e071f39c4fa6f3d16ecda277c8d4716e808fd6d3d37d4cfa473
series_win7_int64_p0,2,124,1,6.05331228776287,0.09910988324005832,0.5434788946961027,1660.2939629328582,2.9795643730068377e-10,1e-05,1,cost,2.979561597449276e-10,5.952846842265256,0.09836865423370328,0.5577515603854013,0.016876873899107955,0.007535215482302248,0.02558964726057665,0abb005820767e071f39c4fa6f3d16ecda277c8d4716e808fd6d3d37d4cfa473
series_win7_int64_p0,2,125,1,4.422964604439383,0.050786373031916895,0.42656746115535393,1635.874935038963,1.4793292035797379e-08,1e-05,1,cost,1.4793370056720434e-08,4.439454984492341,0.050832701001735876,0.4134015859787176,0.0037145055216375416,0.0009113812350321264,0.03184766489336619,0abb005820767e071f39c4fa6f3d16ecda277c8d4716e808fd6d3d37d4cfa473
series_win7_int64_p0,2,126,1,6.062308451813611,0.08522453111579963,0.3897988277971772,1624.8708514986065,6.880297720446293e-11,1e-05,1,cost,7.040530658475319e-11,6.127274485029768,0.08537688278313814,0.3849646777429629,0.010602762023291567,0.0017844604109697258,0.012557385998520236,0abb005820767e071f39c4fa6f3d16ecda277c8d4716e808fd6d3d37d4cfa473
series_win7_int64_p0,2,127,1,3.3995744502407472,0.054288650097557935,0.3748356116088335,1656.4436635542352,3.2231237956370506e-09,1e-05,1,cost,3.22311791145502e-09,3.436516165974801,0.05361325698768471,0.3671292771614686,0.010749757588751234,0.012597501957927436,0.02099079241772252,0abb005820767e071f39c4fa6f3d16ecda277c8d4716e808fd6d3d37d4cfa473
series_win7_int64_p0,3,0,1,7.670971519817139,0.11462716348706002,0.437474319158724,1510.4008784543093,2.0198342998156704e-11,1e-05,1,cost,2.02153849215847e-11,7.66193324607077,0.12488383317490416,0.43349673090252455,0.0011796335802069353,0.08212968345934189,0.009175589970236295,b7eb521442b479c37e7acefb5f86cc5a26211bc7dd1386b79f3fc0c78aa30812
series_win7_int64_p0,3,1,1,7.247538138312613,0.11680030621476811,0.5300108008030391,1434.7748479081922,3.562544703683557e-11,1e-05,1,cost,3.5626612771011423e-11,7.107985503602176,0.11549221983094739,0.5423598261986978,0.019633218812800744,0.011326186177176666,0.02276906363476593,b7eb521442b479c37e7acefb5f86cc5a26211bc7dd1386b79f3fc0c78aa30812
series_win7_int64_p0,3,2,0,2.469133227452658,0.035122903264525766,0.41579742627315686,1653.7169211267337,0.0005831758695362121,1e-05,0,cost,0.0005821606983725525,2.4331970156836236,0.034169598356260614,0.43532943072441654,0.01476913358737527,0.02789921316387046,0.0448671812028816,b7eb521442b479c37e7acefb5f86cc5a26211bc7dd1386b79f3fc0c78aa30812
series_win7_int64_p0,3,3,1,3.7204561571874777,0.049758649635631716,0.31646452017578763,1499.6528706562265,1.416682731389396e-06,1e-05,1,cost,1.4166827290440498e-06,3.7467846984055893,0.05336747045507642,0.309522998672487,0.007026969345026802,0.06762210741246454,0.022426512837728105,b7eb521442b479c37e7acefb5f86cc5a26211bc7dd1386b79f3fc0c78aa30812
series_win7_int64_p0,3,4,1,2.4365568224878693,0.047422717656703854,0.4151658060389978,1552.8887013893184,1.6054518223465597e-05,1e-05,0,cost,1.6054518209684954e-05,2.5205070814098667,0.03852175628215398,0.4129453129711349,0.03330689270471682,0.23106322851311523,0.005377208550658827,b7eb521442b479c37e7acefb5f86cc5a26211bc7dd1386b79f3fc0c78aa30812
series_win7_int64_p0,3,5,1,4.069826141076841,0.048442731575743504,0.3335837580804952,1618.4247633527111,8.865023372883751e-07,1e-05,1,cost,8.865023107956782e-07,4.099439817456933,0.050781524716599497,0.3158350441039742,0.007223834889339227,0.046055985004551984,0.056196151465313635,b7eb521442b479c37e7acefb5f86cc5a26211bc7dd1386b79f3fc0c78aa30812
series_win7_int64_p0,3,6,1,3.6682468704737183,0.045989305848944055,0.2595472303701448,1591.1435556099682,4.4620191139155274e-08,1e-05,1,cost,4.46201771087118e-08,3.6780588679031005,0.04318808870759348,0.25698606285261066,0.002667710817520475,0.06486087310592312,0.009966172830948677,b7eb521442b479c37e7acefb5f86cc5a26211bc7dd1386b79f3fc0c78aa30812
series_win7_int64_p0,3,7,0,2.3562052451385775,0.034818207413835324,0.5669059954183898,1574.386581142543,0.0007320884452048371,1e-05,0,cost,0.0007330461116510367,2.2748718879631347,0.03589734399470002,0.5904684822246389,0.03575293958565148,0.030061738858006445,0.0399047324549406,b7eb521442b479c37e7acefb5f86cc5a26211bc7dd1386b79f3fc0c78aa30812
series_win7_int64_p0,3,8,0,3.7506415584613872,0.0512347768449207,0.31573212927240357,1576.3510869924241,2.2750903104773457e-06,1e-05,1,cost,2.2750252013648e-06,3.7427791582228913,0.052888921934059634,0.3046354389473463,0.0021006850541053783,0.031275832984481604,0.03642613073318515,b7eb521442b479c37e7acefb5f86cc5a26211bc7dd1386b79f3fc0c78aa30812
series_win7_int64_p0,3,9,0,4.48137484100765,0.058783141417156105,0.4766413525331187,1541.80928744744,7.426710635360934e-10,1e-05,1,cost,7.427423398542743e-10,4.364955469123513,0.057929897248945726,0.4851151432907607,0.026671376766076022,0.014728908710879986,0.017467586561327263,b7eb521442b479c37e7acefb5f86cc5a26211bc7dd1386b79f3fc0c78aa30812
series_win7_int64_p0,3,10,0,2.971917613431117,0.04976577626292961,0.40545047275838825,1593.2551398660667,2.4996960013623504e-05,1e-05,0,cost,2.4993235270040493e-05,2.929401115705847,0.046731200462293905,0.42512215510687656,0.014513716642394814,0.06493682530334786,0.0462730114443055,b7eb521442b479c37e7acefb5f86cc5a26211bc7dd1386b79f3fc0c78aa30812
series_win7_int64_p0,3,11,1,2.138497889009004,0.038056704223650276,0.4460754733878384,1488.4346006785338,8.197295539580374e-08,1e-05,1,cost,8.197294909528807e-08,2.1409405384403595,0.03492888069643343,0.4318337315367098,0.0011409235275329354,0.08954834695107276,0.03297968827133623,b7eb521442b479c37e7acefb5f86cc5a26211bc7dd1386b79f3fc0c78aa30812
series_win7_int64_p0,3,12,1,3.608083395483615,0.04867716641220955,0.26982472525215767,1601.83827009987,3.0560221270237165e-08,1e-05,1,cost,3.056022546132908e-08,3.475443148520294,0.045625172275191035,0.3009554993155038,0.03816498826050247,0.06689276960118039,0.10343979137829439,b7eb521442b479c37e7acefb5f86cc5a26211bc7dd1386b79f3fc0c78aa30812
series_win7_int64_p0,3,13,1,4.4877456347696905,0.06611539262551425,0.41443636558230845,1578.6326778074865,6.045644679320006e-09,1e-05,1,cost,6.045623918149445e-09,4.383492317785077,0.0620392302928347,0.4316979388115358,0.023783164067980273,0.0657029804115788,0.039985303790767306,b7eb521442b479c37e7acefb5f86cc5a26211bc7dd1386b79f3fc0c78aa30812
series_win7_int64_p0,3,14,1,4.490463364365257,0.08961830471015371,0.5910265651265147,1676.7028973407023,1.5983765006000183e-09,1e-05,1,cost,1.424660778237552e-09,4.535533312461739,0.08338125294791263,0.5857839200417314,0.009937077955672544,0.07480160757643331,0.008949793439891367,b7eb521442b479c37e7acefb5f86cc5a26211bc7dd1386b79f3fc0c78aa30812
series_win7_int64_p0,3,15,1,7.526735934309869,0.10912789009948834,0.5484114977386472,1512.568499624948,6.986802802977365e-11,1e-05,1,cost,6.986691780674903e-11,7.585962161890749,0.1114323971417409,0.54394349399187,0.007807345504359649,0.02068076341677591,0.008214095390658205,b7eb521442b479c37e7acefb5f86cc5a26211bc7dd1386b79f3fc0c78aa30812
series_win7_int64_p0,3,16,1,6.052235171728248,0.09055187487558325,0.49657366903420586,1425.224344696904,5.88766257969553e-11,1e-05,1,cost,5.889327914232467e-11,5.998593002273881,0.09471812069613306,0.4953306142413841,0.008942458578875557,0.04398573145169991,0.0025095456591665653,b7eb521442b479c37e7acefb5f86cc5a26211bc7dd1386b79f3fc0c78aa30812
series_win7_int64_p0,3,17,1,5.409694804453586,0.093826391358622,0.569239660802488,1548.3632108412603,3.7949671183312716e-10,1e-05,1,cost,3.799249803648763e-10,5.398943265384813,0.09075599991377564,0.57682677328866,0.0019914154567444325,0.03383127779720834,0.01315319058946533,b7eb521442b479c37e7acefb5f86cc5a26211bc7dd1386b79f3fc0c78aa30812
series_win7_int64_p0,3,18,1,3.7332045170851536,0.0581209530584253,0.485092219880698,1565.0676701766092,1.6632030343521897e-06,1e-05,1,cost,1.6632030502006234e-06,3.6592076967429334,0.0606610821392251,0.49343191961710314,0.02022208807881684,0.04187411419680697,0.016901419233025374,b7eb521442b479c37e7acefb5f86cc5a26211bc7dd1386b79f3fc0c78aa30812
series_win7_int64_p0,3,19,0,2.2569128861985575,0.036563347800105526,0.37227763689999105,1623.623513405801,2.9668687872158594e-06,1e-05,1,cost,2.958973414374233e-06,2.1590212139213847,0.03237531783345167,0.4086344011008533,0.04534076443805487,0.12935872902308906,0.08897137417436668,b7eb521442b479c37e7acefb5f86cc5a26211bc7dd1386b79f3fc0c78aa30812
series_win7_int64_p0,3,20,1,3.7929256755239313,0.06055948031596281,0.188406962470642,1700.602472878308,2.623831804632326e-06,1e-05,1,cost,2.6238318062282717e-06,3.6644685576993385,0.06136582590169716,0.209893140687058,0.035054774192207004,0.013139977730048758,0.10236722432226118,b7eb521442b479c37e7acefb5f86cc5a26211bc7dd1386b79f3fc0c78aa30812
series_win7_int64_p0,3,21,1,3.7208366225365004,0.04726418487418968,0.2308607598975492,1640.8475659003248,4.5066982100328e-07,1e-05,1,cost,4.5066981915753423e-07,3.675221613216589,0.046683339239795896,0.25811531087967005,0.012411498984407788,0.012442246931184255,0.10559060169362273,b7eb521442b479c37e7acefb5f86cc5a26211bc7dd1386b79f3fc0c78aa30812
series_win7_int64_p0,3,22,1,4.362043761249333,0.07208772722500895,0.5877870348543922,1558.967127504391,3.4153699035588403e-09,1e-05,1,cost,3.4154120642782004e-09,4.421338129135401,0.06852576236123241,0.5722617444775282,0.013410955270607835,0.05197993777872472,0.027129701621132325,b7eb521442b479c37e7acefb5f86cc5a26211bc7dd1386b79f3fc0c78aa30812
series_win7_int64_p0,3,23,1,7.657805303745413,0.12113948211279091,0.5088705558693026,1622.014266513337,5.3704651836739004e-11,1e-05,1,cost,5.371739164594658e-11,7.73023253893694,0.1192343056297217,0.5000887863655867,0.009369347536017073,0.015978425613394086,0.017560420755557676,b7eb521442b479c37e7acefb5f86cc5a26211bc7dd1386b79f3fc0c78aa30812
series_win7_int64_p0,3,24,1,7.26113904054599,0.11431549391678329,0.2741843401813507,1635.134980254845,1.1123768572929293e-11,1e-05,1,cost,1.1128986621145032e-11,7.237675172340762,0.10202938142017527,0.29023368046485143,0.003241906778974545,0.12041739669097482,0.055297993870991796,b7eb521442b479c37e7acefb5f86cc5a26211bc7dd1386b79f3fc0c78aa30812
series_win7_int64_p0,3,25,1,4.550844895644231,0.06620779824846362,0.349068348599162,1562.7639564005362,5.163496852311766e-10,1e-05,1,cost,5.075487391481559e-10,4.533736892920887,0.06767662983472793,0.348564425746158,0.003773488212352488,0.021703675106921196,0.0014457093604010756,b7eb521442b479c37e7acefb5f86cc5a26211bc7dd1386b79f3fc0c78aa30812
series_win7_int64_p0,3,26,1,3.683334124499694,0.047313102824921266,0.36102840962993815,1690.008998736113,6.457652615893261e-06,1e-05,1,cost,6.4576526080939445e-06,3.708532750824764,0.04748422547072194,0.34752425592775865,0.006794769796617275,0.003603778815054786,0.03885816161559286,b7eb521442b479c37e7acefb5f86cc5a26211bc7dd1386b79f3fc0c78aa30812
series_win7_int64_p0,3,27,1,7.385375835729619,0.09973457217466355,0.39855938537802676,1649.405231605912,4.622189783698438e-12,1e-05,1,cost,4.618744622875148e-12,7.323464506618292,0.11019461782295727,0.3847915976505124,0.008453830704767804,0.09492338060556829,0.035779855411549225,b7eb521442b479c37e7acefb5f86cc5a26211bc7dd1386b79f3fc0c78aa30812
series_win7_int64_p0,3,28,1,4.049708757624017,0.07357691549451263,0.29246308323804276,1503.4718742063715,2.4241210705433502e-09,1e-05,1,cost,2.424120792987594e-09,3.9880361962916817,0.07454770539293268,0.29364715778878797,0.015464393575384773,0.01302239811813282,0.004032303801819453,b7eb521442b479c37e7acefb5f86cc5a26211bc7dd1386b79f3fc0c78aa30812
series_win7_int64_p0,3,29,1,7.460806514655721,0.10364849116198806,0.433993138631445,1514.5252785804091,3.269493009661062e-11,1e-05,1,cost,3.342884302703908e-11,7.373075375987463,0.1073387507375635,0.44332073075073086,0.011898852811674708,0.03437956516373013,0.021040279581535173,b7eb521442b479c37e7acefb5f86cc5a26211bc7dd1386b79f3fc0c78aa30812
series_win7_int64_p0,3,30,0,2.190764016910431,0.03091608499216132,0.3475252025416064,1666.3107813856418,0.00015457248693527548,1e-05,0,cost,0.0001660801602602624,2.2045877397946825,0.02777555113182486,0.3910682327649343,0.006270434437569229,0.11306828244131858,0.11134381822698702,b7eb521442b479c37e7acefb5f86cc5a26211bc7dd1386b79f3fc0c78aa30812
series_win7_int64_p0,3,31,1,5.211373563635955,0.0614067984347497,0.5099563095537929,1571.469801366605,2.9294783265854107e-10,1e-05,1,cost,2.862464709707524e-10,5.228111988158105,0.06187673100973518,0.5052479143177404,0.003201619353231771,0.007594657431265184,0.009318980054396565,b7eb521442b479c37e7acefb5f86cc5a26211bc7dd1386b79f3fc0c78aa30812
series_win7_int64_p0,3,32,1,4.964807181010546,0.07472133761697043,0.38213269670308225,1551.6625954318504,2.4687677180335044e-09,1e-05,1,cost,2.468772075658876e-09,4.93955266031659,0.07141604015131113,0.3916600173438961,0.005112714132363801,0.04628228418512531,0.024325486950199492,b7eb521442b479c37e7acefb5f86cc5a26211bc7dd1386b79f3fc0c78aa30812
series_win7_int64_p0,3,33,1,2.8455558233022744,0.04312733926781943,0.21098992838971592,1609.6856044313693,4.777977679276679e-05,1e-05,0,cost,4.777977680872625e-05,2.872998302525655,0.042058649405336386,0.21922585914201234,0.009551860576894883,0.025409514513498526,0.03756824484360336,b7eb521442b479c37e7acefb5f86cc5a26211bc7dd1386b79f3fc0c78aa30812
series_win7_int64_p0,3,34,1,2.1119493777868517,0.03596170391250603,0.29788422992672425,1634.4845762733562,2.88944891449483e-06,1e-05,1,cost,2.8894489202610507e-06,2.255131720202789,0.03253319788635471,0.27991482572253246,0.06349178681370411,0.1053848452933464,0.06419597160603453,b7eb521442b479c37e7acefb5f86cc5a26211bc7dd1386b79f3fc0c78aa30812
series_win7_int64_p0,3,35,1,4.028704494581582,0.07142018341528762,0.47573766023262964,1628.6510884551008,7.0003322028000525e-09,1e-05,1,cost,7.000320517702718e-09,3.971425361147362,0.06718063850997594,0.4947296269094528,0.014422815041315993,0.063106647976889,0.03838857760644918,b7eb521442b479c37e7acefb5f86cc5a26211bc7dd1386b79f3fc0c78aa30812
series_win7_int64_p0,3,36,1,2.4037213672428956,0.045277072141571215,0.3096643251055006,1650.2076283636713,3.46513225082945e-05,1e-05,0,cost,3.4651322497858406e-05,2.507316024312086,0.04027295060774383,0.2833794578627076,0.04131695249609106,0.12425515037542778,0.09275501986289922,b7eb521442b479c37e7acefb5f86cc5a26211bc7dd1386b79f3fc0c78aa30812
series_win7_int64_p0,3,37,0,2.7597679249871154,0.042104438675112786,0.24848955042241325,1583.8519256413674,0.00016126362768398295,1e-05,0,cost,0.00016264068715532431,2.7606918980411512,0.0431347658306865,0.2605392393613692,0.0003346889432650573,0.02388623505267128,0.046249037068243556,b7eb521442b479c37e7acefb5f86cc5a26211bc7dd1386b79f3fc0c78aa30812
series_win7_int64_p0,3,38,1,7.661220401909183,0.14705548475967545,0.23725213550788993,1581.1722051754537,3.296624084825339e-11,1e-05,1,cost,3.296632411498024e-11,7.722349518094632,0.1541944812188371,0.231102854340336,0.007915870169074097,0.04629865091623998,0.02660841721365379,b7eb521442b479c37e7acefb5f86cc5a26211bc7dd1386b79f3fc0c78aa30812
series_win7_int64_p0,3,39,1,5.66016360147682,0.07108187642939869,0.29173297124968994,1603.9789976796897,2.592746711771454e-10,1e-05,1,cost,2.5928392766161323e-10,5.509567699876662,0.06979918281220308,0.30562941494126494,0.027333524117242335,0.018376914535614686,0.0454682795968627,b7eb521442b479c37e7acefb5f86cc5a26211bc7dd1386b79f3fc0c78aa30812
series_win7_int64_p0,3,40,1,5.376338309005905,0.09926928995986482,0.3036438618807565,1690.8231560345891,2.359576006805142e-10,1e-05,1,cost,2.359524381434497e-10,5.445956081392742,0.10296424252062854,0.2940665168354542,0.012783388508163148,0.03588578394119146,0.03256863497540357,b7eb521442b479c37e7acefb5f86cc5a26211bc7dd1386b79f3fc0c78aa30812
series_win7_int64_p0,3,41,1,4.597595618563335,0.0636632284921527,0.4561711813722332,1615.417041891833,6.845159106205756e-09,1e-05,1,cost,6.845160882562595e-09,4.4531909644451115,0.0675965068134128,0.4706783803103183,0.032427231455190206,0.058187597357910244,0.030821893558230687,b7eb521442b479c37e7acefb5f86cc5a26211bc7dd1386b79f3fc0c78aa30812
series_win7_int64_p0,3,42,1,7.473124076390349,0.11960840863331265,0.23639806077737183,1612.5843884342532,6.8169636602277706e-12,1e-05,1,cost,6.828954068893722e-12,7.478484552592423,0.11540053832540341,0.24705852606476625,0.0007167864243587264,0.036463177459744596,0.04314955430681954,b7eb521442b479c37e7acefb5f86cc5a26211bc7dd1386b79f3fc0c78aa30812
series_win7_int64_p0,3,43,1,3.5117310183307913,0.06982290680537186,0.36011589932970295,1572.2161879062407,8.674327446334118e-07,1e-05,1,cost,8.67432739193319e-07,3.578326899148464,0.0658223595917612,0.351469067370809,0.018610899086251843,0.06077793683518126,0.024601971443965785,b7eb521442b479c37e7acefb5f86cc5a26211bc7dd1386b79f3fc0c78aa30812
series_win7_int64_p0,3,44,0,5.402001892977935,0.07229965861675093,0.5570522327668287,1621.6581206680826,7.743319041519925e-10,1e-05,1,cost,7.743469754295518e-10,5.38911647441996,0.07194797850978223,0.553572687461874,0.002391007620476885,0.004887977595102126,0.006285615934030869,b7eb521442b479c37e7acefb5f86cc5a26211bc7dd1386b79f3fc0c78aa30812
series_win7_int64_p0,3,45,1,2.617824995945617,0.029163153702775814,0.5206854495963742,1667.4307545524177,0.001111086396098998,1e-05,0,cost,0.0011110863959812173,2.435977010148009,0.030401536746959706,0.5537136735337367,0.07465094499662739,0.0407342251969462,0.05964856118972136,b7eb521442b479c37e7acefb5f86cc5a26211bc7dd1386b79f3fc0c78aa30812
series_win7_int64_p0,3,46,1,5.248993640329554,0.07922036728203065,0.48422752416861403,1525.449728108185,1.603755184209632e-10,1e-05,1,cost,1.6037293715243095e-10,5.24745352459786,0.07518006364244334,0.4926213246166442,0.00029349773646864414,0.05374168953624471,0.017039052165600414,b7eb521442b479c37e7acefb5f86cc5a26211bc7dd1386b79f3fc0c78aa30812
series_win7_int64_p0,3,47,1,6.255828596883356,0.11106410328082697,0.2531824160104113,1616.6314653488632,1.6557138993178455e-10,1e-05,1,cost,1.6557144544293578e-10,6.235435168539178,0.10931944820270544,0.255586898839165,0.0032705701836293734,0.01595923787400125,0.009407692020500643,b7eb521442b479c37e7acefb5f86cc5a26211bc7dd1386b79f3fc0c78aa30812
series_win7_int64_p0,3,48,1,2.4423847864074006,0.0374025984029914,0.31551385763984874,1581.9024873072342,0.0007418041870736469,1e-05,0,cost,0.0007418041800583974,2.3616227262577034,0.039702016097373095,0.34673504295579477,0.03419769773204848,0.05791689995646942,0.09004335140110548,b7eb521442b479c37e7acefb5f86cc5a26211bc7dd1386b79f3fc0c78aa30812
series_win7_int64_p0,3,49,1,3.444590026429874,0.05952369704494481,0.39449317321729166,1591.0778434894648,4.713879208667615e-06,1e-05,1,cost,4.713879192499992e-06,3.4912425921675503,0.06091226748328085,0.3878479994152928,0.013362739628102374,0.022796236221499608,0.01713344870159679,b7eb521442b479c37e7acefb5f86cc5a26211bc7dd1386b79f3fc0c78aa30812
series_win7_int64_p0,3,50,1,7.788257930177494,0.09678800748941846,0.4830579669273326,1589.7616822301811,2.8693825093739633e-11,1e-05,1,cost,2.8692992426471164e-11,7.59743837053228,0.09387293013391272,0.5005074887871079,0.02511630240862949,0.031053439488330527,0.03486365788863856,b7eb521442b479c37e7acefb5f86cc5a26211bc7dd1386b79f3fc0c78aa30812
series_win7_int64_p0,3,51,1,6.992106787433373,0.10273584934985067,0.5077670096190409,1629.9283199059837,2.7137903035878708e-11,1e-05,1,cost,2.7133933988565673e-11,6.979097570643039,0.1051494637514872,0.5115988098844231,0.0018640256363597104,0.02295412944131539,0.007489853751317105,b7eb521442b479c37e7acefb5f86cc5a26211bc7dd1386b79f3fc0c78aa30812
series_win7_int64_p0,3,52,0,5.408206347761809,0.09511380252466467,0.3376270314504181,1627.7855149544137,3.3213279349020297e-10,1e-05,1,cost,3.3217062433976707e-10,5.509235420487406,0.09835789453803442,0.32164448690800906,0.018338129525178028,0.03298252802793864,0.049690093233216485,b7eb521442b479c37e7acefb5f86cc5a26211bc7dd1386b79f3fc0c78aa30812
series_win7_int64_p0,3,53,1,4.5137858521389145,0.06422588127032694,0.4147986931617688,1640.2924645143187,3.948931531772004e-08,1e-05,1,cost,3.948931531772004e-08,4.71383468287713,0.06165066926811518,0.3979664257371076,0.0424386607075737,0.041771030757384184,0.04229569716461565,b7eb521442b479c37e7acefb5f86cc5a26211bc7dd1386b79f3fc0c78aa30812
series_win7_int64_p0,3,54,1,2.434264193355947,0.03191626702257957,0.4553696869073127,1612.4448566480792,0.0008532751859881282,1e-05,0,cost,0.000853275197403025,2.359210129402468,0.035993349575428414,0.47003555581010487,0.03181321706705648,0.11327321855124449,0.031201615966084874,b7eb521442b479c37e7acefb5f86cc5a26211bc7dd1386b79f3fc0c78aa30812
series_win7_int64_p0,3,55,1,2.747823769866669,0.04103234169795586,0.3547261646166409,1595.672016571167,2.5778607984777713e-06,1e-05,1,cost,2.5778608095106126e-06,2.855986092254814,0.04331671577790046,0.33573590634691164,0.037872146044923664,0.052736548441422976,0.056563083991698175,b7eb521442b479c37e7acefb5f86cc5a26211bc7dd1386b79f3fc0c78aa30812
series_win7_int64_p0,3,56,1,7.835741299843195,0.13538767599039286,0.5680680356701923,1575.5114274504942,6.112205186425967e-11,1e-05,1,cost,6.1088523128916e-11,7.933316968748333,0.12499547659704575,0.5644347047626578,0.012299479434581614,0.08314060377439872,0.006437114650953792,b7eb521442b479c37e7acefb5f86cc5a26211bc7dd1386b79f3fc0c78aa30812
series_win7_int64_p0,3,57,1,4.912444991047495,0.06779617863055579,0.22299175795114082,1681.0342665362343,1.5347246529184844e-09,1e-05,1,cost,1.5347318832459322e-09,5.016845945286321,0.06632867624033945,0.21687067677481286,0.020810077761490325,0.022124704930020035,0.02822456805759758,b7eb521442b479c37e7acefb5f86cc5a26211bc7dd1386b79f3fc0c78aa30812
series_win7_int64_p0,3,58,0,2.0915896522889295,0.031993820843391696,0.433894437484047,1661.7966326467035,0.010854330170765494,1e-05,0,cost,0.010948800830306388,2.115273202214496,0.03613373197897098,0.4359017318188455,0.011196449659917236,0.1145719223795821,0.0046049239731690665,b7eb521442b479c37e7acefb5f86cc5a26211bc7dd1386b79f3fc0c78aa30812
series_win7_int64_p0,3,59,1,7.903208377270769,0.1047758792163923,0.5164622005411746,1621.2160663924806,1.1782130826532011e-11,1e-05,1,cost,1.1777523400979817e-11,7.89161531566454,0.0983212592498911,0.5238636652478534,0.0014690353169163237,0.06564826382152283,0.014128608639381339,b7eb521442b479c37e7acefb5f86cc5a26211bc7dd1386b79f3fc0c78aa30812
series_win7_int64_p0,3,60,1,6.451879800852258,0.09570576101620758,0.5995821177211796,1641.3462466392793,2.831160306193681e-10,1e-05,1,cost,2.831152257076752e-10,6.603773514207141,0.10598162292546066,0.5838829777343715,0.023001048268554918,0.09695890311549898,0.026887476747010502,b7eb521442b479c37e7acefb5f86cc5a26211bc7dd1386b79f3fc0c78aa30812
series_win7_int64_p0,3,61,1,3.8940036197694297,0.05442488788356541,0.44864886104749213,1678.1573696831551,3.253864513663718e-07,1e-05,1,cost,3.253864530317063e-07,3.918395316136757,0.053134138132709625,0.4339665732710274,0.006224919743773016,0.024292287335723178,0.03383276197011408,b7eb521442b479c37e7acefb5f86cc5a26211bc7dd1386b79f3fc0c78aa30812
series_win7_int64_p0,3,62,1,2.0193229374433095,0.04038069382564056,0.42239971311081187,1588.7810523613136,5.09117571149964e-07,1e-05,1,cost,5.091175822105609e-07,2.078511023959135,0.04006140014157583,0.41301836929591507,0.02847619561963367,0.007970107957693743,0.022714107924278196,b7eb521442b479c37e7acefb5f86cc5a26211bc7dd1386b79f3fc0c78aa30812
series_win7_int64_p0,3,63,0,2.593834651550141,0.04875977962275836,0.40221270482349347,1550.5569980342448,3.5276681673024335e-08,1e-05,1,cost,3.57585539234595e-08,2.6137550277916004,0.04752445333866216,0.40444406575653136,0.007621363145990875,0.025993487506172648,0.005517106373817158,b7eb521442b479c37e7acefb5f86cc5a26211bc7dd1386b79f3fc0c78aa30812
series_win7_int64_p0,3,64,1,5.970786725337598,0.08396035944650711,0.2435253757993109,1634.2885906658078,2.373038987535381e-10,1e-05,1,cost,2.373141960720915e-10,5.860368252397157,0.0860479582779752,0.24783542849983065,0.0188415587869031,0.024260875833034608,0.017390785194065502,b7eb521442b479c37e7acefb5f86cc5a26211bc7dd1386b79f3fc0c78aa30812
series_win7_int64_p0,3,65,1,4.414336631807185,0.06294442789158453,0.3590042603842607,1583.738236296369,8.55216556461258e-08,1e-05,1,cost,8.552164024178133e-08,4.30400773568873,0.06013904754071456,0.3849879814744761,0.025633991129618654,0.04664823381133042,0.06749229155336131,b7eb521442b479c37e7acefb5f86cc5a26211bc7dd1386b79f3fc0c78aa30812
series_win7_int64_p0,3,66,1,4.28600015564843,0.0673462989472811,0.5317149893146484,1553.544368889573,1.9519361960096404e-09,1e-05,1,cost,1.979351904601856e-09,4.318348807741663,0.0696148764751192,0.5222439031398431,0.0074909771149659875,0.03258753936953267,0.01813536954258936,b7eb521442b479c37e7acefb5f86cc5a26211bc7dd1386b79f3fc0c78aa30812
series_win7_int64_p0,3,67,1,3.9076102045834418,0.054021422548812606,0.34888459629165935,1596.98883439295,2.0615263413015228e-07,1e-05,1,cost,2.0615260282186298e-07,3.960109834459873,0.05446496730124102,0.34712685755406425,0.013257114593032901,0.008143670590587297,0.005063678304757334,b7eb521442b479c37e7acefb5f86cc5a26211bc7dd1386b79f3fc0c78aa30812
series_win7_int64_p0,3,68,1,4.205990391866702,0.06299586397984108,0.3024878632015792,1704.3086081692754,2.794664222260934e-09,1e-05,1,cost,2.794670661554477e-09,4.125198537854926,0.06517888389637731,0.30870120331280154,0.01958496137104392,0.03349274774337711,0.020127359545555293,b7eb521442b479c37e7acefb5f86cc5a26211bc7dd1386b79f3fc0c78aa30812
series_win7_int64_p0,3,69,1,3.8392368633358553,0.0690252615763447,0.5196310574082679,1619.8772301337385,8.845986734784539e-09,1e-05,1,cost,8.845991064654335e-09,3.98556651662461,0.06486902888517804,0.5008875673607459,0.03671489427622999,0.06407114092186328,0.03742055357110241,b7eb521442b479c37e7acefb5f86cc5a26211bc7dd1386b79f3fc0c78aa30812
series_win7_int64_p0,3,70,1,7.848551293588422,0.09960135663266316,0.4749851656135125,1596.8758086139953,1.561570317498706e-11,1e-05,1,cost,1.5621587357017575e-11,7.891559196280233,0.09356397053860316,0.48752392280374107,0.005449861253284843,0.06452682650496391,0.025719265463155953,b7eb521442b479c37e7acefb5f86cc5a26211bc7dd1386b79f3fc0c78aa30812
series_win7_int64_p0,3,71,1,6.721341488261411,0.11124833563789023,0.5007751983463709,1535.5778636300909,5.3088256013467117e-11,1e-05,1,cost,5.309064299297006e-11,6.916515443621282,0.10275469519295186,0.49651413371788505,0.028218538214914244,0.08265939020099365,0.008581960389685301,b7eb521442b479c37e7acefb5f86cc5a26211bc7dd1386b79f3fc0c78aa30812
series_win7_int64_p0,3,72,1,5.906361543446319,0.11056839075163387,0.388326702250534,1581.5839929943825,4.9346832176055955e-11,1e-05,1,cost,4.939182396412889e-11,5.806770596147759,0.10944570523234433,0.395861478749134,0.01715083205880887,0.010257922107643879,0.019033871450207376,b7eb521442b479c37e7acefb5f86cc5a26211bc7dd1386b79f3fc0c78aa30812
series_win7_int64_p0,3,73,1,5.654462496669883,0.09552873353487668,0.22235024922160143,1679.2240414571347,5.924164492299155e-10,1e-05,1,cost,5.924109813815193e-10,5.499298916315833,0.09796057576842863,0.23441611969975687,0.02821515664363985,0.024824703351077167,0.051472016914235925,b7eb521442b479c37e7acefb5f86cc5a26211bc7dd1386b79f3fc0c78aa30812
series_win7_int64_p0,3,74,1,6.795022932359467,0.11757034975276781,0.26845164691429335,1605.762455712079,7.273623370274152e-11,1e-05,1,cost,7.274406077506512e-11,6.778536214374777,0.11849103027356377,0.26247121425960335,0.0024321944241778443,0.007770044016583808,0.02278509920244022,b7eb521442b479c37e7acefb5f86cc5a26211bc7dd1386b79f3fc0c78aa30812
series_win7_int64_p0,3,75,1,3.8505202230422797,0.07023672582306152,0.3397322418025929,1580.221324538394,9.212717672069104e-10,1e-05,1,cost,9.212647728018553e-10,3.8274040190471252,0.0693656600294252,0.3599723718133179,0.006039656090686109,0.01255759396316301,0.056226898494369876,b7eb521442b479c37e7acefb5f86cc5a26211bc7dd1386b79f3fc0c78aa30812
series_win7_int64_p0,3,76,1,5.53594570906016,0.11099917265629615,0.1900748351866962,1606.687934519313,7.110426136769377e-10,1e-05,1,cost,7.110440847224453e-10,5.517071424189092,0.10416267828701709,0.20492231292761673,0.0034210695167575488,0.06563285892516427,0.07245417801898901,b7eb521442b479c37e7acefb5f86cc5a26211bc7dd1386b79f3fc0c78aa30812
series_win7_int64_p0,3,77,1,3.891290846652119,0.050675205410264816,0.25008827506051884,1618.4705103495796,3.689154488839552e-08,1e-05,1,cost,3.689154458308419e-08,3.983292316771837,0.050699406944366594,0.23196580657460686,0.023096841206541922,0.00047735339642798904,0.078125602878816,b7eb521442b479c37e7acefb5f86cc5a26211bc7dd1386b79f3fc0c78aa30812
series_win7_int64_p0,3,78,1,6.4242581392015286,0.08419054173449061,0.5853044899195381,1610.2233427108122,1.973084473583242e-10,1e-05,1,cost,1.5638335071344045e-10,6.3229683487339265,0.08029791300093413,0.5974137776629855,0.016019341689079255,0.0484773338195129,0.02026951536139255,b7eb521442b479c37e7acefb5f86cc5a26211bc7dd1386b79f3fc0c78aa30812
series_win7_int64_p0,3,79,1,5.929304402153886,0.07902629315003827,0.3333257556683793,1557.750209223209,8.414152794650187e-11,1e-05,1,cost,8.414219364663578e-11,5.919829092989421,0.07743150161903066,0.33786641829695924,0.0016006051890394735,0.020596159155664012,0.013439224446950029,b7eb521442b479c37e7acefb5f86cc5a26211bc7dd1386b79f3fc0c78aa30812
series_win7_int64_p0,3,80,1,4.220499440519482,0.05499943211755701,0.2531497260376712,1575.76536230786,1.1293915656018783e-06,1e-05,1,cost,1.1293915395116372e-06,4.120329247243738,0.06080036003598005,0.26234637432696306,0.024311210892370153,0.09540943367753427,0.035055366451643935,b7eb521442b479c37e7acefb5f86cc5a26211bc7dd1386b79f3fc0c78aa30812
series_win7_int64_p0,3,81,0,4.222726189473956,0.07216684409387819,0.5006357996865192,1561.9046282001043,2.1869145383490718e-09,1e-05,1,cost,2.1868925559331842e-09,4.2987771643799375,0.07661895058315665,0.4781109708063665,0.017691304293729528,0.05810711913166272,0.04711213558258875,b7eb521442b479c37e7acefb5f86cc5a26211bc7dd1386b79f3fc0c78aa30812
series_win7_int64_p0,3,82,1,7.403967969651576,0.132719081550203,0.23914246938077952,1612.8011984553673,4.168301814821973e-11,1e-05,1,cost,4.169126155417757e-11,7.297137205367871,0.1326341961491499,0.24484334366313157,0.014640092583858526,0.0006399963472290266,0.02328376257675854,b7eb521442b479c37e7acefb5f86cc5a26211bc7dd1386b79f3fc0c78aa30812
series_win7_int64_p0,3,83,1,1.9973456534606497,0.027831387178408596,0.28158730925428477,1725.9927619729108,0.0002818130279922948,1e-05,0,cost,0.0002818130278196898,2.0048344718429023,0.025003378984462622,0.2825060099314001,0.003735379896659813,0.11310504055085233,0.003251968612414451,b7eb521442b479c37e7acefb5f86cc5a26211bc7dd1386b79f3fc0c78aa30812
series_win7_int64_p0,3,84,0,2.277433404003671,0.03588857475482768,0.3377724135505049,1566.1868603345429,4.9466823328458975e-05,1e-05,0,cost,4.8983148102130225e-05,2.18459219795674,0.034195329948470965,0.34678401588261654,0.04249818622155907,0.04951684364234149,0.02598621020399618,b7eb521442b479c37e7acefb5f86cc5a26211bc7dd1386b79f3fc0c78aa30812
series_win7_int64_p0,3,85,1,6.741877768804051,0.08248610226324579,0.5455734140460138,1598.7466184228504,5.1487480945411335e-11,1e-05,1,cost,6.12748185524481e-11,6.758238014203197,0.08053032273380695,0.5372921318982486,0.002420785619678258,0.024286249738544766,0.015412997243245371,b7eb521442b479c37e7acefb5f86cc5a26211bc7dd1386b79f3fc0c78aa30812
series_win7_int64_p0,3,86,1,5.014615040156873,0.06551644456193119,0.49785121851066505,1595.7439597891134,5.135085690000096e-10,1e-05,1,cost,5.135085690000096e-10,4.977864183715684,0.06792156164271182,0.49410833496124434,0.007382856398817459,0.035410214703723714,0.0075750261321017405,b7eb521442b479c37e7acefb5f86cc5a26211bc7dd1386b79f3fc0c78aa30812
series_win7_int64_p0,3,87,1,1.9356680845674035,0.033068582539723744,0.42508531898386503,1693.8198373622029,4.573905014973456e-06,1e-05,1,cost,4.5739049048809655e-06,2.0436555763278843,0.03232738281035807,0.39542561525755704,0.052840357744878295,0.02292792255141013,0.07500703692903002,b7eb521442b479c37e7acefb5f86cc5a26211bc7dd1386b79f3fc0c78aa30812
series_win7_int64_p0,3,88,1,6.571579002114633,0.1151940322051343,0.42495090358531273,1568.7764364454363,4.9351911446393615e-11,1e-05,1,cost,4.934405661849439e-11,6.556237870739479,0.1096260246672722,0.42053822586084577,0.0023399290382097385,0.05079092811001453,0.010492928949405655,b7eb521442b479c37e7acefb5f86cc5a26211bc7dd1386b79f3fc0c78aa30812
series_win7_int64_p0,3,89,1,3.1990142534311676,0.04782747581765098,0.2201878842561239,1524.7462714214905,0.00013651235400449768,1e-05,0,cost,0.00013651235401807016,3.179887016316008,0.05040254349060129,0.2189759228820353,0.006015068150854959,0.05109003424461084,0.005534678690412469,b7eb521442b479c37e7acefb5f86cc5a26211bc7dd1386b79f3fc0c78aa30812
series_win7_int64_p0,3,90,1,6.996592751530852,0.09679616426188048,0.21042481895335383,1560.0933243002746,2.367670504099806e-10,1e-05,1,cost,2.3676255400673085e-10,7.024097145121941,0.09808284877634033,0.20929773514846606,0.003915719418856577,0.013118343630025371,0.005385074062498898,b7eb521442b479c37e7acefb5f86cc5a26211bc7dd1386b79f3fc0c78aa30812
series_win7_int64_p0,3,91,1,3.2382127049039937,0.0520405087329532,0.48192227489262074,1639.0611623071816,6.718578698106104e-07,1e-05,1,cost,6.718578653974738e-07,3.3089077635513595,0.051096641027234026,0.46596508857819763,0.02136507382469034,0.018472206523636243,0.03424545466080598,b7eb521442b479c37e7acefb5f86cc5a26211bc7dd1386b79f3fc0c78aa30812
series_win7_int64_p0,3,92,1,6.423997010647587,0.07648181909648796,0.5337186334803482,1617.423289276584,8.432959885951163e-11,1e-05,1,cost,8.445805166346076e-11,6.465762049666184,0.07194816726220786,0.537722915434959,0.006459414790984047,0.0630127494110818,0.007446738533305302,b7eb521442b479c37e7acefb5f86cc5a26211bc7dd1386b79f3fc0c78aa30812
series_win7_int64_p0,3,93,1,2.699105283174285,0.05218697824055664,0.18839263707841158,1564.8953779828469,1.0554586162558888e-06,1e-05,1,cost,1.0554586190869575e-06,2.689240135630288,0.04467020986058792,0.2093673522102363,0.003668377328335871,0.16827251099620835,0.1001814032149719,b7eb521442b479c37e7acefb5f86cc5a26211bc7dd1386b79f3fc0c78aa30812
series_win7_int64_p0,3,94,1,3.635003933979669,0.05996026793181923,0.3716981128851437,1654.1315034342226,1.7348192049571054e-09,1e-05,1,cost,1.7348115444182355e-09,3.603592833085251,0.059533884825332756,0.3707900263510714,0.008716606550558902,0.007162023908526141,0.0024490586842606226,b7eb521442b479c37e7acefb5f86cc5a26211bc7dd1386b79f3fc0c78aa30812
series_win7_int64_p0,3,95,1,4.156914544214386,0.06865937369620387,0.47321237667227045,1734.996863057404,1.225976986873878e-07,1e-05,1,cost,1.22597650864531e-07,4.205518776284162,0.07086674766082877,0.4755993518971609,0.011557250045788834,0.031148232951080112,0.005018878212026222,b7eb521442b479c37e7acefb5f86cc5a26211bc7dd1386b79f3fc0c78aa30812
series_win7_int64_p0,3,96,1,7.338866005462408,0.12090896524288222,0.22765624759197217,1623.7904382648564,8.451904540823785e-12,1e-05,1,cost,8.451017012925388e-12,7.300581750315821,0.11729542339653341,0.230879937588238,0.005244000609256973,0.030807185324978368,0.013962625033341355,b7eb521442b479c37e7acefb5f86cc5a26211bc7dd1386b79f3fc0c78aa30812
series_win7_int64_p0,3,97,1,5.571566193160985,0.10317005103424526,0.5362460767884046,1562.1219310122324,5.340624609218025e-10,1e-05,1,cost,5.340553832500206e-10,5.502566541404262,0.10732570423591183,0.5416916139421768,0.012539539728876095,0.03872001801667248,0.01005283636226543,b7eb521442b479c37e7acefb5f86cc5a26211bc7dd1386b79f3fc0c78aa30812
series_win7_int64_p0,3,98,1,5.015107391269026,0.06261849146525907,0.27346086714002976,1684.6902355771435,7.550264035944415e-10,1e-05,1,cost,7.55027931452143e-10,4.96076752074282,0.06496530279343189,0.2778631535794055,0.010953924024657516,0.03612407280906406,0.015843361678818942,b7eb521442b479c37e7acefb5f86cc5a26211bc7dd1386b79f3fc0c78aa30812
series_win7_int64_p0,3,99,1,5.8347737636488235,0.09216607230860784,0.5243018438142065,1633.9069002094236,3.016236010955353e-10,1e-05,1,cost,3.0160272890267237e-10,5.689548746736849,0.09080661170656715,0.5410919621310958,0.025524874357613404,0.014970942935671408,0.031030064188647746,b7eb521442b479c37e7acefb5f86cc5a26211bc7dd1386b79f3fc0c78aa30812
series_win7_int64_p0,3,100,1,4.4829715508630885,0.07529248182622175,0.5534609759181132,1588.3876996477584,1.5547199361254371e-09,1e-05,1,cost,1.5644115725077512e-09,4.509400713433751,0.07123051135205746,0.5552830397428754,0.005860903532464561,0.057025709868738166,0.003281324467619167,b7eb521442b479c37e7acefb5f86cc5a26211bc7dd1386b79f3fc0c78aa30812
series_win7_int64_p0,3,101,0,2.6669252696160126,0.04035609742764282,0.32947913695265063,1657.3972665087692,3.482570121247919e-05,1e-05,0,cost,3.570377298334898e-05,2.6431933362204036,0.0390608948833079,0.35003265876306755,0.00897850833323608,0.033158547652435005,0.05871886892796859,b7eb521442b479c37e7acefb5f86cc5a26211bc7dd1386b79f3fc0c78aa30812
series_win7_int64_p0,3,102,1,7.056283233920592,0.11263168239377704,0.4452574505730082,1719.7126105056627,5.190178842262583e-11,1e-05,1,cost,5.191619356637034e-11,7.094404883718467,0.1195485133432284,0.43894317154887624,0.005373480992798122,0.05785794198538358,0.014385185676430687,b7eb521442b479c37e7acefb5f86cc5a26211bc7dd1386b79f3fc0c78aa30812
series_win7_int64_p0,3,103,1,4.518234032605334,0.08180753727279079,0.2538036148492655,1632.2662823980406,2.5419626681344454e-09,1e-05,1,cost,2.541960239521579e-09,4.667109458702844,0.07298968460196487,0.2397068399921524,0.0318988503301329,0.12080957355703588,0.05880839636271795,b7eb521442b479c37e7acefb5f86cc5a26211bc7dd1386b79f3fc0c78aa30812
series_win7_int64_p0,3,104,1,8.026723948707163,0.11859541333480386,0.43480840140107696,1518.843978020276,1.8727575046284528e-11,1e-05,1,cost,1.8746337815400693e-11,7.923060203441778,0.1167498441691765,0.44173274679668617,0.013083801284300974,0.01580789403841122,0.01567541787613097,b7eb521442b479c37e7acefb5f86cc5a26211bc7dd1386b79f3fc0c78aa30812
series_win7_int64_p0,3,105,0,2.591685378463491,0.028862401244310717,0.5244854066419505,1550.5112857249126,0.0002692972244332584,1e-05,0,cost,0.0002652240319996821,2.6679620930701304,0.02861401843329752,0.5139779183114304,0.02858987944572518,0.008680458901366967,0.020443462561660988,b7eb521442b479c37e7acefb5f86cc5a26211bc7dd1386b79f3fc0c78aa30812
series_win7_int64_p0,3,106,1,2.0447111369143465,0.037690343543897956,0.5454244040625541,1631.5645325111882,9.199362473419348e-05,1e-05,0,cost,9.199363248178771e-05,2.0726381744995432,0.029752945992968224,0.5631850147739523,0.013474149964423962,0.2667768614511533,0.03153601435671521,b7eb521442b479c37e7acefb5f86cc5a26211bc7dd1386b79f3fc0c78aa30812
series_win7_int64_p0,3,107,1,7.611033408846994,0.11053593294397553,0.23036527458078462,1518.4174901391368,2.7424562620836923e-11,1e-05,1,cost,2.7404856162149827e-11,7.792544338949571,0.10792446978417775,0.21746806224387352,0.023292896672442175,0.024197136803359436,0.05930623652887421,b7eb521442b479c37e7acefb5f86cc5a26211bc7dd1386b79f3fc0c78aa30812
series_win7_int64_p0,3,108,1,7.490935655994668,0.13088478827855285,0.20628958876175998,1448.5245286296815,4.982864121316766e-11,1e-05,1,cost,4.982989021407036e-11,7.312819377415955,0.12910119319141405,0.22060188814428594,0.024356717893072317,0.013815481042799642,0.06487840835326357,b7eb521442b479c37e7acefb5f86cc5a26211bc7dd1386b79f3fc0c78aa30812
series_win7_int64_p0,3,109,1,2.790466590623994,0.040819061893120206,0.30244268400522945,1567.107672953136,5.3310759257324536e-05,1e-05,0,cost,5.331075925706086e-05,2.765834186081775,0.044318505882354364,0.2841061639041478,0.008905958522811817,0.07896123570870378,0.06454108509686567,b7eb521442b479c37e7acefb5f86cc5a26211bc7dd1386b79f3fc0c78aa30812
series_win7_int64_p0,3,110,1,6.8586325742742735,0.09632658422739751,0.41874162974265366,1574.7842419440844,5.004202607850061e-11,1e-05,1,cost,4.999314850984149e-11,6.766974318948115,0.09625628553592346,0.4256444363657461,0.01354493914207819,0.0007303283217574303,0.016217307295333782,b7eb521442b479c37e7acefb5f86cc5a26211bc7dd1386b79f3fc0c78aa30812
series_win7_int64_p0,3,111,1,6.481077143738505,0.09062925779535398,0.2324487601507678,1611.5373077358474,3.4438410456694157e-10,1e-05,1,cost,3.443884344367376e-10,6.468202162720069,0.09161355505511073,0.22843735995870046,0.001990503805314137,0.010744013363138702,0.017560175764562154,b7eb521442b479c37e7acefb5f86cc5a26211bc7dd1386b79f3fc0c78aa30812
series_win7_int64_p0,3,112,1,3.4278579249798184,0.055447791415815406,0.42588887593417185,1641.5540886516908,4.558593870745975e-06,1e-05,1,cost,4.55859387893387e-06,3.532123822320552,0.056959339160370194,0.4043686097457172,0.029519321118315844,0.026537311823421863,0.05321942818951114,b7eb521442b479c37e7acefb5f86cc5a26211bc7dd1386b79f3fc0c78aa30812
series_win7_int64_p0,3,113,1,5.413206278942295,0.10937448814244645,0.33465046587059527,1565.5742901505218,1.790828041414727e-10,1e-05,1,cost,1.7908358129758994e-10,5.298736146451533,0.10148602641770942,0.3501443949160487,0.021603289789664425,0.07772953581085809,0.044250113011714186,b7eb521442b479c37e7acefb5f86cc5a26211bc7dd1386b79f3fc0c78aa30812
series_win7_int64_p0,3,114,1,2.323103461671899,0.03018125505639731,0.5131115522266915,1527.455596358404,0.0013511817935538267,1e-05,0,cost,0.0013511817627455125,2.31445655889359,0.02951513391625971,0.5184987408832046,0.003736040214313957,0.022568799519172754,0.010389974423730781,b7eb521442b479c37e7acefb5f86cc5a26211bc7dd1386b79f3fc0c78aa30812
series_win7_int64_p0,3,115,1,6.166885685965519,0.08967953811156079,0.5586840164455271,1582.5941431960669,2.439479729332561e-10,1e-05,1,cost,2.439648205676548e-10,6.058601727440957,0.09256306730545974,0.5678940176841119,0.017872763947185427,0.031152048844527283,0.016217816972510787,b7eb521442b479c37e7acefb5f86cc5a26211bc7dd1386b79f3fc0c78aa30812
series_win7_int64_p0,3,116,1,2.2354446600996356,0.031758153852171116,0.41283448903024045,1629.9552107910781,0.016114821798228762,1e-05,0,cost,0.016114821794434867,2.1936616653699543,0.04063309900284778,0.4248898245856302,0.01904714632583722,0.2184166447667372,0.028372850696404855,b7eb521442b479c37e7acefb5f86cc5a26211bc7dd1386b79f3fc0c78aa30812
series_win7_int64_p0,3,117,1,4.493076183865713,0.07979902732243399,0.22519698588120185,1627.150178795473,1.6451491835489662e-09,1e-05,1,cost,1.6451509182724422e-09,4.404988712572085,0.07642387246905477,0.2471344552601901,0.019997207039877615,0.044163619878669104,0.08876734470671789,b7eb521442b479c37e7acefb5f86cc5a26211bc7dd1386b79f3fc0c78aa30812
series_win7_int64_p0,3,118,1,6.32614552093184,0.09081739159210565,0.3023525187601818,1561.234629379713,6.542497099637501e-11,1e-05,1,cost,6.541783781344179e-11,6.201589553715154,0.08668714829120873,0.31902863608594023,0.020084522869152018,0.04764539360577614,0.05227153753453713,b7eb521442b479c37e7acefb5f86cc5a26211bc7dd1386b79f3fc0c78aa30812
series_win7_int64_p0,3,119,1,5.910607445110715,0.08702771009348344,0.3589912331240349,1630.4334979831224,6.238733032785937e-11,1e-05,1,cost,6.238397602317813e-11,6.0227346560183275,0.09007548667244841,0.35198870976691643,0.018617325403098607,0.03383580474061658,0.01989417036062176,b7eb521442b479c37e7acefb5f86cc5a26211bc7dd1386b79f3fc0c78aa30812
series_win7_int64_p0,3,120,1,5.198969655328203,0.0740579813724503,0.4015728975886922,1641.6492121274766,5.835017052868707e-10,1e-05,1,cost,5.834981803287675e-10,5.039796936447014,0.07071216342323781,0.4216405653581371,0.03158316116470431,0.047316017319206594,0.04759425306338739,b7eb521442b479c37e7acefb5f86cc5a26211bc7dd1386b79f3fc0c78aa30812
series_win7_int64_p0,3,121,1,4.176690982498203,0.07222125430553375,0.4347307854079605,1589.8012056152893,2.492803135856203e-07,1e-05,1,cost,2.492803135856203e-07,4.368234665615803,0.07198330664624761,0.4006095374431297,0.043849220058006566,0.0033055950104585213,0.08517332907900282,b7eb521442b479c37e7acefb5f86cc5a26211bc7dd1386b79f3fc0c78aa30812
series_win7_int64_p0,3,122,0,2.7159640283922344,0.03744389946683722,0.38405591901945857,1580.213091542564,7.523441697201982e-06,1e-05,1,cost,7.522980640481403e-06,2.6303477770796464,0.03953322325652485,0.3838528891139764,0.032549403565046355,0.052849821430707516,0.0005289263445451619,b7eb521442b479c37e7acefb5f86cc5a26211bc7dd1386b79f3fc0c78aa30812
series_win7_int64_p0,3,123,1,5.066709397441253,0.07207932276102276,0.4901816790353217,1590.9889763074673,2.9265409540180087e-10,1e-05,1,cost,2.9265195822247847e-10,4.952751793906503,0.06971508201016255,0.502630472997827,0.02300894700092872,0.033912902096501434,0.02476728855745109,b7eb521442b479c37e7acefb5f86cc5a26211bc7dd1386b79f3fc0c78aa30812
series_win7_int64_p0,3,124,1,6.0530225299824805,0.09909507943901023,0.5435278129877987,1660.2939315088058,2.9827088021683323e-10,1e-05,1,cost,2.9826735525873005e-10,5.952846842265256,0.09836865423370328,0.5577515603854013,0.016828198401809453,0.007384722409448857,0.025501941021508018,b7eb521442b479c37e7acefb5f86cc5a26211bc7dd1386b79f3fc0c78aa30812
series_win7_int64_p0,3,125,1,4.4229587852,0.05078631663754266,0.42656856677373156,1635.8749350049698,1.479306147023074e-08,1e-05,1,cost,1.4793064717633087e-08,4.439454984492341,0.050832701001735876,0.4134015859787176,0.00371581632204075,0.0009124906463583318,0.03185033933491438,b7eb521442b479c37e7acefb5f86cc5a26211bc7dd1386b79f3fc0c78aa30812
series_win7_int64_p0,3,126,1,6.0623058068156945,0.0852245749768581,0.3897991310812771,1624.8708514970392,7.279937763726707e-11,1e-05,1,cost,7.178420358133764e-11,6.127274485029768,0.08537688278313814,0.3849646777429629,0.010603193699385586,0.0017839466763726096,0.012558173821708762,b7eb521442b479c37e7acefb5f86cc5a26211bc7dd1386b79f3fc0c78aa30812
series_win7_int64_p0,3,127,1,3.399599852028441,0.0542909757637931,0.3748251747479426,1656.4436627232958,3.222075134479141e-09,1e-05,1,cost,3.2220759671464094e-09,3.436516165974801,0.05361325698768471,0.3671292771614686,0.01074236586222737,0.012640880524458152,0.020962364118645934,b7eb521442b479c37e7acefb5f86cc5a26211bc7dd1386b79f3fc0c78aa30812
